datetime,season,holiday,workingday,weather,temp,atemp,humidity,windspeed,casual,registered,count
2011-01-01 00:00:00,1,0,0,1,9.84,14.395,81,0.0,3,18,21
2011-01-01 01:00:00,1,0,0,1,9.02,13.635,80,0.0,8,24,32
2011-01-01 02:00:00,1,0,0,1,9.02,13.635,80,0.0,4,29,33
2011-01-01 03:00:00,1,0,0,1,9.84,14.395,75,0.0,1,13,14
2011-01-01 04:00:00,1,0,0,1,9.84,14.395,75,0.0,0,0,0
2011-01-01 05:00:00,1,0,0,2,9.84,12.88,75,6.0032,0,2,2
2011-01-01 06:00:00,1,0,0,1,9.02,13.635,80,0.0,2,-1,1
2011-01-01 07:00:00,1,0,0,1,8.2,12.88,86,0.0,2,-3,-1
2011-01-01 08:00:00,1,0,0,1,9.84,14.395,75,0.0,0,7,7
2011-01-01 09:00:00,1,0,0,1,13.12,17.425,76,0.0,7,3,10
2011-01-01 10:00:00,1,0,0,1,15.58,19.695,76,16.9979,13,24,37
2011-01-01 11:00:00,1,0,0,1,14.76,16.665,81,19.0012,26,28,54
2011-01-01 12:00:00,1,0,0,1,17.22,21.21,77,19.0012,30,54,84
2011-01-01 13:00:00,1,0,0,2,18.86,22.725,72,19.9995,46,45,91
2011-01-01 14:00:00,1,0,0,2,18.86,22.725,72,19.0012,33,75,108
2011-01-01 15:00:00,1,0,0,2,18.04,21.97,77,19.9995,41,70,111
2011-01-01 16:00:00,1,0,0,2,17.22,21.21,82,19.9995,41,46,87
2011-01-01 17:00:00,1,0,0,2,18.04,21.97,82,19.0012,16,55,71
2011-01-01 18:00:00,1,0,0,3,17.22,21.21,88,16.9979,9,26,35
2011-01-01 19:00:00,1,0,0,3,17.22,21.21,88,16.9979,6,28,34
2011-01-01 20:00:00,1,0,0,2,16.4,20.455,87,16.9979,11,20,31
2011-01-01 21:00:00,1,0,0,2,16.4,20.455,87,12.998,4,31,35
2011-01-01 22:00:00,1,0,0,2,16.4,20.455,94,15.0013,10,20,30
2011-01-01 23:00:00,1,0,0,2,18.86,22.725,88,19.9995,14,25,39
2011-01-02 00:00:00,1,0,0,2,18.86,22.725,88,19.9995,4,15,19
2011-01-02 01:00:00,1,0,0,2,18.04,21.97,94,16.9979,0,16,16
2011-01-02 02:00:00,1,0,0,2,17.22,21.21,100,19.0012,-1,10,9
2011-01-02 03:00:00,1,0,0,2,18.86,22.725,94,12.998,1,2,3
2011-01-02 04:00:00,1,0,0,2,18.86,22.725,94,12.998,1,3,4
2011-01-02 06:00:00,1,0,0,3,17.22,21.21,77,19.9995,2,0,2
2011-01-02 07:00:00,1,0,0,2,16.4,20.455,76,12.998,-2,0,-2
2011-01-02 08:00:00,1,0,0,3,16.4,20.455,71,15.0013,1,8,9
2011-01-02 09:00:00,1,0,0,2,15.58,19.695,76,15.0013,2,12,14
2011-01-02 10:00:00,1,0,0,2,14.76,17.425,81,15.0013,8,40,48
2011-01-02 11:00:00,1,0,0,2,14.76,16.665,71,16.9979,15,50,65
2011-01-02 12:00:00,1,0,0,2,14.76,16.665,66,19.9995,20,73,93
2011-01-02 13:00:00,1,0,0,2,14.76,17.425,66,8.9981,10,59,69
2011-01-02 14:00:00,1,0,0,3,14.76,17.425,76,12.998,5,57,62
2011-01-02 15:00:00,1,0,0,3,13.94,16.665,81,11.0014,19,55,74
2011-01-02 16:00:00,1,0,0,3,13.94,16.665,71,11.0014,8,69,77
2011-01-02 17:00:00,1,0,0,1,13.94,16.665,57,12.998,8,59,67
2011-01-02 18:00:00,1,0,0,2,14.76,16.665,46,22.0028,9,47,56
2011-01-02 19:00:00,1,0,0,1,13.12,14.395,42,30.0026,2,29,31
2011-01-02 20:00:00,1,0,0,1,12.3,13.635,39,23.9994,4,19,23
2011-01-02 21:00:00,1,0,0,1,10.66,11.365,44,22.0028,13,18,31
2011-01-02 22:00:00,1,0,0,1,9.84,10.605,44,19.9995,0,7,7
2011-01-02 23:00:00,1,0,0,1,9.02,11.365,47,11.0014,0,6,6
2011-01-03 00:00:00,1,0,1,1,9.02,9.85,44,23.9994,0,5,5
2011-01-03 01:00:00,1,0,1,1,8.2,8.335,44,27.9993,0,1,1
2011-01-03 04:00:00,1,0,1,1,6.56,6.82,47,26.0027,0,-1,-1
2011-01-03 05:00:00,1,0,1,1,6.56,6.82,47,19.0012,0,5,5
2011-01-03 06:00:00,1,0,1,1,5.74,5.305,50,26.0027,1,28,29
2011-01-03 07:00:00,1,0,1,1,5.74,6.82,50,12.998,0,62,62
2011-01-03 08:00:00,1,0,1,1,5.74,6.06,50,19.0012,1,152,153
2011-01-03 09:00:00,1,0,1,1,6.56,6.82,43,26.0027,6,78,84
2011-01-03 10:00:00,1,0,1,1,7.38,8.335,43,16.9979,7,32,39
2011-01-03 11:00:00,1,0,1,1,8.2,9.09,40,22.0028,9,44,53
2011-01-03 12:00:00,1,0,1,1,9.02,10.605,35,19.9995,12,45,57
2011-01-03 13:00:00,1,0,1,1,9.84,10.605,35,19.0012,6,52,58
2011-01-03 14:00:00,1,0,1,1,10.66,12.12,30,19.0012,11,70,81
2011-01-03 15:00:00,1,0,1,1,10.66,12.12,30,16.9979,13,56,69
2011-01-03 16:00:00,1,0,1,1,10.66,12.12,30,16.9979,8,59,67
2011-01-03 17:00:00,1,0,1,1,9.84,11.365,30,15.0013,10,143,153
2011-01-03 18:00:00,1,0,1,1,9.84,12.88,32,7.0015,10,147,157
2011-01-03 19:00:00,1,0,1,1,8.2,12.88,47,0.0,8,98,106
2011-01-03 20:00:00,1,0,1,1,8.2,11.365,47,7.0015,2,45,47
2011-01-03 21:00:00,1,0,1,1,7.38,9.85,64,8.9981,2,43,45
2011-01-03 22:00:00,1,0,1,1,5.74,7.575,69,8.9981,0,17,17
2011-01-03 23:00:00,1,0,1,1,7.38,10.605,55,7.0015,1,9,10
2011-01-04 00:00:00,1,0,1,1,6.56,9.09,55,7.0015,0,6,6
2011-01-04 01:00:00,1,0,1,1,6.56,9.09,59,7.0015,-1,1,0
2011-01-04 02:00:00,1,0,1,1,5.74,7.575,63,8.9981,0,2,2
2011-01-04 04:00:00,1,0,1,1,5.74,9.09,63,6.0032,0,3,3
2011-01-04 05:00:00,1,0,1,1,4.92,7.575,68,7.0015,1,5,6
2011-01-04 06:00:00,1,0,1,1,4.92,7.575,74,7.0015,0,34,34
2011-01-04 07:00:00,1,0,1,1,4.92,7.575,74,8.9981,3,90,93
2011-01-04 08:00:00,1,0,1,1,5.74,7.575,69,11.0014,3,176,179
2011-01-04 09:00:00,1,0,1,1,6.56,7.575,64,15.0013,1,99,100
2011-01-04 10:00:00,1,0,1,2,6.56,6.82,69,22.0028,7,31,38
2011-01-04 11:00:00,1,0,1,1,9.02,10.605,51,19.9995,6,48,54
2011-01-04 12:00:00,1,0,1,1,9.02,11.365,51,11.0014,12,55,67
2011-01-04 13:00:00,1,0,1,1,9.84,11.365,56,12.998,17,78,95
2011-01-04 14:00:00,1,0,1,1,10.66,12.88,52,15.0013,7,53,60
2011-01-04 15:00:00,1,0,1,1,11.48,13.635,52,16.9979,17,47,64
2011-01-04 16:00:00,1,0,1,1,12.3,14.395,49,16.9979,13,65,78
2011-01-04 17:00:00,1,0,1,1,11.48,13.635,48,15.0013,9,201,210
2011-01-04 18:00:00,1,0,1,1,10.66,12.88,48,12.998,3,178,181
2011-01-04 19:00:00,1,0,1,1,9.84,12.88,48,7.0015,2,106,108
2011-01-04 20:00:00,1,0,1,1,9.84,12.88,48,7.0015,0,54,54
2011-01-04 21:00:00,1,0,1,1,9.02,13.635,64,0.0,0,49,49
2011-01-04 22:00:00,1,0,1,1,9.02,12.88,64,6.0032,0,33,33
2011-01-04 23:00:00,1,0,1,1,8.2,11.365,69,6.0032,1,7,8
2011-01-05 00:00:00,1,0,1,1,8.2,12.88,64,0.0,0,12,12
2011-01-05 01:00:00,1,0,1,1,6.56,9.85,74,6.0032,0,-1,-1
2011-01-05 02:00:00,1,0,1,1,6.56,9.85,74,6.0032,1,4,5
2011-01-05 04:00:00,1,0,1,1,9.84,11.365,48,15.0013,-1,3,2
2011-01-05 05:00:00,1,0,1,1,9.02,11.365,47,11.0014,0,10,10
2011-01-05 06:00:00,1,0,1,1,8.2,9.85,47,15.0013,0,35,35
2011-01-05 07:00:00,1,0,1,1,7.38,9.09,43,12.998,1,87,88
2011-01-05 08:00:00,1,0,1,1,8.2,9.09,40,19.9995,4,189,193
2011-01-05 09:00:00,1,0,1,1,9.02,9.85,37,22.0028,7,109,116
2011-01-05 10:00:00,1,0,1,1,9.02,9.85,37,22.0028,4,53,57
2011-01-05 11:00:00,1,0,1,1,10.66,11.365,33,22.0028,11,28,39
2011-01-05 12:00:00,1,0,1,1,10.66,11.365,33,22.0028,6,73,79
2011-01-05 13:00:00,1,0,1,1,11.48,12.88,30,19.9995,5,71,76
2011-01-05 14:00:00,1,0,1,1,12.3,14.395,28,12.998,10,50,60
2011-01-05 15:00:00,1,0,1,1,12.3,14.395,28,12.998,7,53,60
2011-01-05 16:00:00,1,0,1,1,12.3,15.91,28,6.0032,3,85,88
2011-01-05 17:00:00,1,0,1,1,9.84,11.365,38,12.998,3,189,192
2011-01-05 18:00:00,1,0,1,1,9.84,12.12,38,8.9981,3,168,171
2011-01-05 19:00:00,1,0,1,1,9.84,12.88,38,7.0015,3,125,128
2011-01-05 20:00:00,1,0,1,1,9.02,11.365,47,11.0014,8,85,93
2011-01-05 21:00:00,1,0,1,1,8.2,9.85,51,12.998,2,39,41
2011-01-05 22:00:00,1,0,1,1,7.38,9.85,55,8.9981,2,39,41
2011-01-05 23:00:00,1,0,1,1,8.2,12.88,47,0.0,0,18,18
2011-01-06 00:00:00,1,0,1,1,7.38,12.12,55,0.0,0,10,10
2011-01-06 01:00:00,1,0,1,1,6.56,11.365,64,0.0,0,4,4
2011-01-06 02:00:00,1,0,1,1,6.56,11.365,64,0.0,0,1,1
2011-01-06 04:00:00,1,0,1,2,6.56,9.85,64,6.0032,0,1,1
2011-01-06 05:00:00,1,0,1,2,5.74,9.09,69,6.0032,-1,0,-1
2011-01-06 06:00:00,1,0,1,2,5.74,8.335,63,7.0015,1,35,36
2011-01-06 07:00:00,1,0,1,2,6.56,11.365,59,0.0,0,91,91
2011-01-06 08:00:00,1,0,1,1,6.56,11.365,59,0.0,3,213,216
2011-01-06 09:00:00,1,0,1,2,7.38,12.12,51,0.0,6,118,124
2011-01-06 10:00:00,1,0,1,1,8.2,12.88,47,0.0,2,34,36
2011-01-06 11:00:00,1,0,1,1,9.02,12.88,44,6.0032,0,57,57
2011-01-06 12:00:00,1,0,1,1,10.66,14.395,35,0.0,4,79,83
2011-01-06 13:00:00,1,0,1,1,10.66,13.635,35,7.0015,12,58,70
2011-01-06 14:00:00,1,0,1,1,11.48,13.635,36,11.0014,8,55,63
2011-01-06 15:00:00,1,0,1,1,11.48,13.635,36,0.0,8,52,60
2011-01-06 16:00:00,1,0,1,1,10.66,12.88,38,11.0014,11,74,85
2011-01-06 17:00:00,1,0,1,1,9.02,11.365,51,11.0014,8,165,173
2011-01-06 18:00:00,1,0,1,1,9.02,11.365,51,8.9981,4,153,157
2011-01-06 19:00:00,1,0,1,1,9.02,12.88,55,6.0032,3,103,106
2011-01-06 20:00:00,1,0,1,1,8.2,10.605,51,11.0014,2,62,64
2011-01-06 21:00:00,1,0,1,2,9.02,10.605,55,15.0013,0,53,53
2011-01-06 22:00:00,1,0,1,2,9.02,10.605,51,19.0012,1,53,54
2011-01-06 23:00:00,1,0,1,2,8.2,9.85,59,12.998,3,20,23
2011-01-07 00:00:00,1,0,1,2,8.2,9.85,64,12.998,3,16,19
2011-01-07 01:00:00,1,0,1,2,8.2,9.85,69,15.0013,0,9,9
2011-01-07 02:00:00,1,0,1,2,8.2,9.85,69,15.0013,-1,2,1
2011-01-07 04:00:00,1,0,1,2,8.2,10.605,69,8.9981,0,4,4
2011-01-07 05:00:00,1,0,1,3,9.02,13.635,55,0.0,-2,4,2
2011-01-07 06:00:00,1,0,1,2,8.2,12.88,69,0.0,6,23,29
2011-01-07 07:00:00,1,0,1,1,8.2,10.605,69,8.9981,7,74,81
2011-01-07 08:00:00,1,0,1,1,8.2,9.85,51,16.9979,20,186,206
2011-01-07 09:00:00,1,0,1,1,8.2,9.09,47,19.9995,9,126,135
2011-01-07 10:00:00,1,0,1,1,9.02,9.85,37,22.0028,16,54,70
2011-01-07 11:00:00,1,0,1,2,8.2,9.85,40,15.0013,19,52,71
2011-01-07 12:00:00,1,0,1,2,8.2,9.85,37,16.9979,9,54,63
2011-01-07 13:00:00,1,0,1,2,8.2,9.09,37,19.0012,7,58,65
2011-01-07 14:00:00,1,0,1,2,8.2,9.85,40,16.9979,5,46,51
2011-01-07 15:00:00,1,0,1,2,8.2,10.605,37,11.0014,7,63,70
2011-01-07 16:00:00,1,0,1,2,8.2,10.605,37,11.0014,5,78,83
2011-01-07 17:00:00,1,0,1,2,8.2,12.88,37,0.0,8,173,181
2011-01-07 18:00:00,1,0,1,1,8.2,11.365,40,6.0032,7,118,125
2011-01-07 19:00:00,1,0,1,1,6.56,9.85,55,6.0032,0,94,94
2011-01-07 20:00:00,1,0,1,1,7.38,10.605,47,7.0015,0,54,54
2011-01-07 21:00:00,1,0,1,1,7.38,9.85,47,8.9981,0,41,41
2011-01-07 22:00:00,1,0,1,2,7.38,9.85,43,11.0014,1,40,41
2011-01-07 23:00:00,1,0,1,2,7.38,9.85,51,11.0014,0,17,17
2011-01-08 00:00:00,1,0,0,2,7.38,9.85,51,11.0014,0,23,23
2011-01-08 01:00:00,1,0,0,2,7.38,10.605,55,6.0032,-1,12,11
2011-01-08 02:00:00,1,0,0,2,7.38,12.12,55,0.0,2,12,14
2011-01-08 03:00:00,1,0,0,3,7.38,9.85,55,11.0014,0,11,11
2011-01-08 04:00:00,1,0,0,3,7.38,9.85,55,11.0014,1,-4,-3
2011-01-08 05:00:00,1,0,0,2,6.56,8.335,74,11.0014,0,1,1
2011-01-08 06:00:00,1,0,0,2,6.56,8.335,74,11.0014,0,1,1
2011-01-08 07:00:00,1,0,0,2,6.56,9.09,74,7.0015,0,6,6
2011-01-08 08:00:00,1,0,0,3,6.56,9.09,93,7.0015,2,17,19
2011-01-08 09:00:00,1,0,0,3,6.56,9.09,93,7.0015,0,26,26
2011-01-08 10:00:00,1,0,0,2,7.38,9.85,80,11.0014,5,50,55
2011-01-08 11:00:00,1,0,0,2,8.2,9.09,69,26.0027,1,64,65
2011-01-08 12:00:00,1,0,0,2,8.2,9.09,59,23.9994,9,89,98
2011-01-08 13:00:00,1,0,0,1,8.2,9.09,44,22.0028,6,96,102
2011-01-08 14:00:00,1,0,0,1,8.2,8.335,32,32.9975,11,78,89
2011-01-08 15:00:00,1,0,0,1,8.2,8.335,32,30.0026,5,73,78
2011-01-08 16:00:00,1,0,0,1,7.38,6.82,29,30.0026,9,67,76
2011-01-08 17:00:00,1,0,0,1,6.56,6.06,37,36.9974,3,61,64
2011-01-08 18:00:00,1,0,0,1,5.74,6.06,39,19.9995,2,48,50
2011-01-08 19:00:00,1,0,0,1,5.74,6.06,36,16.9979,2,21,23
2011-01-08 20:00:00,1,0,0,1,4.92,6.06,36,16.9979,0,27,27
2011-01-08 21:00:00,1,0,0,1,4.92,5.305,39,23.9994,2,37,39
2011-01-08 22:00:00,1,0,0,1,4.92,5.305,36,26.0027,0,32,32
2011-01-08 23:00:00,1,0,0,1,4.1,3.03,39,30.0026,0,22,22
2011-01-09 00:00:00,1,0,0,1,4.1,3.79,42,26.0027,0,22,22
2011-01-09 01:00:00,1,0,0,1,4.1,3.03,42,31.0009,1,10,11
2011-01-09 02:00:00,1,0,0,1,4.1,3.03,46,31.0009,0,13,13
2011-01-09 03:00:00,1,0,0,1,4.1,3.79,46,27.9993,0,8,8
2011-01-09 04:00:00,1,0,0,1,3.28,4.545,53,12.998,0,-2,-2
2011-01-09 05:00:00,1,0,0,1,3.28,4.545,53,12.998,0,-3,-3
2011-01-09 06:00:00,1,0,0,1,4.1,4.545,49,19.0012,-1,-3,-4
2011-01-09 07:00:00,1,0,0,1,3.28,4.545,53,12.998,0,3,3
2011-01-09 08:00:00,1,0,0,1,4.1,4.545,49,19.0012,0,12,12
2011-01-09 09:00:00,1,0,0,1,4.92,3.79,46,35.0008,0,17,17
2011-01-09 10:00:00,1,0,0,1,5.74,5.305,43,26.0027,0,53,53
2011-01-09 11:00:00,1,0,0,1,6.56,6.06,40,35.0008,0,43,43
2011-01-09 12:00:00,1,0,0,1,7.38,6.82,37,30.0026,5,78,83
2011-01-09 13:00:00,1,0,0,1,8.2,8.335,34,30.0026,6,69,75
2011-01-09 14:00:00,1,0,0,1,9.02,9.09,32,31.0009,7,61,68
2011-01-09 15:00:00,1,0,0,1,9.02,9.85,35,23.9994,4,72,76
2011-01-09 16:00:00,1,0,0,1,8.2,8.335,34,30.0026,12,83,95
2011-01-09 17:00:00,1,0,0,1,7.38,7.575,37,26.0027,4,60,64
2011-01-09 18:00:00,1,0,0,1,6.56,6.82,40,22.0028,3,35,38
2011-01-09 19:00:00,1,0,0,1,6.56,6.82,43,22.0028,1,38,39
2011-01-09 20:00:00,1,0,0,1,5.74,6.06,46,16.9979,0,40,40
2011-01-09 21:00:00,1,0,0,1,5.74,5.305,46,27.9993,0,17,17
2011-01-09 22:00:00,1,0,0,1,5.74,6.06,46,19.9995,5,10,15
2011-01-09 23:00:00,1,0,0,1,4.92,6.82,50,12.998,-1,9,8
2011-01-10 00:00:00,1,0,1,1,4.92,6.06,50,19.0012,2,1,3
2011-01-10 01:00:00,1,0,1,1,4.92,6.06,50,19.0012,3,4,7
2011-01-10 02:00:00,1,0,1,1,4.92,6.06,50,15.0013,-1,3,2
2011-01-10 03:00:00,1,0,1,1,4.92,6.06,50,15.0013,0,4,4
2011-01-10 04:00:00,1,0,1,1,4.1,6.06,54,8.9981,0,-2,-2
2011-01-10 05:00:00,1,0,1,1,4.1,5.305,54,16.9979,0,4,4
2011-01-10 06:00:00,1,0,1,1,4.92,6.06,50,19.0012,1,28,29
2011-01-10 07:00:00,1,0,1,1,4.92,6.06,50,15.0013,2,72,74
2011-01-10 08:00:00,1,0,1,2,4.92,6.06,50,19.0012,4,184,188
2011-01-10 09:00:00,1,0,1,2,5.74,6.06,50,16.9979,2,89,91
2011-01-10 10:00:00,1,0,1,2,5.74,6.06,50,19.9995,-2,33,31
2011-01-10 11:00:00,1,0,1,2,6.56,6.82,47,19.0012,3,30,33
2011-01-10 12:00:00,1,0,1,2,8.2,9.09,40,19.0012,4,45,49
2011-01-10 13:00:00,1,0,1,2,8.2,9.09,40,19.0012,5,53,58
2011-01-10 14:00:00,1,0,1,2,8.2,9.85,40,15.0013,0,50,50
2011-01-10 15:00:00,1,0,1,2,8.2,9.85,40,15.0013,1,44,45
2011-01-10 16:00:00,1,0,1,1,8.2,10.605,40,8.9981,3,67,70
2011-01-10 17:00:00,1,0,1,1,8.2,11.365,40,7.0015,3,169,172
2011-01-10 18:00:00,1,0,1,1,8.2,9.85,40,15.0013,1,155,156
2011-01-10 19:00:00,1,0,1,1,6.56,8.335,47,11.0014,3,86,89
2011-01-10 20:00:00,1,0,1,1,6.56,8.335,50,11.0014,0,69,69
2011-01-10 21:00:00,1,0,1,1,5.74,6.82,59,12.998,1,36,37
2011-01-10 22:00:00,1,0,1,1,5.74,7.575,59,11.0014,0,16,16
2011-01-10 23:00:00,1,0,1,1,5.74,7.575,59,11.0014,0,18,18
2011-01-11 00:00:00,1,0,1,1,5.74,8.335,59,7.0015,2,11,13
2011-01-11 01:00:00,1,0,1,1,5.74,7.575,59,11.0014,0,0,0
2011-01-11 02:00:00,1,0,1,2,6.56,7.575,55,12.998,1,8,9
2011-01-11 05:00:00,1,0,1,2,6.56,9.09,55,8.9981,1,5,6
2011-01-11 06:00:00,1,0,1,2,6.56,9.09,55,8.9981,-1,26,25
2011-01-11 07:00:00,1,0,1,2,6.56,11.365,55,0.0,1,94,95
2011-01-11 08:00:00,1,0,1,2,7.38,10.605,51,6.0032,3,214,217
2011-01-11 09:00:00,1,0,1,2,7.38,9.85,51,11.0014,3,128,131
2011-01-11 10:00:00,1,0,1,2,8.2,10.605,51,11.0014,2,50,52
2011-01-11 11:00:00,1,0,1,2,8.2,10.605,47,8.9981,3,26,29
2011-01-11 12:00:00,1,0,1,2,8.2,11.365,51,7.0015,2,57,59
2011-01-11 13:00:00,1,0,1,2,8.2,11.365,59,6.0032,6,42,48
2011-01-11 14:00:00,1,0,1,2,8.2,11.365,59,6.0032,2,51,53
2011-01-11 15:00:00,1,0,1,2,6.56,9.85,80,6.0032,1,47,48
2011-01-11 16:00:00,1,0,1,2,6.56,7.575,86,15.0013,2,69,71
2011-01-11 17:00:00,1,0,1,2,6.56,7.575,86,15.0013,7,130,137
2011-01-11 18:00:00,1,0,1,3,6.56,9.09,93,7.0015,0,88,88
2011-01-11 19:00:00,1,0,1,3,6.56,11.365,93,0.0,2,47,49
2011-01-11 20:00:00,1,0,1,3,6.56,7.575,93,12.998,0,33,33
2011-01-11 21:00:00,1,0,1,3,6.56,9.85,86,6.0032,0,23,23
2011-01-11 22:00:00,1,0,1,3,6.56,9.09,93,7.0015,1,26,27
2011-01-11 23:00:00,1,0,1,3,6.56,9.85,93,6.0032,0,21,21
2011-01-12 00:00:00,1,0,1,2,6.56,9.85,86,6.0032,-1,3,2
2011-01-12 01:00:00,1,0,1,2,6.56,9.09,86,7.0015,-1,5,4
2011-01-12 02:00:00,1,0,1,1,5.74,7.575,86,8.9981,0,2,2
2011-01-12 05:00:00,1,0,1,1,5.74,7.575,86,11.0014,0,4,4
2011-01-12 06:00:00,1,0,1,1,4.92,7.575,93,8.9981,0,13,13
2011-01-12 07:00:00,1,0,1,1,5.74,7.575,69,8.9981,0,50,50
2011-01-12 08:00:00,1,0,1,1,6.56,8.335,59,11.0014,2,122,124
2011-01-12 09:00:00,1,0,1,1,6.56,6.82,59,22.0028,2,75,77
2011-01-12 10:00:00,1,0,1,1,7.38,9.09,55,15.0013,1,41,42
2011-01-12 11:00:00,1,0,1,1,8.2,9.09,51,26.0027,3,36,39
2011-01-12 12:00:00,1,0,1,1,8.2,7.575,47,39.0007,2,54,56
2011-01-12 13:00:00,1,0,1,1,9.02,9.85,44,23.9994,1,50,51
2011-01-12 14:00:00,1,0,1,1,8.2,9.09,47,22.0028,0,41,41
2011-01-12 15:00:00,1,0,1,1,8.2,8.335,47,27.9993,0,48,48
2011-01-12 16:00:00,1,0,1,1,9.02,9.85,44,22.0028,6,60,66
2011-01-12 17:00:00,1,0,1,1,8.2,9.09,47,23.9994,0,138,138
2011-01-12 18:00:00,1,0,1,1,8.2,7.575,47,35.0008,2,137,139
2011-01-12 19:00:00,1,0,1,1,7.38,7.575,47,27.9993,0,84,84
2011-01-12 20:00:00,1,0,1,1,6.56,6.82,50,22.0028,4,55,59
2011-01-12 21:00:00,1,0,1,1,6.56,6.82,55,22.0028,0,56,56
2011-01-12 22:00:00,1,0,1,1,6.56,6.06,55,30.0026,0,39,39
2011-01-12 23:00:00,1,0,1,1,5.74,5.305,59,27.9993,2,17,19
2011-01-13 00:00:00,1,0,1,1,5.74,6.06,59,19.0012,0,4,4
2011-01-13 01:00:00,1,0,1,1,5.74,6.06,50,19.0012,-1,0,-1
2011-01-13 02:00:00,1,0,1,1,5.74,6.06,50,23.9994,-2,2,0
2011-01-13 03:00:00,1,0,1,1,5.74,6.06,50,22.0028,1,1,2
2011-01-13 04:00:00,1,0,1,1,5.74,6.06,50,16.9979,0,4,4
2011-01-13 05:00:00,1,0,1,1,5.74,6.06,50,19.9995,1,4,5
2011-01-13 06:00:00,1,0,1,1,4.92,7.575,54,8.9981,0,27,27
2011-01-13 07:00:00,1,0,1,1,4.92,7.575,54,8.9981,0,67,67
2011-01-13 08:00:00,1,0,1,1,5.74,6.82,50,12.998,3,201,204
2011-01-13 09:00:00,1,0,1,1,5.74,6.06,50,22.0028,1,140,141
2011-01-13 10:00:00,1,0,1,2,6.56,6.82,50,23.9994,1,37,38
2011-01-13 11:00:00,1,0,1,2,8.2,8.335,44,30.0026,4,36,40
2011-01-13 12:00:00,1,0,1,1,8.2,8.335,44,27.9993,1,48,49
2011-01-13 13:00:00,1,0,1,1,9.02,9.85,41,30.0026,1,82,83
2011-01-13 14:00:00,1,0,1,1,9.02,9.85,41,26.0027,2,40,42
2011-01-13 15:00:00,1,0,1,1,9.84,10.605,38,19.9995,5,52,57
2011-01-13 16:00:00,1,0,1,1,9.84,10.605,38,23.9994,2,73,75
2011-01-13 17:00:00,1,0,1,1,8.2,9.09,40,19.0012,4,156,160
2011-01-13 18:00:00,1,0,1,1,8.2,9.09,40,22.0028,4,144,148
2011-01-13 19:00:00,1,0,1,1,6.56,7.575,47,16.9979,1,100,101
2011-01-13 20:00:00,1,0,1,1,6.56,7.575,47,15.0013,0,68,68
2011-01-13 21:00:00,1,0,1,1,5.74,6.06,46,19.9995,1,42,43
2011-01-13 22:00:00,1,0,1,1,5.74,6.06,46,22.0028,-1,31,30
2011-01-13 23:00:00,1,0,1,1,4.92,6.82,50,12.998,0,14,14
2011-01-14 00:00:00,1,0,1,1,4.92,6.82,50,12.998,0,11,11
2011-01-14 01:00:00,1,0,1,1,4.1,6.06,54,11.0014,-2,0,-2
2011-01-14 02:00:00,1,0,1,1,4.1,6.06,54,8.9981,0,2,2
2011-01-14 03:00:00,1,0,1,1,4.1,6.82,54,7.0015,0,2,2
2011-01-14 05:00:00,1,0,1,1,4.1,6.82,54,6.0032,-1,12,11
2011-01-14 06:00:00,1,0,1,1,4.1,9.09,54,0.0,0,16,16
2011-01-14 07:00:00,1,0,1,1,4.1,6.06,74,11.0014,0,66,66
2011-01-14 08:00:00,1,0,1,1,4.92,8.335,68,0.0,1,153,154
2011-01-14 09:00:00,1,0,1,1,5.74,7.575,69,8.9981,0,115,115
2011-01-14 10:00:00,1,0,1,1,7.38,9.09,55,12.998,4,42,46
2011-01-14 11:00:00,1,0,1,1,7.38,8.335,51,19.0012,6,48,54
2011-01-14 12:00:00,1,0,1,1,8.2,9.85,44,16.9979,0,65,65
2011-01-14 13:00:00,1,0,1,1,9.02,9.85,37,26.0027,3,71,74
2011-01-14 14:00:00,1,0,1,1,9.02,10.605,41,19.0012,5,59,64
2011-01-14 15:00:00,1,0,1,1,9.84,12.12,38,11.0014,10,60,70
2011-01-14 16:00:00,1,0,1,1,9.02,12.12,41,7.0015,2,89,91
2011-01-14 17:00:00,1,0,1,1,9.02,11.365,41,11.0014,5,156,161
2011-01-14 18:00:00,1,0,1,1,8.2,12.88,47,0.0,4,131,135
2011-01-14 19:00:00,1,0,1,1,6.56,9.85,59,6.0032,3,90,93
2011-01-14 20:00:00,1,0,1,1,7.38,12.12,59,0.0,1,75,76
2011-01-14 21:00:00,1,0,1,1,6.56,11.365,69,0.0,4,41,45
2011-01-14 22:00:00,1,0,1,2,6.56,11.365,69,0.0,2,31,33
2011-01-14 23:00:00,1,0,1,2,7.38,12.12,55,0.0,0,22,22
2011-01-15 00:00:00,1,0,0,1,7.38,12.12,55,0.0,2,26,28
2011-01-15 01:00:00,1,0,0,2,6.56,9.85,59,6.0032,2,18,20
2011-01-15 02:00:00,1,0,0,2,6.56,9.85,59,6.0032,0,11,11
2011-01-15 03:00:00,1,0,0,2,6.56,11.365,59,0.0,0,7,7
2011-01-15 04:00:00,1,0,0,2,6.56,11.365,59,0.0,0,4,4
2011-01-15 05:00:00,1,0,0,1,6.56,11.365,59,0.0,0,6,6
2011-01-15 06:00:00,1,0,0,1,5.74,8.335,63,7.0015,2,1,3
2011-01-15 07:00:00,1,0,0,1,5.74,10.605,63,0.0,0,8,8
2011-01-15 08:00:00,1,0,0,1,5.74,7.575,63,8.9981,1,30,31
2011-01-15 09:00:00,1,0,0,1,6.56,9.09,64,8.9981,1,30,31
2011-01-15 10:00:00,1,0,0,1,7.38,9.85,59,11.0014,3,57,60
2011-01-15 11:00:00,1,0,0,1,8.2,9.85,55,15.0013,18,54,72
2011-01-15 12:00:00,1,0,0,1,9.84,11.365,48,15.0013,15,76,91
2011-01-15 13:00:00,1,0,0,1,11.48,12.88,38,19.9995,21,77,98
2011-01-15 14:00:00,1,0,0,1,12.3,14.395,39,19.0012,27,92,119
2011-01-15 15:00:00,1,0,0,2,13.12,15.91,36,12.998,19,105,124
2011-01-15 16:00:00,1,0,0,2,13.94,16.665,34,12.998,32,92,124
2011-01-15 17:00:00,1,0,0,2,13.12,15.15,36,19.0012,28,51,79
2011-01-15 18:00:00,1,0,0,2,12.3,14.395,45,16.9979,14,70,84
2011-01-15 19:00:00,1,0,0,2,13.12,15.15,39,16.9979,15,65,80
2011-01-15 20:00:00,1,0,0,2,13.12,15.15,39,16.9979,6,34,40
2011-01-15 21:00:00,1,0,0,2,13.12,15.15,39,15.0013,6,48,54
2011-01-15 22:00:00,1,0,0,2,12.3,15.91,42,7.0015,-2,20,18
2011-01-15 23:00:00,1,0,0,1,12.3,14.395,45,19.0012,5,39,44
2011-01-16 00:00:00,1,0,0,1,10.66,15.15,56,0.0,6,34,40
2011-01-16 01:00:00,1,0,0,1,10.66,13.635,56,8.9981,4,22,26
2011-01-16 02:00:00,1,0,0,1,10.66,14.395,56,6.0032,1,15,16
2011-01-16 03:00:00,1,0,0,1,9.02,13.635,69,0.0,7,9,16
2011-01-16 04:00:00,1,0,0,1,10.66,12.88,56,11.0014,1,0,1
2011-01-16 05:00:00,1,0,0,2,10.66,12.88,56,11.0014,0,0,0
2011-01-16 06:00:00,1,0,0,2,10.66,12.88,56,11.0014,-1,0,-1
2011-01-16 07:00:00,1,0,0,2,9.84,10.605,56,19.9995,0,6,6
2011-01-16 08:00:00,1,0,0,1,9.02,10.605,55,19.0012,0,18,18
2011-01-16 09:00:00,1,0,0,1,9.02,10.605,51,16.9979,2,31,33
2011-01-16 10:00:00,1,0,0,1,9.02,10.605,51,19.0012,7,65,72
2011-01-16 11:00:00,1,0,0,1,9.84,11.365,44,16.9979,23,73,96
2011-01-16 12:00:00,1,0,0,1,9.84,10.605,41,19.0012,27,71,98
2011-01-16 13:00:00,1,0,0,1,10.66,11.365,35,19.9995,23,92,115
2011-01-16 14:00:00,1,0,0,1,11.48,13.635,36,16.9979,21,70,91
2011-01-16 15:00:00,1,0,0,1,10.66,12.12,38,16.9979,35,78,113
2011-01-16 16:00:00,1,0,0,1,9.84,11.365,38,15.0013,21,76,97
2011-01-16 17:00:00,1,0,0,1,9.02,10.605,37,16.9979,25,78,103
2011-01-16 18:00:00,1,0,0,1,8.2,10.605,40,11.0014,9,55,64
2011-01-16 19:00:00,1,0,0,1,7.38,9.85,47,8.9981,14,44,58
2011-01-16 20:00:00,1,0,0,1,7.38,9.85,47,11.0014,7,46,53
2011-01-16 21:00:00,1,0,0,1,7.38,9.85,51,11.0014,7,26,33
2011-01-16 22:00:00,1,0,0,2,8.2,10.605,49,8.9981,1,21,22
2011-01-16 23:00:00,1,0,0,2,8.2,11.365,40,7.0015,0,22,22
2011-01-17 00:00:00,1,1,0,2,8.2,9.85,47,15.0013,0,10,10
2011-01-17 01:00:00,1,1,0,2,8.2,9.85,44,12.998,0,14,14
2011-01-17 02:00:00,1,1,0,2,7.38,8.335,43,16.9979,0,8,8
2011-01-17 03:00:00,1,1,0,2,7.38,9.09,43,12.998,0,0,0
2011-01-17 04:00:00,1,1,0,2,7.38,9.85,43,8.9981,1,5,6
2011-01-17 05:00:00,1,1,0,2,7.38,9.85,43,11.0014,0,4,4
2011-01-17 06:00:00,1,1,0,2,7.38,9.09,43,12.998,0,6,6
2011-01-17 07:00:00,1,1,0,2,6.56,9.09,50,8.9981,4,12,16
2011-01-17 08:00:00,1,1,0,2,6.56,7.575,47,15.0013,4,34,38
2011-01-17 09:00:00,1,1,0,2,6.56,7.575,47,15.0013,7,38,45
2011-01-17 10:00:00,1,1,0,2,6.56,7.575,50,16.9979,7,46,53
2011-01-17 11:00:00,1,1,0,2,6.56,7.575,55,12.998,9,55,64
2011-01-17 12:00:00,1,1,0,2,7.38,9.85,47,8.9981,11,68,79
2011-01-17 13:00:00,1,1,0,2,7.38,9.85,47,8.9981,11,79,90
2011-01-17 14:00:00,1,1,0,2,7.38,10.605,43,7.0015,12,73,85
2011-01-17 15:00:00,1,1,0,2,8.2,10.605,47,11.0014,19,70,89
2011-01-17 16:00:00,1,1,0,2,8.2,10.605,47,11.0014,6,73,79
2011-01-17 17:00:00,1,1,0,1,8.2,9.85,51,12.998,4,63,67
2011-01-17 18:00:00,1,1,0,2,7.38,8.335,55,16.9979,7,87,94
2011-01-17 19:00:00,1,1,0,3,7.38,9.09,59,12.998,0,56,56
2011-01-17 20:00:00,1,1,0,3,6.56,7.575,80,12.998,6,27,33
2011-01-17 21:00:00,1,1,0,3,6.56,7.575,80,12.998,4,24,28
2011-01-17 22:00:00,1,1,0,3,5.74,6.06,93,16.9979,0,7,7
2011-01-17 23:00:00,1,1,0,3,6.56,6.82,86,19.0012,-1,2,1
2011-01-18 12:00:00,1,0,1,2,8.2,9.09,86,22.0028,0,5,5
2011-01-18 13:00:00,1,0,1,2,8.2,9.85,86,15.0013,-1,22,21
2011-01-18 14:00:00,1,0,1,2,9.02,11.365,80,11.0014,1,26,27
2011-01-18 15:00:00,1,0,1,2,9.02,11.365,87,11.0014,3,36,39
2011-01-18 16:00:00,1,0,1,2,9.02,11.365,87,12.998,-1,57,56
2011-01-18 17:00:00,1,0,1,2,9.02,11.365,82,12.998,0,123,123
2011-01-18 18:00:00,1,0,1,2,9.02,11.365,80,11.0014,1,133,134
2011-01-18 19:00:00,1,0,1,2,9.02,11.365,80,8.9981,1,94,95
2011-01-18 20:00:00,1,0,1,2,9.02,13.635,87,0.0,0,78,78
2011-01-18 21:00:00,1,0,1,2,9.02,12.12,93,7.0015,0,41,41
2011-01-18 22:00:00,1,0,1,2,9.02,12.88,93,6.0032,0,35,35
2011-01-18 23:00:00,1,0,1,2,9.02,13.635,93,0.0,0,23,23
2011-01-19 00:00:00,1,0,1,2,9.02,13.635,93,0.0,0,1,1
2011-01-19 01:00:00,1,0,1,3,9.02,11.365,93,8.9981,0,7,7
2011-01-19 02:00:00,1,0,1,3,9.02,11.365,93,8.9981,0,3,3
2011-01-19 04:00:00,1,0,1,3,9.02,11.365,93,8.9981,3,2,5
2011-01-19 05:00:00,1,0,1,2,9.02,12.88,93,6.0032,0,8,8
2011-01-19 06:00:00,1,0,1,2,9.02,12.88,93,6.0032,0,33,33
2011-01-19 07:00:00,1,0,1,2,9.84,12.88,92,7.0015,0,87,87
2011-01-19 08:00:00,1,0,1,2,9.84,12.88,93,7.0015,0,193,193
2011-01-19 09:00:00,1,0,1,2,9.84,12.88,93,7.0015,3,106,109
2011-01-19 10:00:00,1,0,1,2,10.66,13.635,93,8.9981,2,49,51
2011-01-19 11:00:00,1,0,1,2,11.48,15.15,87,6.0032,6,44,50
2011-01-19 12:00:00,1,0,1,2,12.3,15.91,81,6.0032,4,59,63
2011-01-19 13:00:00,1,0,1,1,16.4,20.455,62,19.0012,10,68,78
2011-01-19 14:00:00,1,0,1,1,16.4,20.455,58,16.9979,7,61,68
2011-01-19 15:00:00,1,0,1,1,16.4,20.455,54,19.0012,4,74,78
2011-01-19 16:00:00,1,0,1,1,15.58,19.695,58,26.0027,10,91,101
2011-01-19 17:00:00,1,0,1,1,14.76,16.665,57,22.0028,5,193,198
2011-01-19 18:00:00,1,0,1,1,13.94,15.91,61,19.0012,5,157,162
2011-01-19 19:00:00,1,0,1,1,13.12,14.395,57,27.9993,4,109,113
2011-01-19 20:00:00,1,0,1,1,13.12,15.15,49,19.9995,0,75,75
2011-01-19 21:00:00,1,0,1,1,13.12,14.395,49,27.9993,3,52,55
2011-01-19 22:00:00,1,0,1,1,12.3,15.15,52,11.0014,6,55,61
2011-01-19 23:00:00,1,0,1,1,12.3,13.635,52,31.0009,0,29,29
2011-02-01 00:00:00,1,0,1,2,6.56,9.09,64,7.0015,2,13,15
2011-02-01 01:00:00,1,0,1,2,6.56,9.09,69,7.0015,0,3,3
2011-02-01 02:00:00,1,0,1,2,6.56,11.365,69,0.0,-1,-2,-3
2011-02-01 03:00:00,1,0,1,2,6.56,11.365,69,0.0,-1,-1,-2
2011-02-01 05:00:00,1,0,1,3,5.74,10.605,93,0.0,-1,2,1
2011-02-01 06:00:00,1,0,1,3,5.74,10.605,93,0.0,0,18,18
2011-02-01 07:00:00,1,0,1,3,6.56,11.365,93,0.0,0,54,54
2011-02-01 08:00:00,1,0,1,3,6.56,11.365,93,0.0,3,126,129
2011-02-01 09:00:00,1,0,1,2,6.56,11.365,93,0.0,0,116,116
2011-02-01 10:00:00,1,0,1,2,6.56,11.365,93,0.0,0,46,46
2011-02-01 11:00:00,1,0,1,2,7.38,12.12,86,0.0,2,52,54
2011-02-01 12:00:00,1,0,1,2,8.2,12.88,86,0.0,2,58,60
2011-02-01 13:00:00,1,0,1,2,8.2,12.88,86,0.0,2,47,49
2011-02-01 14:00:00,1,0,1,2,9.02,12.88,80,6.0032,5,57,62
2011-02-01 15:00:00,1,0,1,2,9.84,14.395,75,0.0,8,40,48
2011-02-01 16:00:00,1,0,1,2,9.84,12.12,75,8.9981,2,61,63
2011-02-01 17:00:00,1,0,1,2,9.84,14.395,75,0.0,4,175,179
2011-02-01 18:00:00,1,0,1,2,9.84,12.88,81,7.0015,3,164,167
2011-02-01 19:00:00,1,0,1,2,9.84,12.12,81,8.9981,2,104,106
2011-02-01 20:00:00,1,0,1,2,9.02,11.365,87,8.9981,6,67,73
2011-02-01 21:00:00,1,0,1,2,9.02,11.365,87,8.9981,0,63,63
2011-02-01 22:00:00,1,0,1,2,9.02,12.88,87,6.0032,2,33,35
2011-02-01 23:00:00,1,0,1,3,8.2,9.85,93,12.998,0,18,18
2011-02-02 00:00:00,1,0,1,3,9.02,12.12,93,7.0015,0,3,3
2011-02-02 01:00:00,1,0,1,3,9.02,11.365,93,12.998,0,3,3
2011-02-02 02:00:00,1,0,1,3,9.02,11.365,93,8.9981,1,3,4
2011-02-02 03:00:00,1,0,1,3,9.02,11.365,93,8.9981,0,-2,-2
2011-02-02 04:00:00,1,0,1,3,9.02,10.605,93,19.0012,0,3,3
2011-02-02 05:00:00,1,0,1,3,9.02,12.12,93,7.0015,0,4,4
2011-02-02 06:00:00,1,0,1,3,9.02,12.12,93,7.0015,0,23,23
2011-02-02 07:00:00,1,0,1,3,9.02,10.605,93,15.0013,1,48,49
2011-02-02 08:00:00,1,0,1,3,9.02,10.605,93,15.0013,1,157,158
2011-02-02 09:00:00,1,0,1,2,9.84,12.88,93,6.0032,4,116,120
2011-02-02 10:00:00,1,0,1,2,9.02,13.635,100,0.0,2,50,52
2011-02-02 11:00:00,1,0,1,2,9.84,11.365,93,12.998,6,42,48
2011-02-02 12:00:00,1,0,1,2,9.84,11.365,93,15.0013,1,59,60
2011-02-02 13:00:00,1,0,1,1,13.94,16.665,93,11.0014,1,73,74
2011-02-02 14:00:00,1,0,1,1,15.58,19.695,82,26.0027,2,58,60
2011-02-02 15:00:00,1,0,1,1,15.58,19.695,76,22.0028,11,61,72
2011-02-02 16:00:00,1,0,1,1,14.76,16.665,71,19.9995,7,93,100
2011-02-02 17:00:00,1,0,1,1,14.76,15.91,53,35.0008,5,181,186
2011-02-02 18:00:00,1,0,1,1,13.94,14.395,42,36.9974,8,171,179
2011-02-02 19:00:00,1,0,1,1,11.48,12.12,45,32.9975,3,82,85
2011-02-02 20:00:00,1,0,1,1,9.84,9.85,48,36.9974,6,70,76
2011-02-02 21:00:00,1,0,1,1,9.02,9.85,47,22.0028,0,60,60
2011-02-02 22:00:00,1,0,1,1,9.02,10.605,44,16.9979,5,35,40
2011-02-02 23:00:00,1,0,1,1,8.2,8.335,44,30.0026,2,30,32
2011-02-03 00:00:00,1,0,1,1,8.2,8.335,40,30.0026,1,15,16
2011-02-03 01:00:00,1,0,1,1,8.2,7.575,44,35.0008,0,3,3
2011-02-03 02:00:00,1,0,1,1,7.38,8.335,43,16.9979,1,-4,-3
2011-02-03 03:00:00,1,0,1,1,7.38,8.335,43,16.9979,0,-3,-3
2011-02-03 05:00:00,1,0,1,1,6.56,6.82,50,19.9995,0,2,2
2011-02-03 06:00:00,1,0,1,1,6.56,6.82,43,23.9994,0,40,40
2011-02-03 07:00:00,1,0,1,1,5.74,6.06,50,22.0028,-1,89,88
2011-02-03 08:00:00,1,0,1,1,5.74,6.06,50,23.9994,3,187,190
2011-02-03 09:00:00,1,0,1,1,6.56,6.82,47,19.9995,7,123,130
2011-02-03 10:00:00,1,0,1,1,7.38,7.575,43,22.0028,1,52,53
2011-02-03 11:00:00,1,0,1,1,7.38,6.82,43,30.0026,9,54,63
2011-02-03 12:00:00,1,0,1,1,8.2,9.09,40,23.9994,2,74,76
2011-02-03 13:00:00,1,0,1,1,8.2,8.335,40,27.9993,3,43,46
2011-02-03 14:00:00,1,0,1,1,9.02,9.85,37,26.0027,5,49,54
2011-02-03 15:00:00,1,0,1,1,9.02,9.85,37,22.0028,4,56,60
2011-02-03 16:00:00,1,0,1,1,9.02,10.605,37,16.9979,5,74,79
2011-02-03 17:00:00,1,0,1,1,8.2,9.85,40,12.998,6,173,179
2011-02-03 18:00:00,1,0,1,1,8.2,10.605,40,11.0014,2,141,143
2011-02-03 19:00:00,1,0,1,1,8.2,12.88,40,0.0,4,89,93
2011-02-03 20:00:00,1,0,1,1,8.2,11.365,47,6.0032,1,108,109
2011-02-03 21:00:00,1,0,1,1,7.38,10.605,55,7.0015,0,48,48
2011-02-03 22:00:00,1,0,1,1,7.38,10.605,51,6.0032,1,39,40
2011-02-03 23:00:00,1,0,1,1,8.2,11.365,47,7.0015,3,31,34
2011-02-04 00:00:00,1,0,1,2,8.2,12.88,44,0.0,3,8,11
2011-02-04 01:00:00,1,0,1,2,6.56,11.365,59,0.0,0,9,9
2011-02-04 02:00:00,1,0,1,2,5.74,8.335,63,7.0015,0,-1,-1
2011-02-04 03:00:00,1,0,1,2,5.74,8.335,63,7.0015,0,-1,-1
2011-02-04 05:00:00,1,0,1,2,5.74,7.575,63,8.9981,0,8,8
2011-02-04 06:00:00,1,0,1,2,6.56,11.365,55,0.0,2,24,26
2011-02-04 07:00:00,1,0,1,1,5.74,10.605,59,0.0,0,83,83
2011-02-04 08:00:00,1,0,1,1,5.74,7.575,74,8.9981,3,215,218
2011-02-04 09:00:00,1,0,1,2,6.56,9.09,80,8.9981,3,128,131
2011-02-04 10:00:00,1,0,1,2,8.2,10.605,51,8.9981,4,42,46
2011-02-04 11:00:00,1,0,1,1,9.02,11.365,51,11.0014,2,59,61
2011-02-04 12:00:00,1,0,1,2,9.84,12.12,48,11.0014,7,77,84
2011-02-04 13:00:00,1,0,1,2,10.66,12.88,50,15.0013,8,77,85
2011-02-04 14:00:00,1,0,1,2,11.48,13.635,45,11.0014,13,70,83
2011-02-04 15:00:00,1,0,1,2,11.48,13.635,48,16.9979,8,80,88
2011-02-04 16:00:00,1,0,1,2,12.3,14.395,42,15.0013,7,90,97
2011-02-04 17:00:00,1,0,1,2,10.66,13.635,56,8.9981,10,195,205
2011-02-04 18:00:00,1,0,1,2,9.84,12.88,60,7.0015,3,152,155
2011-02-04 19:00:00,1,0,1,2,9.84,12.12,65,8.9981,1,99,100
2011-02-04 20:00:00,1,0,1,2,9.84,12.12,65,11.0014,4,74,78
2011-02-04 21:00:00,1,0,1,2,9.84,12.12,70,11.0014,2,43,45
2011-02-04 22:00:00,1,0,1,2,9.84,12.12,65,11.0014,0,51,51
2011-02-04 23:00:00,1,0,1,2,9.84,12.12,70,8.9981,1,30,31
2011-02-05 00:00:00,1,0,0,2,9.84,12.12,70,11.0014,1,39,40
2011-02-05 01:00:00,1,0,0,2,9.84,12.12,65,11.0014,2,16,18
2011-02-05 02:00:00,1,0,0,2,9.84,12.12,75,11.0014,5,10,15
2011-02-05 03:00:00,1,0,0,2,9.84,12.12,75,11.0014,2,12,14
2011-02-05 04:00:00,1,0,0,3,9.02,11.365,93,8.9981,-1,2,1
2011-02-05 05:00:00,1,0,0,3,8.2,11.365,100,6.0032,0,9,9
2011-02-05 06:00:00,1,0,0,3,8.2,12.88,100,0.0,-2,6,4
2011-02-05 07:00:00,1,0,0,3,9.02,12.88,93,6.0032,-1,5,4
2011-02-05 08:00:00,1,0,0,3,8.2,11.365,100,6.0032,1,6,7
2011-02-05 09:00:00,1,0,0,3,8.2,11.365,100,6.0032,2,21,23
2011-02-05 10:00:00,1,0,0,3,8.2,10.605,100,8.9981,3,30,33
2011-02-05 11:00:00,1,0,0,3,9.02,11.365,100,8.9981,0,46,46
2011-02-05 12:00:00,1,0,0,3,9.02,11.365,100,11.0014,10,39,49
2011-02-05 13:00:00,1,0,0,3,9.02,11.365,100,11.0014,9,62,71
2011-02-05 14:00:00,1,0,0,3,9.02,13.635,100,0.0,4,55,59
2011-02-05 15:00:00,1,0,0,3,9.02,13.635,100,0.0,10,49,59
2011-02-05 16:00:00,1,0,0,3,9.02,11.365,100,8.9981,8,65,73
2011-02-05 17:00:00,1,0,0,2,9.84,10.605,100,19.0012,13,62,75
2011-02-05 18:00:00,1,0,0,2,11.48,12.12,93,30.0026,1,85,86
2011-02-05 19:00:00,1,0,0,2,11.48,12.12,93,30.0026,7,79,86
2011-02-05 20:00:00,1,0,0,1,12.3,14.395,87,16.9979,5,68,73
2011-02-05 21:00:00,1,0,0,1,10.66,12.88,100,12.998,2,50,52
2011-02-05 22:00:00,1,0,0,1,10.66,13.635,93,8.9981,1,46,47
2011-02-05 23:00:00,1,0,0,1,10.66,12.88,93,15.0013,7,48,55
2011-02-06 00:00:00,1,0,0,1,10.66,12.88,70,12.998,2,35,37
2011-02-06 01:00:00,1,0,0,1,10.66,11.365,65,27.9993,4,34,38
2011-02-06 02:00:00,1,0,0,1,10.66,11.365,60,22.0028,0,18,18
2011-02-06 03:00:00,1,0,0,1,10.66,14.395,60,6.0032,3,9,12
2011-02-06 04:00:00,1,0,0,1,10.66,11.365,60,23.9994,0,8,8
2011-02-06 05:00:00,1,0,0,1,10.66,12.88,60,15.0013,0,0,0
2011-02-06 06:00:00,1,0,0,1,10.66,12.88,60,15.0013,0,2,2
2011-02-06 07:00:00,1,0,0,1,9.84,12.12,65,11.0014,0,11,11
2011-02-06 08:00:00,1,0,0,1,9.84,12.88,65,7.0015,1,20,21
2011-02-06 09:00:00,1,0,0,1,11.48,14.395,56,7.0015,7,34,41
2011-02-06 10:00:00,1,0,0,1,12.3,14.395,52,16.9979,14,76,90
2011-02-06 11:00:00,1,0,0,1,13.12,15.15,49,16.9979,27,85,112
2011-02-06 12:00:00,1,0,0,1,13.94,16.665,46,0.0,48,128,176
2011-02-06 13:00:00,1,0,0,1,13.94,18.18,46,0.0,47,136,183
2011-02-06 14:00:00,1,0,0,1,13.94,17.425,46,6.0032,46,111,157
2011-02-06 15:00:00,1,0,0,1,13.94,17.425,46,6.0032,51,125,176
2011-02-06 16:00:00,1,0,0,1,13.94,17.425,49,7.0015,42,117,159
2011-02-06 17:00:00,1,0,0,1,13.94,18.18,46,0.0,23,91,114
2011-02-06 18:00:00,1,0,0,1,12.3,15.15,56,11.0014,13,63,76
2011-02-06 19:00:00,1,0,0,1,11.48,14.395,61,8.9981,1,21,22
2011-02-06 20:00:00,1,0,0,1,11.48,14.395,61,7.0015,5,15,20
2011-02-06 21:00:00,1,0,0,1,10.66,15.15,60,0.0,4,21,25
2011-02-06 22:00:00,1,0,0,1,10.66,15.15,60,0.0,6,56,62
2011-02-06 23:00:00,1,0,0,1,9.84,14.395,65,0.0,4,27,31
2011-02-07 00:00:00,1,0,1,1,9.84,14.395,65,0.0,0,13,13
2011-02-07 01:00:00,1,0,1,1,9.02,13.635,75,0.0,0,3,3
2011-02-07 02:00:00,1,0,1,1,8.2,12.88,80,0.0,0,4,4
2011-02-07 03:00:00,1,0,1,1,8.2,12.88,86,0.0,0,0,0
2011-02-07 04:00:00,1,0,1,1,8.2,12.88,86,0.0,0,2,2
2011-02-07 05:00:00,1,0,1,1,8.2,12.88,86,0.0,0,6,6
2011-02-07 06:00:00,1,0,1,1,7.38,12.12,93,0.0,0,28,28
2011-02-07 07:00:00,1,0,1,1,7.38,12.12,86,0.0,4,90,94
2011-02-07 08:00:00,1,0,1,2,6.56,11.365,100,0.0,7,224,231
2011-02-07 09:00:00,1,0,1,1,9.02,13.635,80,0.0,4,113,117
2011-02-07 10:00:00,1,0,1,1,9.84,12.88,75,7.0015,6,56,62
2011-02-07 11:00:00,1,0,1,1,12.3,15.91,65,6.0032,9,40,49
2011-02-07 12:00:00,1,0,1,2,13.12,17.425,62,0.0,6,55,61
2011-02-07 13:00:00,1,0,1,2,14.76,18.18,57,6.0032,9,54,63
2011-02-07 14:00:00,1,0,1,2,14.76,18.18,57,6.0032,8,48,56
2011-02-07 15:00:00,1,0,1,2,15.58,19.695,54,6.0032,3,46,49
2011-02-07 16:00:00,1,0,1,2,14.76,17.425,57,8.9981,16,100,116
2011-02-07 17:00:00,1,0,1,2,13.12,15.91,70,11.0014,7,207,214
2011-02-07 18:00:00,1,0,1,2,13.94,16.665,66,8.9981,4,169,173
2011-02-07 19:00:00,1,0,1,2,13.12,17.425,70,0.0,5,121,126
2011-02-07 20:00:00,1,0,1,2,13.12,16.665,70,7.0015,6,79,85
2011-02-07 21:00:00,1,0,1,1,13.12,17.425,70,0.0,2,78,80
2011-02-07 22:00:00,1,0,1,1,11.48,15.15,81,6.0032,2,40,42
2011-02-07 23:00:00,1,0,1,2,12.3,16.665,81,0.0,5,20,25
2011-02-08 00:00:00,1,0,1,2,11.48,15.91,87,0.0,3,7,10
2011-02-08 01:00:00,1,0,1,2,11.48,15.91,87,0.0,0,1,1
2011-02-08 02:00:00,1,0,1,2,10.66,13.635,93,7.0015,1,5,6
2011-02-08 03:00:00,1,0,1,3,11.48,13.635,93,11.0014,-1,1,0
2011-02-08 04:00:00,1,0,1,1,10.66,12.88,93,11.0014,0,4,4
2011-02-08 05:00:00,1,0,1,1,10.66,11.365,81,22.0028,0,3,3
2011-02-08 06:00:00,1,0,1,1,10.66,11.365,70,22.0028,1,41,42
2011-02-08 07:00:00,1,0,1,1,9.84,9.85,65,27.9993,4,90,94
2011-02-08 08:00:00,1,0,1,1,9.84,9.85,56,32.9975,6,236,242
2011-02-08 09:00:00,1,0,1,1,9.84,9.85,52,32.9975,6,133,139
2011-02-08 10:00:00,1,0,1,1,9.02,9.09,47,36.9974,5,43,48
2011-02-08 11:00:00,1,0,1,1,9.02,9.09,47,31.0009,0,49,49
2011-02-08 12:00:00,1,0,1,1,9.84,9.85,38,32.9975,0,61,61
2011-02-08 13:00:00,1,0,1,2,9.84,9.85,32,30.0026,2,50,52
2011-02-08 14:00:00,1,0,1,1,9.02,9.85,37,27.9993,3,60,63
2011-02-08 15:00:00,1,0,1,1,9.02,9.85,35,26.0027,4,40,44
2011-02-08 16:00:00,1,0,1,1,9.02,9.09,35,35.0008,3,81,84
2011-02-08 17:00:00,1,0,1,1,9.02,9.09,32,39.0007,5,172,177
2011-02-08 18:00:00,1,0,1,1,8.2,9.09,32,26.0027,1,151,152
2011-02-08 19:00:00,1,0,1,1,6.56,6.06,40,31.0009,1,106,107
2011-02-08 20:00:00,1,0,1,1,6.56,6.82,40,22.0028,3,54,57
2011-02-08 21:00:00,1,0,1,1,5.74,5.305,33,31.0009,8,43,51
2011-02-08 22:00:00,1,0,1,1,4.92,5.305,33,23.9994,0,25,25
2011-02-08 23:00:00,1,0,1,1,4.92,5.305,33,22.0028,4,10,14
2011-02-09 00:00:00,1,0,1,1,4.1,3.79,36,23.9994,0,17,17
2011-02-09 01:00:00,1,0,1,1,4.1,5.305,36,15.0013,0,2,2
2011-02-09 02:00:00,1,0,1,1,3.28,3.79,38,19.0012,1,1,2
2011-02-09 03:00:00,1,0,1,1,2.46,3.79,45,8.9981,0,2,2
2011-02-09 05:00:00,1,0,1,1,2.46,5.305,45,7.0015,-1,6,5
2011-02-09 06:00:00,1,0,1,1,2.46,7.575,45,0.0,0,40,40
2011-02-09 07:00:00,1,0,1,1,2.46,5.305,49,7.0015,1,96,97
2011-02-09 08:00:00,1,0,1,1,4.1,6.82,42,0.0,0,199,199
2011-02-09 09:00:00,1,0,1,1,4.92,6.82,39,11.0014,3,119,122
2011-02-09 10:00:00,1,0,1,1,5.74,9.09,36,0.0,5,56,61
2011-02-09 11:00:00,1,0,1,2,5.74,7.575,43,11.0014,0,39,39
2011-02-09 12:00:00,1,0,1,2,7.38,9.09,40,15.0013,4,53,57
2011-02-09 13:00:00,1,0,1,1,7.38,8.335,40,16.9979,2,65,67
2011-02-09 14:00:00,1,0,1,1,8.2,9.09,34,19.9995,2,53,55
2011-02-09 15:00:00,1,0,1,2,8.2,9.09,34,19.0012,2,60,62
2011-02-09 16:00:00,1,0,1,2,8.2,9.85,37,16.9979,7,76,83
2011-02-09 17:00:00,1,0,1,2,8.2,9.85,34,16.9979,8,158,166
2011-02-09 18:00:00,1,0,1,2,7.38,8.335,47,19.9995,2,172,174
2011-02-09 19:00:00,1,0,1,3,5.74,6.06,86,16.9979,1,85,86
2011-02-09 20:00:00,1,0,1,3,5.74,7.575,86,11.0014,0,86,86
2011-02-09 21:00:00,1,0,1,2,5.74,7.575,86,11.0014,-1,79,78
2011-02-09 22:00:00,1,0,1,3,6.56,8.335,80,11.0014,4,45,49
2011-02-09 23:00:00,1,0,1,3,6.56,7.575,80,12.998,0,35,35
2011-02-10 00:00:00,1,0,1,3,5.74,6.82,86,12.998,-1,11,10
2011-02-10 01:00:00,1,0,1,3,5.74,7.575,80,8.9981,-1,5,4
2011-02-10 02:00:00,1,0,1,3,5.74,7.575,80,8.9981,0,3,3
2011-02-10 04:00:00,1,0,1,2,5.74,6.82,59,15.0013,1,0,1
2011-02-10 05:00:00,1,0,1,2,4.92,6.06,50,15.0013,0,4,4
2011-02-10 06:00:00,1,0,1,2,4.92,6.06,54,19.0012,0,31,31
2011-02-10 07:00:00,1,0,1,1,4.1,3.79,50,27.9993,0,96,96
2011-02-10 08:00:00,1,0,1,1,4.1,3.79,49,22.0028,4,175,179
2011-02-10 09:00:00,1,0,1,1,4.92,5.305,42,23.9994,1,118,119
2011-02-10 10:00:00,1,0,1,1,4.92,5.305,42,19.9995,0,30,30
2011-02-10 11:00:00,1,0,1,1,5.74,6.06,39,23.9994,1,45,46
2011-02-10 12:00:00,1,0,1,1,6.56,6.82,34,26.0027,4,63,67
2011-02-10 13:00:00,1,0,1,1,7.38,8.335,29,19.9995,4,58,62
2011-02-10 14:00:00,1,0,1,1,8.2,9.09,27,19.0012,5,44,49
2011-02-10 15:00:00,1,0,1,1,8.2,9.85,25,16.9979,0,53,53
2011-02-10 16:00:00,1,0,1,1,8.2,9.09,27,19.9995,3,77,80
2011-02-10 17:00:00,1,0,1,1,7.38,9.09,26,12.998,7,159,166
2011-02-10 18:00:00,1,0,1,1,6.56,9.09,28,8.9981,5,154,159
2011-02-10 19:00:00,1,0,1,1,5.74,8.335,28,7.0015,2,111,113
2011-02-10 20:00:00,1,0,1,1,5.74,9.09,31,6.0032,5,97,102
2011-02-10 21:00:00,1,0,1,1,5.74,10.605,39,0.0,3,69,72
2011-02-10 22:00:00,1,0,1,1,4.92,9.85,39,0.0,4,45,49
2011-02-10 23:00:00,1,0,1,1,4.92,7.575,42,7.0015,1,34,35
2011-02-11 00:00:00,1,0,1,1,4.1,6.82,49,7.0015,1,15,16
2011-02-11 01:00:00,1,0,1,1,4.1,6.82,54,6.0032,1,2,3
2011-02-11 02:00:00,1,0,1,1,4.1,6.82,54,6.0032,0,-2,-2
2011-02-11 05:00:00,1,0,1,1,3.28,6.06,63,6.0032,2,9,11
2011-02-11 06:00:00,1,0,1,1,4.1,9.09,68,0.0,0,24,24
2011-02-11 07:00:00,1,0,1,1,3.28,8.335,73,0.0,0,72,72
2011-02-11 08:00:00,1,0,1,1,4.1,6.06,74,11.0014,3,212,215
2011-02-11 09:00:00,1,0,1,1,4.92,6.06,74,15.0013,7,133,140
2011-02-11 10:00:00,1,0,1,1,5.74,6.82,69,12.998,5,36,41
2011-02-11 11:00:00,1,0,1,1,9.02,11.365,47,8.9981,11,47,58
2011-02-11 12:00:00,1,0,1,1,9.02,11.365,47,8.9981,6,58,64
2011-02-11 13:00:00,1,0,1,1,9.84,11.365,35,12.998,22,89,111
2011-02-11 14:00:00,1,0,1,1,12.3,14.395,26,16.9979,16,70,86
2011-02-11 15:00:00,1,0,1,1,13.12,15.91,21,11.0014,10,59,69
2011-02-11 16:00:00,1,0,1,1,12.3,14.395,28,12.998,13,114,127
2011-02-11 17:00:00,1,0,1,1,12.3,16.665,24,0.0,18,196,214
2011-02-11 18:00:00,1,0,1,1,11.48,15.91,28,0.0,7,166,173
2011-02-11 19:00:00,1,0,1,1,10.66,15.15,33,0.0,6,94,100
2011-02-11 20:00:00,1,0,1,1,9.02,11.365,55,8.9981,2,58,60
2011-02-11 21:00:00,1,0,1,1,8.2,10.605,59,8.9981,0,44,44
2011-02-11 22:00:00,1,0,1,1,8.2,11.365,64,6.0032,0,43,43
2011-02-11 23:00:00,1,0,1,1,7.38,12.12,69,0.0,6,53,59
2011-02-12 00:00:00,1,0,0,1,6.56,9.85,69,6.0032,3,24,27
2011-02-12 01:00:00,1,0,0,1,5.74,10.605,86,0.0,2,23,25
2011-02-12 02:00:00,1,0,0,1,5.74,10.605,80,0.0,2,14,16
2011-02-12 03:00:00,1,0,0,1,4.92,9.85,80,0.0,1,9,10
2011-02-12 04:00:00,1,0,0,1,4.92,8.335,74,6.0032,1,7,8
2011-02-12 05:00:00,1,0,0,1,4.92,8.335,74,6.0032,0,5,5
2011-02-12 06:00:00,1,0,0,1,4.92,6.82,93,12.998,0,4,4
2011-02-12 07:00:00,1,0,0,1,4.92,7.575,80,7.0015,1,3,4
2011-02-12 08:00:00,1,0,0,1,5.74,7.575,86,8.9981,0,29,29
2011-02-12 09:00:00,1,0,0,1,6.56,9.09,64,8.9981,5,40,45
2011-02-12 10:00:00,1,0,0,1,9.02,10.605,41,16.9979,13,64,77
2011-02-12 11:00:00,1,0,0,1,12.3,13.635,28,22.0028,30,85,115
2011-02-12 12:00:00,1,0,0,1,12.3,13.635,39,31.0009,26,95,121
2011-02-12 13:00:00,1,0,0,1,12.3,13.635,39,27.9993,31,97,128
2011-02-12 14:00:00,1,0,0,1,13.94,15.91,31,19.0012,28,92,120
2011-02-12 15:00:00,1,0,0,1,13.94,15.15,29,27.9993,48,125,173
2011-02-12 16:00:00,1,0,0,1,13.94,15.15,29,27.9993,42,109,151
2011-02-12 17:00:00,1,0,0,1,13.12,14.395,31,35.0008,24,116,140
2011-02-12 18:00:00,1,0,0,1,11.48,12.88,38,22.0028,3,57,60
2011-02-12 19:00:00,1,0,0,1,11.48,13.635,38,11.0014,1,40,41
2011-02-12 20:00:00,1,0,0,1,10.66,12.88,41,15.0013,2,36,38
2011-02-12 21:00:00,1,0,0,1,10.66,15.15,41,0.0,6,45,51
2011-02-12 22:00:00,1,0,0,1,9.84,12.88,44,6.0032,6,42,48
2011-02-12 23:00:00,1,0,0,1,9.02,11.365,51,8.9981,0,30,30
2011-02-13 00:00:00,1,0,0,1,8.2,11.365,64,7.0015,4,34,38
2011-02-13 01:00:00,1,0,0,1,8.2,11.365,59,6.0032,1,20,21
2011-02-13 02:00:00,1,0,0,2,8.2,11.365,75,6.0032,0,18,18
2011-02-13 03:00:00,1,0,0,2,8.2,11.365,69,7.0015,1,12,13
2011-02-13 04:00:00,1,0,0,2,8.2,10.605,69,11.0014,0,0,0
2011-02-13 06:00:00,1,0,0,2,8.2,10.605,69,8.9981,2,5,7
2011-02-13 07:00:00,1,0,0,2,9.02,13.635,55,0.0,1,9,10
2011-02-13 08:00:00,1,0,0,2,9.02,11.365,64,12.998,1,8,9
2011-02-13 09:00:00,1,0,0,2,9.84,11.365,60,15.0013,12,35,47
2011-02-13 10:00:00,1,0,0,1,12.3,13.635,45,22.0028,19,90,109
2011-02-13 11:00:00,1,0,0,1,13.12,14.395,39,30.0026,25,84,109
2011-02-13 12:00:00,1,0,0,1,14.76,15.91,32,31.0009,58,93,151
2011-02-13 13:00:00,1,0,0,1,15.58,19.695,29,23.9994,63,87,150
2011-02-13 14:00:00,1,0,0,2,16.4,20.455,30,27.9993,51,111,162
2011-02-13 15:00:00,1,0,0,2,16.4,20.455,30,19.9995,37,124,161
2011-02-13 16:00:00,1,0,0,2,17.22,21.21,28,22.0028,29,109,138
2011-02-13 17:00:00,1,0,0,1,17.22,21.21,28,22.0028,31,96,127
2011-02-13 18:00:00,1,0,0,1,16.4,20.455,32,19.9995,17,75,92
2011-02-13 19:00:00,1,0,0,1,16.4,20.455,35,19.0012,10,49,59
2011-02-13 20:00:00,1,0,0,1,16.4,20.455,35,22.0028,14,35,49
2011-02-13 21:00:00,1,0,0,1,16.4,20.455,35,23.9994,7,43,50
2011-02-13 22:00:00,1,0,0,1,16.4,20.455,35,19.9995,5,39,44
2011-02-13 23:00:00,1,0,0,1,16.4,20.455,35,23.9994,3,24,27
2011-02-14 00:00:00,1,0,1,1,15.58,19.695,37,23.9994,4,5,9
2011-02-14 01:00:00,1,0,1,1,15.58,19.695,37,23.9994,1,5,6
2011-02-14 02:00:00,1,0,1,1,14.76,16.665,40,19.9995,0,8,8
2011-02-14 03:00:00,1,0,1,1,13.94,15.91,46,15.0013,1,2,3
2011-02-14 04:00:00,1,0,1,1,13.12,15.15,53,19.0012,0,0,0
2011-02-14 05:00:00,1,0,1,1,13.12,15.15,53,19.0012,-1,5,4
2011-02-14 06:00:00,1,0,1,1,13.94,15.15,46,19.9995,0,24,24
2011-02-14 07:00:00,1,0,1,1,13.94,15.15,46,19.9995,2,91,93
2011-02-14 08:00:00,1,0,1,1,15.58,19.695,40,31.0009,7,252,259
2011-02-14 09:00:00,1,0,1,1,16.4,20.455,37,26.0027,8,126,134
2011-02-14 10:00:00,1,0,1,1,18.04,21.97,33,15.0013,8,44,52
2011-02-14 11:00:00,1,0,1,1,21.32,25.0,23,16.9979,9,43,52
2011-02-14 12:00:00,1,0,1,1,22.96,26.515,22,30.0026,28,101,129
2011-02-14 13:00:00,1,0,1,1,23.78,27.275,19,26.0027,26,91,117
2011-02-14 14:00:00,1,0,1,1,24.6,29.545,15,32.9975,13,68,81
2011-02-14 15:00:00,1,0,1,1,22.96,26.515,21,43.9989,19,75,94
2011-02-14 16:00:00,1,0,1,1,21.32,25.0,27,31.0009,15,107,122
2011-02-14 17:00:00,1,0,1,1,18.86,22.725,33,40.9973,23,217,240
2011-02-14 18:00:00,1,0,1,1,16.4,20.455,40,40.9973,11,191,202
2011-02-14 19:00:00,1,0,1,1,15.58,19.695,43,32.9975,10,81,91
2011-02-14 20:00:00,1,0,1,1,14.76,15.91,46,31.0009,7,69,76
2011-02-14 21:00:00,1,0,1,1,14.76,15.91,50,35.0008,6,30,36
2011-02-14 22:00:00,1,0,1,1,13.94,14.395,46,43.9989,2,40,42
2011-02-14 23:00:00,1,0,1,1,13.12,14.395,49,32.9975,1,19,20
2011-02-15 00:00:00,1,0,1,1,12.3,13.635,49,27.9993,4,14,18
2011-02-15 01:00:00,1,0,1,1,12.3,12.12,42,51.9987,-1,9,8
2011-02-15 02:00:00,1,0,1,1,11.48,11.365,41,46.0022,0,0,0
2011-02-15 04:00:00,1,0,1,1,9.02,9.09,37,35.0008,0,3,3
2011-02-15 05:00:00,1,0,1,1,9.02,9.09,32,31.0009,0,7,7
2011-02-15 06:00:00,1,0,1,1,8.2,9.09,32,22.0028,-2,29,27
2011-02-15 07:00:00,1,0,1,1,8.2,9.09,32,23.9994,2,102,104
2011-02-15 08:00:00,1,0,1,1,8.2,9.09,32,23.9994,11,217,228
2011-02-15 09:00:00,1,0,1,1,9.02,9.85,29,30.0026,3,105,108
2011-02-15 10:00:00,1,0,1,1,9.84,10.605,27,19.0012,3,45,48
2011-02-15 11:00:00,1,0,1,1,10.66,12.12,25,16.9979,10,40,50
2011-02-15 12:00:00,1,0,1,1,11.48,13.635,24,16.9979,4,64,68
2011-02-15 13:00:00,1,0,1,1,13.12,15.15,21,15.0013,13,69,82
2011-02-15 14:00:00,1,0,1,1,13.94,15.91,19,15.0013,9,70,79
2011-02-15 15:00:00,1,0,1,1,13.94,16.665,19,11.0014,11,74,85
2011-02-15 16:00:00,1,0,1,1,13.94,15.91,19,16.9979,21,71,92
2011-02-15 17:00:00,1,0,1,1,13.12,15.15,22,15.0013,14,190,204
2011-02-15 18:00:00,1,0,1,1,12.3,15.15,22,8.9981,13,195,208
2011-02-15 19:00:00,1,0,1,1,11.48,14.395,26,8.9981,4,141,145
2011-02-15 20:00:00,1,0,1,1,10.66,13.635,33,7.0015,3,94,97
2011-02-15 21:00:00,1,0,1,1,9.84,14.395,52,0.0,6,63,69
2011-02-15 22:00:00,1,0,1,1,9.84,14.395,44,0.0,0,38,38
2011-02-15 23:00:00,1,0,1,2,9.02,12.88,44,6.0032,-1,23,22
2011-02-16 00:00:00,1,0,1,1,9.02,12.88,41,6.0032,0,20,20
2011-02-16 01:00:00,1,0,1,1,8.2,11.365,44,6.0032,1,11,12
2011-02-16 03:00:00,1,0,1,2,8.2,9.85,47,12.998,1,0,1
2011-02-16 04:00:00,1,0,1,1,8.2,9.85,51,12.998,0,-2,-2
2011-02-16 05:00:00,1,0,1,1,8.2,9.85,47,12.998,0,3,3
2011-02-16 06:00:00,1,0,1,1,8.2,9.85,55,15.0013,1,32,33
2011-02-16 07:00:00,1,0,1,2,8.2,9.85,55,15.0013,6,107,113
2011-02-16 08:00:00,1,0,1,2,9.02,11.365,55,11.0014,7,227,234
2011-02-16 09:00:00,1,0,1,1,9.84,10.605,52,19.0012,2,121,123
2011-02-16 10:00:00,1,0,1,1,10.66,11.365,41,26.0027,12,50,62
2011-02-16 11:00:00,1,0,1,1,13.94,15.15,34,19.9995,7,53,60
2011-02-16 12:00:00,1,0,1,1,15.58,19.695,32,22.0028,14,72,86
2011-02-16 13:00:00,1,0,1,1,17.22,21.21,30,23.9994,12,78,90
2011-02-16 14:00:00,1,0,1,1,18.86,22.725,28,27.9993,17,62,79
2011-02-16 15:00:00,1,0,1,1,18.86,22.725,28,27.9993,34,84,118
2011-02-16 16:00:00,1,0,1,1,18.86,22.725,31,26.0027,25,99,124
2011-02-16 17:00:00,1,0,1,1,18.86,22.725,28,19.0012,12,239,251
2011-02-16 18:00:00,1,0,1,1,16.4,20.455,40,15.0013,18,198,216
2011-02-16 19:00:00,1,0,1,1,13.94,15.91,53,15.0013,18,140,158
2011-02-16 20:00:00,1,0,1,1,15.58,19.695,43,12.998,10,106,116
2011-02-16 21:00:00,1,0,1,1,14.76,17.425,46,12.998,5,83,88
2011-02-16 22:00:00,1,0,1,1,13.94,16.665,53,12.998,10,60,70
2011-02-16 23:00:00,1,0,1,1,15.58,19.695,40,15.0013,2,35,37
2011-02-17 00:00:00,1,0,1,1,13.94,16.665,53,12.998,0,14,14
2011-02-17 01:00:00,1,0,1,1,13.94,15.91,53,15.0013,-1,4,3
2011-02-17 02:00:00,1,0,1,2,13.94,15.91,53,15.0013,0,4,4
2011-02-17 03:00:00,1,0,1,1,13.94,16.665,53,12.998,2,2,4
2011-02-17 04:00:00,1,0,1,1,13.12,15.91,57,12.998,3,4,7
2011-02-17 05:00:00,1,0,1,1,13.12,16.665,66,6.0032,0,11,11
2011-02-17 06:00:00,1,0,1,1,12.3,15.15,70,8.9981,4,45,49
2011-02-17 07:00:00,1,0,1,1,13.12,16.665,57,7.0015,6,115,121
2011-02-17 08:00:00,1,0,1,1,13.12,16.665,57,6.0032,18,265,283
2011-02-17 09:00:00,1,0,1,1,14.76,17.425,57,12.998,17,167,184
2011-02-17 10:00:00,1,0,1,1,15.58,19.695,54,12.998,17,66,83
2011-02-17 11:00:00,1,0,1,2,18.04,21.97,44,16.9979,18,69,87
2011-02-17 12:00:00,1,0,1,1,19.68,23.485,41,15.0013,16,89,105
2011-02-17 13:00:00,1,0,1,1,22.14,25.76,34,15.0013,16,110,126
2011-02-17 14:00:00,1,0,1,1,24.6,31.06,31,15.0013,26,53,79
2011-02-17 15:00:00,1,0,1,1,24.6,30.305,28,16.9979,15,95,110
2011-02-17 16:00:00,1,0,1,2,22.96,26.515,35,19.9995,29,118,147
2011-02-17 17:00:00,1,0,1,2,23.78,27.275,32,19.9995,19,258,277
2011-02-17 18:00:00,1,0,1,2,22.14,25.76,42,19.0012,10,208,218
2011-02-17 19:00:00,1,0,1,1,19.68,23.485,55,22.0028,14,156,170
2011-02-17 20:00:00,1,0,1,1,19.68,23.485,59,22.0028,7,128,135
2011-02-17 21:00:00,1,0,1,1,21.32,25.0,55,26.0027,4,119,123
2011-02-17 22:00:00,1,0,1,1,20.5,24.24,59,19.0012,9,58,67
2011-02-17 23:00:00,1,0,1,1,18.86,22.725,67,19.9995,2,35,37
2011-02-18 00:00:00,1,0,1,1,18.04,21.97,72,19.0012,11,13,24
2011-02-18 01:00:00,1,0,1,1,18.04,21.97,72,15.0013,0,8,8
2011-02-18 02:00:00,1,0,1,1,18.04,21.97,72,19.0012,1,7,8
2011-02-18 03:00:00,1,0,1,1,18.86,22.725,67,16.9979,4,2,6
2011-02-18 04:00:00,1,0,1,1,18.86,22.725,67,16.9979,0,0,0
2011-02-18 05:00:00,1,0,1,2,18.86,22.725,67,7.0015,3,1,4
2011-02-18 06:00:00,1,0,1,2,18.04,21.97,72,11.0014,1,45,46
2011-02-18 07:00:00,1,0,1,2,17.22,21.21,77,15.0013,7,107,114
2011-02-18 08:00:00,1,0,1,2,17.22,21.21,77,12.998,25,248,273
2011-02-18 09:00:00,1,0,1,2,17.22,21.21,77,12.998,16,153,169
2011-02-18 10:00:00,1,0,1,2,18.04,21.97,72,15.0013,16,76,92
2011-02-18 11:00:00,1,0,1,1,18.04,21.97,72,11.0014,30,82,112
2011-02-18 12:00:00,1,0,1,1,20.5,24.24,59,12.998,58,131,189
2011-02-18 13:00:00,1,0,1,1,24.6,31.06,43,12.998,45,131,176
2011-02-18 14:00:00,1,0,1,1,27.06,31.06,36,19.9995,70,119,189
2011-02-18 15:00:00,1,0,1,1,27.06,31.06,36,22.0028,56,119,175
2011-02-18 16:00:00,1,0,1,1,27.06,31.06,36,19.0012,67,166,233
2011-02-18 17:00:00,1,0,1,1,27.06,31.06,34,23.9994,52,275,327
2011-02-18 18:00:00,1,0,1,1,26.24,31.06,33,22.0028,30,190,220
2011-02-18 19:00:00,1,0,1,1,25.42,31.06,29,39.0007,17,149,166
2011-02-18 20:00:00,1,0,1,1,24.6,31.06,31,12.998,19,106,125
2011-02-18 21:00:00,1,0,1,1,23.78,27.275,21,32.9975,11,64,75
2011-02-18 22:00:00,1,0,1,1,22.14,25.76,10,16.9979,17,87,104
2011-02-18 23:00:00,1,0,1,1,21.32,25.0,8,19.0012,16,60,76
2011-02-19 00:00:00,1,0,0,1,19.68,23.485,12,32.9975,6,28,34
2011-02-19 01:00:00,1,0,0,1,18.86,22.725,14,27.9993,10,21,31
2011-02-19 02:00:00,1,0,0,1,18.04,21.97,13,26.0027,2,13,15
2011-02-19 03:00:00,1,0,0,1,17.22,21.21,14,19.9995,0,7,7
2011-02-19 04:00:00,1,0,0,1,16.4,20.455,15,22.0028,1,1,2
2011-02-19 05:00:00,1,0,0,1,16.4,20.455,15,22.0028,1,2,3
2011-02-19 06:00:00,1,0,0,1,16.4,20.455,17,27.9993,3,3,6
2011-02-19 07:00:00,1,0,0,1,15.58,19.695,17,35.0008,8,18,26
2011-02-19 08:00:00,1,0,0,1,15.58,19.695,17,39.0007,9,34,43
2011-02-19 09:00:00,1,0,0,1,16.4,20.455,16,43.9989,18,37,55
2011-02-19 10:00:00,1,0,0,1,17.22,21.21,16,39.0007,32,70,102
2011-02-19 11:00:00,1,0,0,1,18.04,21.97,16,39.0007,47,78,125
2011-02-19 12:00:00,1,0,0,1,18.04,21.97,18,32.9975,37,80,117
2011-02-19 13:00:00,1,0,0,1,18.04,21.97,16,40.9973,53,106,159
2011-02-19 14:00:00,1,0,0,1,18.86,22.725,15,43.9989,101,91,192
2011-02-19 15:00:00,1,0,0,1,18.04,21.97,16,50.0021,83,85,168
2011-02-19 16:00:00,1,0,0,1,18.04,21.97,16,43.0006,39,83,122
2011-02-19 17:00:00,1,0,0,1,17.22,21.21,19,40.9973,37,91,128
2011-02-19 18:00:00,1,0,0,1,14.76,15.91,25,30.0026,19,64,83
2011-02-19 19:00:00,1,0,0,1,13.94,15.15,29,23.9994,5,53,58
2011-02-19 20:00:00,1,0,0,1,13.12,14.395,28,35.0008,9,39,48
2011-02-19 21:00:00,1,0,0,1,13.12,13.635,26,36.9974,3,21,24
2011-02-19 22:00:00,1,0,0,1,12.3,12.88,28,32.9975,3,42,45
2011-02-19 23:00:00,1,0,0,1,11.48,12.12,33,30.0026,4,24,28
2011-03-01 00:00:00,1,0,1,1,12.3,13.635,70,31.0009,0,8,8
2011-03-01 01:00:00,1,0,1,1,10.66,11.365,70,23.9994,-1,6,5
2011-03-01 02:00:00,1,0,1,1,9.84,10.605,65,26.0027,0,5,5
2011-03-01 03:00:00,1,0,1,1,9.02,10.605,69,19.0012,1,2,3
2011-03-01 04:00:00,1,0,1,1,9.02,10.605,69,16.9979,1,-2,-1
2011-03-01 05:00:00,1,0,1,1,8.2,9.09,64,19.0012,1,-2,-1
2011-03-01 06:00:00,1,0,1,1,8.2,9.09,59,19.9995,-1,49,48
2011-03-01 07:00:00,1,0,1,1,8.2,9.09,59,22.0028,2,100,102
2011-03-01 08:00:00,1,0,1,1,8.2,9.09,59,26.0027,11,207,218
2011-03-01 09:00:00,1,0,1,1,9.02,9.85,55,27.9993,8,114,122
2011-03-01 10:00:00,1,0,1,1,9.84,10.605,52,19.0012,13,57,70
2011-03-01 11:00:00,1,0,1,1,11.48,13.635,45,16.9979,7,48,55
2011-03-01 12:00:00,1,0,1,1,12.3,15.15,39,8.9981,5,81,86
2011-03-01 13:00:00,1,0,1,1,13.12,17.425,39,0.0,13,66,79
2011-03-01 14:00:00,1,0,1,1,13.12,16.665,36,8.9981,17,60,77
2011-03-01 15:00:00,1,0,1,1,13.94,18.18,34,0.0,4,55,59
2011-03-01 16:00:00,1,0,1,1,13.94,17.425,34,6.0032,11,91,102
2011-03-01 17:00:00,1,0,1,1,13.94,17.425,34,6.0032,11,227,238
2011-03-01 18:00:00,1,0,1,1,13.12,15.91,39,12.998,9,210,219
2011-03-01 19:00:00,1,0,1,1,12.3,15.15,49,8.9981,1,112,113
2011-03-01 20:00:00,1,0,1,1,12.3,15.91,61,6.0032,2,80,82
2011-03-01 21:00:00,1,0,1,1,10.66,15.15,56,0.0,8,53,61
2011-03-01 22:00:00,1,0,1,1,9.84,13.635,62,7.0015,2,38,40
2011-03-01 23:00:00,1,0,1,1,9.84,11.365,65,15.0013,2,23,25
2011-03-02 00:00:00,1,0,1,1,9.02,11.365,69,11.0014,2,3,5
2011-03-02 01:00:00,1,0,1,1,9.02,11.365,69,12.998,1,0,1
2011-03-02 02:00:00,1,0,1,1,9.02,11.365,69,12.998,-1,0,-1
2011-03-02 03:00:00,1,0,1,1,9.02,10.605,69,19.0012,1,3,4
2011-03-02 04:00:00,1,0,1,1,8.2,10.605,75,8.9981,0,-2,-2
2011-03-02 05:00:00,1,0,1,1,9.02,10.605,69,15.0013,-1,6,5
2011-03-02 06:00:00,1,0,1,1,9.02,10.605,55,16.9979,0,39,39
2011-03-02 07:00:00,1,0,1,1,9.02,10.605,64,16.9979,2,107,109
2011-03-02 08:00:00,1,0,1,1,9.84,10.605,65,19.0012,13,247,260
2011-03-02 09:00:00,1,0,1,1,11.48,12.88,56,19.9995,6,141,147
2011-03-02 10:00:00,1,0,1,1,13.12,15.15,49,19.0012,10,63,73
2011-03-02 11:00:00,1,0,1,1,13.94,15.15,53,22.0028,9,64,73
2011-03-02 12:00:00,1,0,1,1,16.4,20.455,43,12.998,18,56,74
2011-03-02 13:00:00,1,0,1,1,20.5,24.24,25,0.0,35,87,122
2011-03-02 14:00:00,1,0,1,1,21.32,25.0,23,19.9995,23,72,95
2011-03-02 15:00:00,1,0,1,1,22.14,25.76,19,27.9993,19,89,108
2011-03-02 16:00:00,1,0,1,1,22.14,25.76,19,22.0028,26,113,139
2011-03-02 17:00:00,1,0,1,1,20.5,24.24,23,19.0012,31,237,268
2011-03-02 18:00:00,1,0,1,1,18.86,22.725,23,32.9975,6,189,195
2011-03-02 19:00:00,1,0,1,1,16.4,20.455,28,35.0008,7,147,154
2011-03-02 20:00:00,1,0,1,1,14.76,16.665,29,27.9993,6,86,92
2011-03-02 21:00:00,1,0,1,1,13.94,14.395,29,31.0009,5,69,74
2011-03-02 22:00:00,1,0,1,1,12.3,12.88,26,36.9974,4,40,44
2011-03-02 23:00:00,1,0,1,1,10.66,10.605,30,35.0008,0,28,28
2011-03-03 00:00:00,1,0,1,1,9.84,9.85,30,31.0009,3,9,12
2011-03-03 01:00:00,1,0,1,1,9.84,9.85,30,31.0009,0,0,0
2011-03-03 02:00:00,1,0,1,1,8.2,8.335,27,31.0009,1,-1,0
2011-03-03 03:00:00,1,0,1,1,8.2,8.335,27,31.0009,1,-2,-1
2011-03-03 04:00:00,1,0,1,1,6.56,6.06,31,32.9975,0,1,1
2011-03-03 05:00:00,1,0,1,1,5.74,6.06,33,19.9995,1,7,8
2011-03-03 06:00:00,1,0,1,1,5.74,6.06,33,19.9995,0,30,30
2011-03-03 07:00:00,1,0,1,1,4.92,4.545,42,27.9993,2,112,114
2011-03-03 08:00:00,1,0,1,1,5.74,6.06,39,19.9995,2,214,216
2011-03-03 09:00:00,1,0,1,1,6.56,6.82,37,19.0012,10,136,146
2011-03-03 10:00:00,1,0,1,1,7.38,9.09,29,12.998,6,48,54
2011-03-03 11:00:00,1,0,1,1,8.2,11.365,29,6.0032,9,40,49
2011-03-03 12:00:00,1,0,1,1,9.02,11.365,25,8.9981,7,59,66
2011-03-03 13:00:00,1,0,1,1,9.02,12.88,25,6.0032,14,62,76
2011-03-03 14:00:00,1,0,1,1,9.84,12.88,21,7.0015,19,55,74
2011-03-03 15:00:00,1,0,1,1,9.84,14.395,23,0.0,5,65,70
2011-03-03 16:00:00,1,0,1,1,10.66,15.15,23,0.0,5,62,67
2011-03-03 17:00:00,1,0,1,1,10.66,15.15,22,0.0,17,182,199
2011-03-03 18:00:00,1,0,1,1,9.84,10.605,35,22.0028,5,161,166
2011-03-03 19:00:00,1,0,1,1,8.2,9.85,40,16.9979,5,99,104
2011-03-03 20:00:00,1,0,1,1,8.2,11.365,40,6.0032,1,66,67
2011-03-03 21:00:00,1,0,1,1,7.38,10.605,40,7.0015,4,47,51
2011-03-03 22:00:00,1,0,1,1,8.2,12.88,40,0.0,3,50,53
2011-03-03 23:00:00,1,0,1,2,7.38,10.605,43,6.0032,0,28,28
2011-03-04 00:00:00,1,0,1,2,8.2,9.85,55,12.998,1,8,9
2011-03-04 01:00:00,1,0,1,2,7.38,9.09,64,12.998,-1,2,1
2011-03-04 02:00:00,1,0,1,2,7.38,9.09,64,12.998,0,0,0
2011-03-04 03:00:00,1,0,1,2,7.38,8.335,74,16.9979,0,-4,-4
2011-03-04 04:00:00,1,0,1,2,7.38,9.09,74,12.998,1,0,1
2011-03-04 05:00:00,1,0,1,2,6.56,9.09,74,8.9981,0,10,10
2011-03-04 06:00:00,1,0,1,2,6.56,9.85,74,6.0032,1,33,34
2011-03-04 07:00:00,1,0,1,1,6.56,9.09,80,8.9981,0,76,76
2011-03-04 08:00:00,1,0,1,1,7.38,9.85,74,8.9981,6,220,226
2011-03-04 09:00:00,1,0,1,1,9.02,11.365,60,8.9981,12,136,148
2011-03-04 10:00:00,1,0,1,1,9.84,11.365,60,16.9979,11,52,63
2011-03-04 11:00:00,1,0,1,1,11.48,13.635,52,15.0013,16,72,88
2011-03-04 12:00:00,1,0,1,1,13.12,15.15,43,11.0014,10,88,98
2011-03-04 13:00:00,1,0,1,1,13.94,15.91,42,15.0013,13,77,90
2011-03-04 14:00:00,1,0,1,1,14.76,16.665,40,19.0012,30,70,100
2011-03-04 15:00:00,1,0,1,1,14.76,16.665,40,19.9995,30,75,105
2011-03-04 16:00:00,1,0,1,1,14.76,17.425,46,12.998,16,99,115
2011-03-04 17:00:00,1,0,1,2,14.76,16.665,50,16.9979,20,209,229
2011-03-04 18:00:00,1,0,1,2,13.94,15.15,53,19.9995,13,171,184
2011-03-04 19:00:00,1,0,1,1,13.12,15.15,61,16.9979,5,101,106
2011-03-04 20:00:00,1,0,1,2,12.3,14.395,70,12.998,7,76,83
2011-03-04 21:00:00,1,0,1,2,12.3,14.395,70,15.0013,6,64,70
2011-03-04 22:00:00,1,0,1,1,12.3,14.395,70,12.998,4,37,41
2011-03-04 23:00:00,1,0,1,2,12.3,15.15,75,11.0014,6,43,49
2011-03-05 00:00:00,1,0,0,2,11.48,14.395,81,7.0015,4,9,13
2011-03-05 01:00:00,1,0,0,2,12.3,15.91,81,7.0015,5,22,27
2011-03-05 02:00:00,1,0,0,2,12.3,14.395,87,12.998,4,16,20
2011-03-05 03:00:00,1,0,0,2,12.3,14.395,87,12.998,0,2,2
2011-03-05 04:00:00,1,0,0,2,12.3,15.15,93,11.0014,0,6,6
2011-03-05 05:00:00,1,0,0,2,12.3,15.15,100,8.9981,0,5,5
2011-03-05 06:00:00,1,0,0,2,12.3,14.395,100,15.0013,0,0,0
2011-03-05 07:00:00,1,0,0,2,12.3,13.635,100,19.9995,5,11,16
2011-03-05 08:00:00,1,0,0,2,12.3,13.635,100,19.9995,11,36,47
2011-03-05 09:00:00,1,0,0,2,13.12,15.15,93,15.0013,15,48,63
2011-03-05 10:00:00,1,0,0,2,13.94,16.665,93,12.998,33,69,102
2011-03-05 11:00:00,1,0,0,2,16.4,20.455,76,15.0013,43,117,160
2011-03-05 12:00:00,1,0,0,2,18.04,21.97,67,16.9979,45,118,163
2011-03-05 13:00:00,1,0,0,2,18.86,22.725,67,19.0012,58,133,191
2011-03-05 14:00:00,1,0,0,2,19.68,23.485,59,19.0012,79,115,194
2011-03-05 15:00:00,1,0,0,2,18.86,22.725,63,19.9995,82,123,205
2011-03-05 16:00:00,1,0,0,2,19.68,23.485,59,19.9995,73,136,209
2011-03-05 17:00:00,1,0,0,2,19.68,23.485,59,23.9994,57,101,158
2011-03-05 18:00:00,1,0,0,2,19.68,23.485,59,22.0028,36,120,156
2011-03-05 19:00:00,1,0,0,2,18.86,22.725,67,22.0028,28,60,88
2011-03-05 20:00:00,1,0,0,2,18.04,21.97,77,22.0028,10,57,67
2011-03-05 21:00:00,1,0,0,2,18.04,21.97,72,22.0028,12,58,70
2011-03-05 22:00:00,1,0,0,2,17.22,21.21,77,19.9995,14,48,62
2011-03-05 23:00:00,1,0,0,2,18.04,21.97,77,19.9995,10,36,46
2011-03-06 00:00:00,1,0,0,2,17.22,21.21,77,23.9994,10,39,49
2011-03-06 01:00:00,1,0,0,2,17.22,21.21,77,19.0012,12,28,40
2011-03-06 02:00:00,1,0,0,2,16.4,20.455,82,19.0012,3,25,28
2011-03-06 03:00:00,1,0,0,2,17.22,21.21,82,19.9995,1,5,6
2011-03-06 04:00:00,1,0,0,2,17.22,21.21,88,23.9994,-1,3,2
2011-03-06 06:00:00,1,0,0,2,17.22,21.21,94,23.9994,0,3,3
2011-03-06 07:00:00,1,0,0,3,17.22,21.21,100,30.0026,-1,5,4
2011-03-06 08:00:00,1,0,0,2,16.4,20.455,100,19.9995,1,8,9
2011-03-06 09:00:00,1,0,0,2,17.22,21.21,100,19.0012,3,20,23
2011-03-06 10:00:00,1,0,0,2,17.22,21.21,100,19.9995,5,31,36
2011-03-06 11:00:00,1,0,0,2,17.22,21.21,100,15.0013,18,43,61
2011-03-06 12:00:00,1,0,0,2,18.86,22.725,94,22.0028,11,73,84
2011-03-06 13:00:00,1,0,0,2,18.86,22.725,94,23.9994,22,80,102
2011-03-06 14:00:00,1,0,0,3,18.04,21.97,100,15.0013,11,25,36
2011-03-06 15:00:00,1,0,0,3,18.04,21.97,100,15.0013,4,8,12
2011-03-06 16:00:00,1,0,0,3,14.76,16.665,100,19.0012,1,2,3
2011-03-06 17:00:00,1,0,0,3,13.94,15.15,100,19.9995,2,18,20
2011-03-06 18:00:00,1,0,0,3,13.12,14.395,100,23.9994,0,25,25
2011-03-06 19:00:00,1,0,0,3,12.3,12.88,100,32.9975,0,13,13
2011-03-06 20:00:00,1,0,0,3,11.48,12.12,100,27.9993,3,12,15
2011-03-06 21:00:00,1,0,0,3,9.84,9.09,93,40.9973,0,6,6
2011-03-06 22:00:00,1,0,0,2,9.02,9.85,100,26.0027,-1,9,8
2011-03-06 23:00:00,1,0,0,2,9.02,9.85,100,27.9993,0,7,7
2011-03-07 00:00:00,1,0,1,3,8.2,9.09,100,22.0028,0,3,3
2011-03-07 01:00:00,1,0,1,3,8.2,9.09,100,22.0028,0,5,5
2011-03-07 03:00:00,1,0,1,1,8.2,7.575,80,39.0007,0,0,0
2011-03-07 04:00:00,1,0,1,1,8.2,7.575,80,35.0008,0,0,0
2011-03-07 05:00:00,1,0,1,1,8.2,9.09,75,23.9994,1,0,1
2011-03-07 06:00:00,1,0,1,1,8.2,9.09,75,26.0027,3,32,35
2011-03-07 07:00:00,1,0,1,1,8.2,8.335,75,27.9993,4,85,89
2011-03-07 08:00:00,1,0,1,1,8.2,9.09,75,26.0027,10,201,211
2011-03-07 09:00:00,1,0,1,1,9.02,9.09,64,31.0009,3,132,135
2011-03-07 10:00:00,1,0,1,1,9.84,10.605,60,19.9995,14,37,51
2011-03-07 11:00:00,1,0,1,1,10.66,10.605,48,30.0026,19,38,57
2011-03-07 12:00:00,1,0,1,1,12.3,13.635,42,27.9993,29,68,97
2011-03-07 13:00:00,1,0,1,1,13.12,14.395,36,26.0027,15,50,65
2011-03-07 14:00:00,1,0,1,1,13.12,14.395,36,27.9993,19,54,73
2011-03-07 15:00:00,1,0,1,1,13.94,15.15,31,26.0027,31,65,96
2011-03-07 16:00:00,1,0,1,1,13.94,15.15,31,23.9994,26,92,118
2011-03-07 17:00:00,1,0,1,1,13.94,15.15,29,23.9994,27,205,232
2011-03-07 18:00:00,1,0,1,1,13.12,15.15,31,15.0013,17,218,235
2011-03-07 19:00:00,1,0,1,1,12.3,14.395,33,15.0013,12,135,147
2011-03-07 20:00:00,1,0,1,1,12.3,15.15,33,11.0014,2,92,94
2011-03-07 21:00:00,1,0,1,1,11.48,13.635,38,15.0013,1,55,56
2011-03-07 22:00:00,1,0,1,1,10.66,12.88,48,11.0014,0,38,38
2011-03-07 23:00:00,1,0,1,1,11.48,15.91,48,0.0,1,18,19
2011-03-08 00:00:00,1,0,1,1,10.66,14.395,48,6.0032,2,7,9
2011-03-08 01:00:00,1,0,1,1,9.84,12.12,52,8.9981,0,0,0
2011-03-08 02:00:00,1,0,1,1,9.84,12.12,52,8.9981,0,0,0
2011-03-08 03:00:00,1,0,1,1,9.84,12.88,52,6.0032,5,1,6
2011-03-08 04:00:00,1,0,1,1,9.02,13.635,64,0.0,0,4,4
2011-03-08 05:00:00,1,0,1,1,8.2,11.365,69,7.0015,2,8,10
2011-03-08 06:00:00,1,0,1,1,8.2,12.88,59,0.0,3,41,44
2011-03-08 07:00:00,1,0,1,1,7.38,9.85,64,8.9981,7,121,128
2011-03-08 08:00:00,1,0,1,1,9.02,11.365,55,12.998,10,249,259
2011-03-08 09:00:00,1,0,1,1,10.66,12.88,41,11.0014,13,141,154
2011-03-08 10:00:00,1,0,1,2,12.3,14.395,33,12.998,25,44,69
2011-03-08 11:00:00,1,0,1,2,14.76,17.425,25,11.0014,27,51,78
2011-03-08 12:00:00,1,0,1,2,14.76,18.94,23,0.0,29,67,96
2011-03-08 13:00:00,1,0,1,2,15.58,19.695,25,7.0015,23,73,96
2011-03-08 14:00:00,1,0,1,2,15.58,19.695,20,0.0,17,51,68
2011-03-08 15:00:00,1,0,1,2,14.76,18.94,18,0.0,35,73,108
2011-03-08 16:00:00,1,0,1,1,15.58,19.695,27,11.0014,25,79,104
2011-03-08 17:00:00,1,0,1,1,14.76,17.425,27,15.0013,38,209,247
2011-03-08 18:00:00,1,0,1,1,13.94,16.665,27,12.998,22,216,238
2011-03-08 19:00:00,1,0,1,1,13.94,17.425,31,7.0015,7,140,147
2011-03-08 20:00:00,1,0,1,1,13.12,16.665,39,6.0032,1,69,70
2011-03-08 21:00:00,1,0,1,1,12.3,14.395,49,12.998,6,70,76
2011-03-08 22:00:00,1,0,1,1,12.3,14.395,49,15.0013,10,45,55
2011-03-08 23:00:00,1,0,1,1,11.48,13.635,61,12.998,3,45,48
2011-03-09 00:00:00,1,0,1,1,10.66,14.395,65,6.0032,0,2,2
2011-03-09 01:00:00,1,0,1,1,10.66,13.635,52,8.9981,0,11,11
2011-03-09 02:00:00,1,0,1,1,10.66,13.635,52,8.9981,-1,0,-1
2011-03-09 03:00:00,1,0,1,1,9.84,12.88,70,6.0032,1,0,1
2011-03-09 04:00:00,1,0,1,1,9.84,12.88,75,7.0015,0,0,0
2011-03-09 05:00:00,1,0,1,2,9.84,12.12,81,8.9981,0,12,12
2011-03-09 06:00:00,1,0,1,2,9.84,12.88,85,7.0015,5,38,43
2011-03-09 07:00:00,1,0,1,2,9.84,12.12,87,11.0014,17,119,136
2011-03-09 08:00:00,1,0,1,2,9.84,12.12,87,8.9981,12,234,246
2011-03-09 09:00:00,1,0,1,2,10.66,12.12,87,16.9979,6,136,142
2011-03-09 10:00:00,1,0,1,2,12.3,14.395,75,16.9979,9,48,57
2011-03-09 11:00:00,1,0,1,2,13.12,14.395,76,26.0027,15,45,60
2011-03-09 12:00:00,1,0,1,2,13.12,15.15,76,16.9979,14,85,99
2011-03-09 13:00:00,1,0,1,2,13.12,14.395,76,23.9994,16,84,100
2011-03-09 14:00:00,1,0,1,2,13.94,15.15,76,19.9995,10,60,70
2011-03-09 15:00:00,1,0,1,2,14.76,16.665,71,19.9995,13,64,77
2011-03-09 16:00:00,1,0,1,2,13.94,15.15,76,22.0028,8,100,108
2011-03-09 17:00:00,1,0,1,2,13.94,15.15,76,19.9995,19,181,200
2011-03-09 18:00:00,1,0,1,2,13.94,15.91,76,16.9979,12,176,188
2011-03-09 19:00:00,1,0,1,2,13.94,15.15,76,22.0028,10,122,132
2011-03-09 20:00:00,1,0,1,2,13.12,15.91,87,12.998,4,83,87
2011-03-09 21:00:00,1,0,1,2,13.12,15.15,93,22.0028,8,53,61
2011-03-09 22:00:00,1,0,1,3,13.12,15.91,93,11.0014,4,13,17
2011-03-09 23:00:00,1,0,1,3,13.94,16.665,93,12.998,0,18,18
2011-03-10 00:00:00,1,0,1,3,13.94,15.91,0,16.9979,1,-3,-2
2011-03-10 01:00:00,1,0,1,3,13.94,15.91,0,16.9979,0,0,0
2011-03-10 02:00:00,1,0,1,3,13.94,15.91,0,16.9979,-1,-6,-7
2011-03-10 05:00:00,1,0,1,3,14.76,17.425,0,12.998,0,0,0
2011-03-10 06:00:00,1,0,1,3,14.76,16.665,0,22.0028,1,12,13
2011-03-10 07:00:00,1,0,1,3,15.58,19.695,0,15.0013,0,39,39
2011-03-10 08:00:00,1,0,1,3,15.58,19.695,0,19.0012,0,42,42
2011-03-10 09:00:00,1,0,1,3,16.4,20.455,0,15.0013,2,24,26
2011-03-10 10:00:00,1,0,1,3,16.4,20.455,0,11.0014,0,19,19
2011-03-10 11:00:00,1,0,1,3,16.4,20.455,0,16.9979,6,4,10
2011-03-10 12:00:00,1,0,1,3,17.22,21.21,0,15.0013,4,35,39
2011-03-10 13:00:00,1,0,1,3,17.22,21.21,0,15.0013,1,13,14
2011-03-10 14:00:00,1,0,1,3,18.04,21.97,0,19.9995,0,8,8
2011-03-10 15:00:00,1,0,1,3,18.04,21.97,0,15.0013,3,10,13
2011-03-10 16:00:00,1,0,1,3,17.22,21.21,0,16.9979,1,16,17
2011-03-10 17:00:00,1,0,1,2,18.04,21.97,0,26.0027,0,107,107
2011-03-10 18:00:00,1,0,1,3,18.04,21.97,0,23.9994,1,76,77
2011-03-10 19:00:00,1,0,1,3,18.04,21.97,0,39.0007,3,50,53
2011-03-10 20:00:00,1,0,1,3,14.76,16.665,0,22.0028,8,31,39
2011-03-10 21:00:00,1,0,1,3,14.76,17.425,0,15.0013,0,30,30
2011-03-10 22:00:00,1,0,1,2,13.94,16.665,0,8.9981,4,27,31
2011-03-10 23:00:00,1,0,1,3,13.94,17.425,0,6.0032,2,24,26
2011-03-11 00:00:00,1,0,1,2,13.94,17.425,100,6.0032,0,4,4
2011-03-11 01:00:00,1,0,1,3,13.94,17.425,100,7.0015,0,4,4
2011-03-11 02:00:00,1,0,1,3,13.94,17.425,100,7.0015,1,1,2
2011-03-11 03:00:00,1,0,1,2,13.12,16.665,93,6.0032,0,0,0
2011-03-11 05:00:00,1,0,1,1,12.3,14.395,81,15.0013,0,3,3
2011-03-11 06:00:00,1,0,1,1,10.66,12.12,81,19.0012,1,28,29
2011-03-11 07:00:00,1,0,1,1,10.66,12.88,70,12.998,11,99,110
2011-03-11 08:00:00,1,0,1,1,11.48,13.635,70,16.9979,14,241,255
2011-03-11 09:00:00,1,0,1,2,12.3,14.395,61,19.0012,12,135,147
2011-03-11 10:00:00,1,0,1,2,13.12,15.15,57,19.9995,18,63,81
2011-03-11 11:00:00,1,0,1,2,13.12,15.15,57,19.9995,14,68,82
2011-03-11 12:00:00,1,0,1,2,13.94,15.91,53,16.9979,16,97,113
2011-03-11 13:00:00,1,0,1,1,14.76,16.665,53,16.9979,15,94,109
2011-03-11 14:00:00,1,0,1,2,14.76,16.665,50,23.9994,25,58,83
2011-03-11 15:00:00,1,0,1,2,13.94,15.91,53,16.9979,21,63,84
2011-03-11 16:00:00,1,0,1,2,13.94,15.15,49,19.9995,19,96,115
2011-03-11 17:00:00,1,0,1,1,13.94,15.91,49,15.0013,23,195,218
2011-03-11 18:00:00,1,0,1,1,13.12,15.15,49,22.0028,19,134,153
2011-03-11 19:00:00,1,0,1,1,12.3,13.635,56,22.0028,6,111,117
2011-03-11 20:00:00,1,0,1,1,12.3,15.15,56,11.0014,4,62,66
2011-03-11 21:00:00,1,0,1,2,12.3,14.395,52,16.9979,10,39,49
2011-03-11 22:00:00,1,0,1,1,12.3,15.15,52,11.0014,12,52,64
2011-03-11 23:00:00,1,0,1,1,12.3,14.395,52,16.9979,4,31,35
2011-03-12 00:00:00,1,0,0,1,10.66,13.635,60,8.9981,3,29,32
2011-03-12 01:00:00,1,0,0,1,9.84,11.365,65,12.998,3,11,14
2011-03-12 02:00:00,1,0,0,1,9.84,11.365,65,12.998,0,14,14
2011-03-12 03:00:00,1,0,0,1,9.84,11.365,65,16.9979,0,8,8
2011-03-12 04:00:00,1,0,0,1,9.84,11.365,65,16.9979,0,3,3
2011-03-12 05:00:00,1,0,0,1,9.02,11.365,69,12.998,0,0,0
2011-03-12 06:00:00,1,0,0,1,9.02,10.605,75,16.9979,3,0,3
2011-03-12 07:00:00,1,0,0,1,9.84,11.365,70,12.998,1,16,17
2011-03-12 08:00:00,1,0,0,1,10.66,12.88,65,11.0014,10,40,50
2011-03-12 09:00:00,1,0,0,1,11.48,14.395,65,7.0015,26,71,97
2011-03-12 10:00:00,1,0,0,1,13.12,15.15,66,15.0013,21,76,97
2011-03-12 11:00:00,1,0,0,1,13.94,15.15,49,22.0028,35,85,120
2011-03-12 12:00:00,1,0,0,1,13.94,15.91,53,19.0012,50,103,153
2011-03-12 13:00:00,1,0,0,1,14.76,16.665,51,23.9994,62,96,158
2011-03-12 14:00:00,1,0,0,1,16.4,20.455,50,30.0026,70,101,171
2011-03-12 15:00:00,1,0,0,1,17.22,21.21,44,32.9975,80,102,182
2011-03-12 16:00:00,1,0,0,1,18.86,22.725,41,30.0026,98,148,246
2011-03-12 17:00:00,1,0,0,1,18.86,22.725,44,22.0028,98,112,210
2011-03-12 18:00:00,1,0,0,1,17.22,21.21,54,11.0014,54,88,142
2011-03-12 19:00:00,1,0,0,1,17.22,21.21,54,6.0032,27,83,110
2011-03-12 20:00:00,1,0,0,1,16.4,20.455,58,7.0015,22,65,87
2011-03-12 21:00:00,1,0,0,1,15.58,19.695,62,0.0,36,49,85
2011-03-12 22:00:00,1,0,0,1,14.76,18.94,71,0.0,6,51,57
2011-03-12 23:00:00,1,0,0,1,15.58,19.695,66,6.0032,11,37,48
2011-03-13 00:00:00,1,0,0,1,15.58,19.695,62,7.0015,3,30,33
2011-03-13 01:00:00,1,0,0,1,14.76,17.425,66,8.9981,9,25,34
2011-03-13 03:00:00,1,0,0,1,13.94,16.665,76,8.9981,5,8,13
2011-03-13 04:00:00,1,0,0,1,13.94,16.665,66,11.0014,3,10,13
2011-03-13 05:00:00,1,0,0,1,14.76,17.425,62,8.9981,0,5,5
2011-03-13 06:00:00,1,0,0,1,13.94,18.18,66,0.0,0,5,5
2011-03-13 07:00:00,1,0,0,1,14.76,17.425,62,12.998,1,9,10
2011-03-13 08:00:00,1,0,0,1,16.4,20.455,50,19.9995,10,22,32
2011-03-13 09:00:00,1,0,0,1,16.4,20.455,50,27.9993,9,35,44
2011-03-13 10:00:00,1,0,0,1,17.22,21.21,47,16.9979,36,85,121
2011-03-13 11:00:00,1,0,0,1,18.04,21.97,41,27.9993,89,88,177
2011-03-13 12:00:00,1,0,0,1,18.86,22.725,38,26.0027,72,118,190
2011-03-13 13:00:00,1,0,0,1,18.86,22.725,38,26.0027,96,125,221
2011-03-13 14:00:00,1,0,0,1,18.86,22.725,41,19.9995,143,103,246
2011-03-13 15:00:00,1,0,0,1,19.68,23.485,39,22.0028,148,157,305
2011-03-13 16:00:00,1,0,0,1,18.86,22.725,41,26.0027,124,134,258
2011-03-13 17:00:00,1,0,0,1,18.04,21.97,41,23.9994,97,145,242
2011-03-13 18:00:00,1,0,0,1,16.4,20.455,43,23.9994,53,92,145
2011-03-13 19:00:00,1,0,0,1,14.76,16.665,50,23.9994,28,73,101
2011-03-13 20:00:00,1,0,0,1,13.12,15.15,57,19.9995,24,48,72
2011-03-13 21:00:00,1,0,0,1,12.3,14.395,56,16.9979,10,54,64
2011-03-13 22:00:00,1,0,0,1,12.3,13.635,56,22.0028,7,29,36
2011-03-13 23:00:00,1,0,0,1,10.66,12.88,65,15.0013,5,21,26
2011-03-14 00:00:00,1,0,1,1,10.66,13.635,65,7.0015,3,7,10
2011-03-14 01:00:00,1,0,1,1,10.66,14.395,65,6.0032,2,6,8
2011-03-14 02:00:00,1,0,1,1,10.66,14.395,65,6.0032,1,3,4
2011-03-14 03:00:00,1,0,1,1,10.66,13.635,65,8.9981,0,6,6
2011-03-14 05:00:00,1,0,1,1,9.84,12.12,70,8.9981,0,9,9
2011-03-14 06:00:00,1,0,1,1,10.66,13.635,65,8.9981,1,26,27
2011-03-14 07:00:00,1,0,1,2,11.48,15.91,61,0.0,5,86,91
2011-03-14 08:00:00,1,0,1,2,12.3,15.15,56,8.9981,24,219,243
2011-03-14 09:00:00,1,0,1,1,13.12,15.15,53,22.0028,14,127,141
2011-03-14 10:00:00,1,0,1,1,13.94,15.91,42,16.9979,28,59,87
2011-03-14 11:00:00,1,0,1,1,14.76,16.665,40,16.9979,25,42,67
2011-03-14 12:00:00,1,0,1,1,15.58,19.695,37,0.0,39,52,91
2011-03-14 13:00:00,1,0,1,1,15.58,19.695,36,22.0028,23,48,71
2011-03-14 14:00:00,1,0,1,2,15.58,19.695,34,0.0,27,50,77
2011-03-14 15:00:00,1,0,1,1,15.58,19.695,37,11.0014,22,76,98
2011-03-14 16:00:00,1,0,1,1,16.4,20.455,35,7.0015,26,79,105
2011-03-14 17:00:00,1,0,1,1,15.58,19.695,40,12.998,41,228,269
2011-03-14 18:00:00,1,0,1,1,14.76,18.18,40,7.0015,24,210,234
2011-03-14 19:00:00,1,0,1,1,14.76,17.425,43,8.9981,16,136,152
2011-03-14 20:00:00,1,0,1,1,13.94,15.91,46,15.0013,22,101,123
2011-03-14 21:00:00,1,0,1,1,13.94,16.665,46,8.9981,5,59,64
2011-03-14 22:00:00,1,0,1,1,13.12,16.665,49,7.0015,5,49,54
2011-03-14 23:00:00,1,0,1,1,13.12,17.425,53,0.0,3,16,19
2011-03-15 00:00:00,1,0,1,1,13.12,17.425,53,0.0,6,3,9
2011-03-15 01:00:00,1,0,1,1,12.3,15.15,62,6.0032,2,6,8
2011-03-15 02:00:00,1,0,1,1,12.3,15.15,62,6.0032,1,5,6
2011-03-15 04:00:00,1,0,1,1,9.84,12.88,75,6.0032,0,3,3
2011-03-15 05:00:00,1,0,1,1,9.84,11.365,75,12.998,0,13,13
2011-03-15 06:00:00,1,0,1,1,9.02,11.365,80,12.998,1,37,38
2011-03-15 07:00:00,1,0,1,1,9.84,12.12,75,11.0014,10,106,116
2011-03-15 08:00:00,1,0,1,1,10.66,14.395,70,6.0032,22,266,288
2011-03-15 09:00:00,1,0,1,2,12.3,16.665,70,0.0,9,146,155
2011-03-15 10:00:00,1,0,1,2,13.12,15.91,66,12.998,22,55,77
2011-03-15 11:00:00,1,0,1,2,13.94,15.91,57,15.0013,25,55,80
2011-03-15 12:00:00,1,0,1,2,14.76,17.425,50,15.0013,29,66,95
2011-03-15 13:00:00,1,0,1,2,14.76,16.665,57,19.0012,24,77,101
2011-03-15 14:00:00,1,0,1,2,15.58,19.695,46,19.9995,12,73,85
2011-03-15 15:00:00,1,0,1,2,15.58,19.695,43,19.0012,25,64,89
2011-03-15 16:00:00,1,0,1,2,15.58,19.695,46,22.0028,22,88,110
2011-03-15 17:00:00,1,0,1,2,14.76,17.425,62,12.998,21,190,211
2011-03-15 18:00:00,1,0,1,2,14.76,16.665,62,19.9995,19,203,222
2011-03-15 19:00:00,1,0,1,2,13.94,15.91,71,19.0012,14,142,156
2011-03-15 20:00:00,1,0,1,2,13.94,15.91,71,19.0012,9,81,90
2011-03-15 21:00:00,1,0,1,3,13.12,16.665,81,7.0015,2,57,59
2011-03-15 22:00:00,1,0,1,2,13.12,15.91,87,11.0014,1,15,16
2011-03-15 23:00:00,1,0,1,2,13.12,15.91,87,11.0014,0,17,17
2011-03-16 00:00:00,1,0,1,3,12.3,14.395,93,16.9979,1,12,13
2011-03-16 01:00:00,1,0,1,3,12.3,13.635,100,19.9995,0,6,6
2011-03-16 03:00:00,1,0,1,2,11.48,13.635,100,15.0013,0,0,0
2011-03-16 04:00:00,1,0,1,2,12.3,15.15,93,11.0014,2,3,5
2011-03-16 05:00:00,1,0,1,2,12.3,15.91,93,7.0015,0,3,3
2011-03-16 06:00:00,1,0,1,2,12.3,15.91,93,7.0015,1,28,29
2011-03-16 07:00:00,1,0,1,2,12.3,14.395,93,12.998,10,102,112
2011-03-16 08:00:00,1,0,1,2,13.12,15.91,93,0.0,26,227,253
2011-03-16 09:00:00,1,0,1,2,13.12,16.665,93,8.9981,9,149,158
2011-03-16 10:00:00,1,0,1,2,14.76,17.425,81,11.0014,18,47,65
2011-03-16 11:00:00,1,0,1,2,14.76,17.425,81,8.9981,11,59,70
2011-03-16 12:00:00,1,0,1,2,16.4,20.455,71,7.0015,22,62,84
2011-03-16 13:00:00,1,0,1,2,16.4,20.455,76,8.9981,17,87,104
2011-03-16 14:00:00,1,0,1,2,16.4,20.455,76,15.0013,34,66,100
2011-03-16 15:00:00,1,0,1,2,16.4,20.455,76,16.9979,21,77,98
2011-03-16 16:00:00,1,0,1,2,16.4,20.455,76,11.0014,30,121,151
2011-03-16 17:00:00,1,0,1,2,18.04,21.97,54,19.9995,37,220,257
2011-03-16 18:00:00,1,0,1,2,18.04,21.97,54,15.0013,25,209,234
2011-03-16 19:00:00,1,0,1,2,18.04,21.97,51,22.0028,16,152,168
2011-03-16 20:00:00,1,0,1,2,17.22,21.21,54,19.9995,9,110,119
2011-03-16 21:00:00,1,0,1,2,17.22,21.21,58,19.0012,5,77,82
2011-03-16 22:00:00,1,0,1,2,16.4,20.455,62,26.0027,9,44,53
2011-03-16 23:00:00,1,0,1,1,16.4,20.455,65,12.998,9,19,28
2011-03-17 00:00:00,1,0,1,1,15.58,19.695,66,16.9979,3,25,28
2011-03-17 01:00:00,1,0,1,1,14.76,17.425,71,15.0013,1,11,12
2011-03-17 02:00:00,1,0,1,1,13.94,15.15,71,19.9995,4,7,11
2011-03-17 03:00:00,1,0,1,1,13.94,16.665,66,11.0014,0,0,0
2011-03-17 04:00:00,1,0,1,1,13.94,16.665,71,12.998,0,-1,-1
2011-03-17 05:00:00,1,0,1,1,13.12,16.665,76,7.0015,-1,17,16
2011-03-17 06:00:00,1,0,1,1,13.12,15.91,76,12.998,6,42,48
2011-03-17 07:00:00,1,0,1,1,13.12,16.665,76,8.9981,11,132,143
2011-03-17 08:00:00,1,0,1,1,14.76,17.425,66,8.9981,16,282,298
2011-03-17 09:00:00,1,0,1,1,16.4,20.455,62,16.9979,23,159,182
2011-03-17 10:00:00,1,0,1,1,18.04,21.97,54,22.0028,9,73,82
2011-03-17 11:00:00,1,0,1,1,18.04,21.97,54,19.0012,18,62,80
2011-03-17 12:00:00,1,0,1,1,20.5,24.24,45,15.0013,23,83,106
2011-03-17 13:00:00,1,0,1,2,21.32,25.0,42,6.0032,25,84,109
2011-03-17 14:00:00,1,0,1,1,20.5,24.24,45,7.0015,32,88,120
2011-03-17 15:00:00,1,0,1,1,21.32,25.0,42,16.9979,30,90,120
2011-03-17 16:00:00,1,0,1,1,20.5,24.24,48,19.0012,35,109,144
2011-03-17 17:00:00,1,0,1,1,20.5,24.24,42,12.998,47,261,308
2011-03-17 18:00:00,1,0,1,2,18.86,22.725,59,11.0014,50,262,312
2011-03-17 19:00:00,1,0,1,1,18.04,21.97,58,12.998,18,192,210
2011-03-17 20:00:00,1,0,1,1,17.22,21.21,67,15.0013,24,109,133
2011-03-17 21:00:00,1,0,1,1,17.22,21.21,62,15.0013,20,120,140
2011-03-17 22:00:00,1,0,1,1,16.4,20.455,66,15.0013,17,72,89
2011-03-17 23:00:00,1,0,1,1,17.22,21.21,62,19.0012,7,49,56
2011-03-18 00:00:00,1,0,1,1,17.22,21.21,58,19.0012,6,22,28
2011-03-18 01:00:00,1,0,1,1,16.4,20.455,62,16.9979,5,6,11
2011-03-18 02:00:00,1,0,1,1,16.4,20.455,62,12.998,5,13,18
2011-03-18 03:00:00,1,0,1,1,14.76,17.425,71,12.998,1,1,2
2011-03-18 05:00:00,1,0,1,1,15.58,19.695,66,11.0014,3,6,9
2011-03-18 06:00:00,1,0,1,1,16.4,20.455,66,12.998,0,30,30
2011-03-18 07:00:00,1,0,1,1,16.4,20.455,66,12.998,11,111,122
2011-03-18 08:00:00,1,0,1,1,17.22,21.21,67,16.9979,23,255,278
2011-03-18 09:00:00,1,0,1,1,18.86,22.725,63,15.0013,18,190,208
2011-03-18 10:00:00,1,0,1,1,21.32,25.0,53,19.0012,42,76,118
2011-03-18 11:00:00,1,0,1,1,22.14,25.76,52,19.0012,54,109,163
2011-03-18 12:00:00,1,0,1,2,22.96,26.515,49,23.9994,71,118,189
2011-03-18 13:00:00,1,0,1,1,26.24,31.06,41,19.0012,56,120,176
2011-03-18 14:00:00,1,0,1,1,27.06,31.06,39,16.9979,71,99,170
2011-03-18 15:00:00,1,0,1,2,27.88,31.82,39,23.9994,61,113,174
2011-03-18 16:00:00,1,0,1,1,27.88,31.82,39,19.0012,67,140,207
2011-03-18 17:00:00,1,0,1,1,28.7,31.82,37,22.0028,92,241,333
2011-03-18 18:00:00,1,0,1,1,27.88,31.82,39,11.0014,85,247,332
2011-03-18 19:00:00,1,0,1,1,27.06,31.06,44,8.9981,56,132,188
2011-03-18 20:00:00,1,0,1,1,25.42,31.06,46,8.9981,45,101,146
2011-03-18 21:00:00,1,0,1,1,25.42,31.06,46,7.0015,20,91,111
2011-03-18 22:00:00,1,0,1,1,25.42,31.06,50,11.0014,54,65,119
2011-03-18 23:00:00,1,0,1,2,24.6,31.06,53,15.0013,25,62,87
2011-03-19 00:00:00,1,0,0,2,24.6,31.06,53,16.9979,25,53,78
2011-03-19 01:00:00,1,0,0,2,23.78,27.275,46,23.9994,14,37,51
2011-03-19 02:00:00,1,0,0,2,22.96,26.515,43,15.0013,4,21,25
2011-03-19 03:00:00,1,0,0,2,22.14,25.76,39,22.0028,1,3,4
2011-03-19 04:00:00,1,0,0,1,21.32,25.0,34,27.9993,0,3,3
2011-03-19 05:00:00,1,0,0,1,21.32,25.0,34,27.9993,0,3,3
2011-03-19 06:00:00,1,0,0,1,18.04,21.97,44,27.9993,-1,12,11
2011-03-19 07:00:00,1,0,0,1,16.4,20.455,50,22.0028,5,0,5
2011-03-19 08:00:00,1,0,0,1,17.22,21.21,47,32.9975,11,38,49
2011-03-19 09:00:00,1,0,0,1,17.22,21.21,44,31.0009,33,36,69
2011-03-19 10:00:00,1,0,0,1,18.04,21.97,38,27.9993,56,90,146
2011-03-19 11:00:00,1,0,0,1,18.86,22.725,36,30.0026,92,110,202
2011-03-19 12:00:00,1,0,0,1,18.86,22.725,33,27.9993,123,139,262
2011-03-19 13:00:00,1,0,0,1,20.5,24.24,34,31.0009,174,132,306
2011-03-19 14:00:00,1,0,0,1,20.5,24.24,31,32.9975,167,141,308
2011-03-19 15:00:00,1,0,0,1,20.5,24.24,29,27.9993,168,144,312
2011-03-19 16:00:00,1,0,0,1,20.5,24.24,31,26.0027,175,131,306
2011-03-19 17:00:00,1,0,0,1,19.68,23.485,31,22.0028,138,142,280
2011-03-19 18:00:00,1,0,0,1,18.86,22.725,31,22.0028,92,125,217
2011-03-19 19:00:00,1,0,0,1,18.04,21.97,33,19.0012,37,118,155
2011-03-19 20:00:00,1,0,0,1,17.22,21.21,35,15.0013,38,73,111
2011-03-19 21:00:00,1,0,0,1,16.4,20.455,37,19.9995,19,70,89
2011-03-19 22:00:00,1,0,0,1,16.4,20.455,37,22.0028,27,43,70
2011-03-19 23:00:00,1,0,0,1,15.58,19.695,40,19.9995,13,37,50
2011-04-01 00:00:00,2,0,1,3,10.66,12.88,100,11.0014,0,7,7
2011-04-01 01:00:00,2,0,1,3,10.66,12.88,100,11.0014,0,6,6
2011-04-01 02:00:00,2,0,1,3,10.66,12.88,93,12.998,0,5,5
2011-04-01 03:00:00,2,0,1,2,9.84,11.365,93,16.9979,0,0,0
2011-04-01 04:00:00,2,0,1,2,9.84,11.365,93,16.9979,-1,6,5
2011-04-01 05:00:00,2,0,1,3,9.84,11.365,93,15.0013,0,6,6
2011-04-01 06:00:00,2,0,1,3,9.84,11.365,93,15.0013,3,27,30
2011-04-01 07:00:00,2,0,1,3,9.84,12.12,93,0.0,4,96,100
2011-04-01 08:00:00,2,0,1,2,10.66,12.12,87,16.9979,8,204,212
2011-04-01 09:00:00,2,0,1,1,13.12,14.395,70,23.9994,9,160,169
2011-04-01 10:00:00,2,0,1,1,13.12,15.15,66,19.0012,10,65,75
2011-04-01 11:00:00,2,0,1,1,13.12,14.395,61,23.9994,16,73,89
2011-04-01 12:00:00,2,0,1,1,13.94,15.15,53,23.9994,14,79,93
2011-04-01 13:00:00,2,0,1,1,14.76,16.665,50,23.9994,17,97,114
2011-04-01 14:00:00,2,0,1,2,14.76,16.665,46,23.9994,25,64,89
2011-04-01 15:00:00,2,0,1,1,13.94,15.15,46,27.9993,30,81,111
2011-04-01 16:00:00,2,0,1,1,13.94,15.15,46,27.9993,43,122,165
2011-04-01 17:00:00,2,0,1,1,13.94,15.15,46,22.0028,35,243,278
2011-04-01 18:00:00,2,0,1,1,13.94,15.15,46,22.0028,37,205,242
2011-04-01 19:00:00,2,0,1,1,13.94,15.15,49,22.0028,15,122,137
2011-04-01 20:00:00,2,0,1,1,13.12,15.91,53,12.998,0,74,74
2011-04-01 21:00:00,2,0,1,1,13.12,16.665,53,8.9981,9,82,91
2011-04-01 22:00:00,2,0,1,1,12.3,15.15,56,11.0014,8,64,72
2011-04-01 23:00:00,2,0,1,1,12.3,15.91,61,6.0032,14,40,54
2011-04-02 00:00:00,2,0,0,2,12.3,16.665,61,0.0,3,28,31
2011-04-02 01:00:00,2,0,0,1,10.66,13.635,65,8.9981,3,29,32
2011-04-02 02:00:00,2,0,0,1,9.84,12.12,75,8.9981,-1,22,21
2011-04-02 03:00:00,2,0,0,1,9.84,12.12,70,11.0014,2,3,5
2011-04-02 04:00:00,2,0,0,1,9.84,12.12,70,11.0014,0,6,6
2011-04-02 05:00:00,2,0,0,2,9.84,12.12,75,11.0014,1,2,3
2011-04-02 06:00:00,2,0,0,1,10.66,13.635,70,7.0015,4,8,12
2011-04-02 07:00:00,2,0,0,2,10.66,13.635,70,7.0015,2,10,12
2011-04-02 08:00:00,2,0,0,1,12.3,15.91,70,7.0015,11,43,54
2011-04-02 09:00:00,2,0,0,2,13.94,17.425,66,7.0015,22,62,84
2011-04-02 10:00:00,2,0,0,2,14.76,17.425,57,11.0014,41,116,157
2011-04-02 11:00:00,2,0,0,2,16.4,20.455,47,11.0014,72,124,196
2011-04-02 12:00:00,2,0,0,3,13.12,16.665,81,8.9981,83,99,182
2011-04-02 13:00:00,2,0,0,1,13.94,16.665,81,8.9981,55,80,135
2011-04-02 14:00:00,2,0,0,3,13.12,15.15,76,22.0028,96,92,188
2011-04-02 15:00:00,2,0,0,3,13.94,15.15,76,26.0027,72,64,136
2011-04-02 16:00:00,2,0,0,1,15.58,19.695,62,22.0028,111,83,194
2011-04-02 17:00:00,2,0,0,1,15.58,19.695,54,23.9994,87,99,186
2011-04-02 18:00:00,2,0,0,1,15.58,19.695,54,12.998,68,112,180
2011-04-02 19:00:00,2,0,0,1,14.76,16.665,53,23.9994,69,75,144
2011-04-02 20:00:00,2,0,0,1,13.94,15.91,53,19.0012,31,59,90
2011-04-02 21:00:00,2,0,0,1,13.12,15.15,61,16.9979,24,52,76
2011-04-02 22:00:00,2,0,0,1,13.12,15.15,61,19.9995,14,41,55
2011-04-02 23:00:00,2,0,0,1,13.12,15.91,61,11.0014,20,34,54
2011-04-03 00:00:00,2,0,0,1,12.3,14.395,65,12.998,7,27,34
2011-04-03 01:00:00,2,0,0,1,12.3,15.91,61,7.0015,8,20,28
2011-04-03 02:00:00,2,0,0,1,10.66,13.635,70,8.9981,5,17,22
2011-04-03 03:00:00,2,0,0,1,12.3,16.665,61,0.0,3,4,7
2011-04-03 04:00:00,2,0,0,1,11.48,15.15,70,6.0032,2,3,5
2011-04-03 05:00:00,2,0,0,1,11.48,13.635,65,15.0013,1,4,5
2011-04-03 06:00:00,2,0,0,1,11.48,13.635,65,12.998,10,26,36
2011-04-03 07:00:00,2,0,0,1,13.12,15.15,57,15.0013,13,19,32
2011-04-03 08:00:00,2,0,0,1,13.94,16.665,57,11.0014,17,43,60
2011-04-03 09:00:00,2,0,0,1,14.76,15.91,50,32.9975,68,74,142
2011-04-03 10:00:00,2,0,0,1,16.4,20.455,43,27.9993,110,103,213
2011-04-03 11:00:00,2,0,0,1,17.22,21.21,41,16.9979,139,107,246
2011-04-03 12:00:00,2,0,0,1,18.04,21.97,38,19.0012,164,145,309
2011-04-03 13:00:00,2,0,0,1,18.04,21.97,33,19.9995,220,149,369
2011-04-03 14:00:00,2,0,0,1,18.86,22.725,31,8.9981,239,108,347
2011-04-03 15:00:00,2,0,0,2,18.86,22.725,33,0.0,174,121,295
2011-04-03 16:00:00,2,0,0,2,18.86,22.725,31,12.998,147,160,307
2011-04-03 17:00:00,2,0,0,2,18.86,22.725,28,8.9981,148,123,271
2011-04-03 18:00:00,2,0,0,2,18.86,22.725,31,0.0,69,100,169
2011-04-03 19:00:00,2,0,0,2,17.22,21.21,44,12.998,51,86,137
2011-04-03 20:00:00,2,0,0,3,17.22,21.21,41,15.0013,24,51,75
2011-04-03 21:00:00,2,0,0,2,17.22,21.21,44,15.0013,9,31,40
2011-04-03 22:00:00,2,0,0,1,16.4,20.455,43,7.0015,6,29,35
2011-04-03 23:00:00,2,0,0,1,16.4,20.455,50,6.0032,9,16,25
2011-04-04 00:00:00,2,0,1,1,16.4,20.455,50,15.0013,0,0,0
2011-04-04 01:00:00,2,0,1,1,16.4,20.455,56,23.9994,5,3,8
2011-04-04 02:00:00,2,0,1,1,15.58,19.695,66,16.9979,0,0,0
2011-04-04 03:00:00,2,0,1,1,15.58,19.695,66,19.0012,1,-3,-2
2011-04-04 04:00:00,2,0,1,1,15.58,19.695,71,19.9995,0,-1,-1
2011-04-04 05:00:00,2,0,1,1,16.4,20.455,62,16.9979,0,4,4
2011-04-04 06:00:00,2,0,1,1,17.22,21.21,58,19.0012,3,45,48
2011-04-04 07:00:00,2,0,1,2,18.04,21.97,54,16.9979,7,148,155
2011-04-04 08:00:00,2,0,1,2,18.86,22.725,55,19.9995,32,307,339
2011-04-04 09:00:00,2,0,1,2,20.5,24.24,51,26.0027,26,131,157
2011-04-04 10:00:00,2,0,1,2,22.14,25.76,45,23.9994,34,60,94
2011-04-04 11:00:00,2,0,1,1,24.6,31.06,40,26.0027,57,64,121
2011-04-04 12:00:00,2,0,1,1,26.24,31.06,36,31.0009,57,95,152
2011-04-04 13:00:00,2,0,1,1,27.88,31.82,34,22.0028,46,93,139
2011-04-04 14:00:00,2,0,1,2,30.34,32.575,27,32.9975,47,73,120
2011-04-04 15:00:00,2,0,1,1,31.16,33.335,23,36.9974,47,93,140
2011-04-04 16:00:00,2,0,1,1,31.16,32.575,22,35.0008,56,130,186
2011-04-04 17:00:00,2,0,1,1,30.34,32.575,23,40.9973,82,280,362
2011-04-04 18:00:00,2,0,1,2,29.52,31.82,23,32.9975,77,310,387
2011-04-04 19:00:00,2,0,1,1,28.7,31.82,24,31.0009,51,227,278
2011-04-04 20:00:00,2,0,1,2,28.7,31.82,24,36.9974,41,132,173
2011-04-04 21:00:00,2,0,1,2,28.7,31.82,30,30.0026,18,76,94
2011-04-04 22:00:00,2,0,1,2,27.88,31.82,36,31.0009,17,56,73
2011-04-04 23:00:00,2,0,1,2,26.24,31.06,47,15.0013,17,30,47
2011-04-05 00:00:00,2,0,1,1,25.42,31.06,50,7.0015,10,15,25
2011-04-05 01:00:00,2,0,1,3,25.42,31.06,57,27.9993,8,0,8
2011-04-05 02:00:00,2,0,1,2,22.14,25.76,73,22.0028,0,8,8
2011-04-05 03:00:00,2,0,1,2,22.14,25.76,73,22.0028,1,-1,0
2011-04-05 04:00:00,2,0,1,3,20.5,24.24,88,32.9975,0,3,3
2011-04-05 05:00:00,2,0,1,3,18.86,22.725,94,19.9995,0,8,8
2011-04-05 06:00:00,2,0,1,2,19.68,23.485,88,22.0028,1,32,33
2011-04-05 07:00:00,2,0,1,2,19.68,23.485,88,22.0028,9,122,131
2011-04-05 08:00:00,2,0,1,3,15.58,19.695,87,39.0007,9,146,155
2011-04-05 09:00:00,2,0,1,3,14.76,15.91,87,32.9975,1,42,43
2011-04-05 10:00:00,2,0,1,3,13.94,15.15,81,26.0027,2,21,23
2011-04-05 11:00:00,2,0,1,3,13.12,14.395,81,30.0026,0,14,14
2011-04-05 12:00:00,2,0,1,2,13.94,15.15,71,26.0027,5,32,37
2011-04-05 13:00:00,2,0,1,2,14.76,16.665,63,27.9993,6,56,62
2011-04-05 14:00:00,2,0,1,2,14.76,15.91,57,32.9975,8,63,71
2011-04-05 15:00:00,2,0,1,1,16.4,20.455,46,31.0009,6,62,68
2011-04-05 16:00:00,2,0,1,1,15.58,19.695,46,27.9993,18,110,128
2011-04-05 17:00:00,2,0,1,1,17.22,21.21,38,27.9993,27,246,273
2011-04-05 18:00:00,2,0,1,1,15.58,19.695,40,32.9975,18,246,264
2011-04-05 19:00:00,2,0,1,1,14.76,16.665,43,19.9995,11,151,162
2011-04-05 20:00:00,2,0,1,1,13.94,15.91,46,19.0012,5,91,96
2011-04-05 21:00:00,2,0,1,1,13.94,14.395,46,35.0008,8,80,88
2011-04-05 22:00:00,2,0,1,1,13.12,15.15,49,19.9995,2,41,43
2011-04-05 23:00:00,2,0,1,1,12.3,14.395,49,19.0012,3,22,25
2011-04-06 00:00:00,2,0,1,1,12.3,15.91,49,7.0015,-1,20,19
2011-04-06 01:00:00,2,0,1,1,10.66,13.635,60,8.9981,0,2,2
2011-04-06 02:00:00,2,0,1,1,9.84,12.12,70,8.9981,0,2,2
2011-04-06 03:00:00,2,0,1,1,10.66,13.635,60,8.9981,0,4,4
2011-04-06 04:00:00,2,0,1,1,9.84,12.12,65,8.9981,0,0,0
2011-04-06 05:00:00,2,0,1,1,9.84,12.88,70,7.0015,0,12,12
2011-04-06 06:00:00,2,0,1,1,9.84,12.88,70,7.0015,4,51,55
2011-04-06 07:00:00,2,0,1,1,10.66,13.635,65,7.0015,2,131,133
2011-04-06 08:00:00,2,0,1,1,13.12,15.15,61,15.0013,17,310,327
2011-04-06 09:00:00,2,0,1,1,14.76,16.665,46,16.9979,8,156,164
2011-04-06 10:00:00,2,0,1,1,16.4,20.455,37,26.0027,20,52,72
2011-04-06 11:00:00,2,0,1,1,17.22,21.21,38,26.0027,22,71,93
2011-04-06 12:00:00,2,0,1,1,18.04,21.97,41,16.9979,21,113,134
2011-04-06 13:00:00,2,0,1,1,18.86,22.725,38,32.9975,30,86,116
2011-04-06 14:00:00,2,0,1,1,20.5,24.24,34,27.9993,35,78,113
2011-04-06 15:00:00,2,0,1,1,21.32,25.0,32,22.0028,33,78,111
2011-04-06 16:00:00,2,0,1,1,22.14,25.76,28,27.9993,27,143,170
2011-04-06 17:00:00,2,0,1,1,21.32,25.0,32,30.0026,53,300,353
2011-04-06 18:00:00,2,0,1,1,21.32,25.0,29,23.9994,42,283,325
2011-04-06 19:00:00,2,0,1,1,20.5,24.24,31,19.9995,35,193,228
2011-04-06 20:00:00,2,0,1,1,18.86,22.725,51,15.0013,15,122,137
2011-04-06 21:00:00,2,0,1,1,18.86,22.725,41,19.0012,18,79,97
2011-04-06 22:00:00,2,0,1,1,18.86,22.725,41,19.0012,12,73,85
2011-04-06 23:00:00,2,0,1,1,18.86,22.725,41,19.9995,10,26,36
2011-04-07 00:00:00,2,0,1,1,18.86,22.725,41,19.0012,5,11,16
2011-04-07 01:00:00,2,0,1,1,17.22,21.21,47,8.9981,2,10,12
2011-04-07 02:00:00,2,0,1,1,17.22,21.21,54,0.0,-3,4,1
2011-04-07 03:00:00,2,0,1,1,14.76,17.425,66,12.998,1,2,3
2011-04-07 04:00:00,2,0,1,1,13.94,16.665,76,12.998,0,0,0
2011-04-07 05:00:00,2,0,1,1,13.94,15.91,76,15.0013,-1,7,6
2011-04-07 06:00:00,2,0,1,1,13.12,15.15,81,16.9979,5,63,68
2011-04-07 07:00:00,2,0,1,2,13.94,16.665,76,11.0014,7,153,160
2011-04-07 08:00:00,2,0,1,1,14.76,17.425,76,12.998,23,297,320
2011-04-07 09:00:00,2,0,1,2,16.4,20.455,66,8.9981,16,151,167
2011-04-07 10:00:00,2,0,1,2,17.22,21.21,67,7.0015,29,69,98
2011-04-07 11:00:00,2,0,1,2,18.86,22.725,55,0.0,35,84,119
2011-04-07 12:00:00,2,0,1,2,18.86,22.725,55,0.0,39,112,151
2011-04-07 13:00:00,2,0,1,2,21.32,25.0,48,6.0032,36,104,140
2011-04-07 14:00:00,2,0,1,1,22.96,26.515,43,6.0032,45,109,154
2011-04-07 15:00:00,2,0,1,1,24.6,31.06,38,7.0015,24,136,160
2011-04-07 16:00:00,2,0,1,1,24.6,31.06,35,0.0,52,161,213
2011-04-07 17:00:00,2,0,1,1,21.32,25.0,52,19.0012,64,284,348
2011-04-07 18:00:00,2,0,1,1,19.68,23.485,55,16.9979,67,260,327
2011-04-07 19:00:00,2,0,1,1,18.86,22.725,59,19.9995,34,191,225
2011-04-07 20:00:00,2,0,1,1,18.04,21.97,62,11.0014,36,167,203
2011-04-07 21:00:00,2,0,1,2,18.04,21.97,67,19.0012,19,83,102
2011-04-07 22:00:00,2,0,1,2,16.4,20.455,76,12.998,18,57,75
2011-04-07 23:00:00,2,0,1,1,15.58,19.695,76,16.9979,7,50,57
2011-04-08 00:00:00,2,0,1,2,14.76,17.425,76,15.0013,3,22,25
2011-04-08 01:00:00,2,0,1,2,13.94,16.665,76,8.9981,3,5,8
2011-04-08 02:00:00,2,0,1,3,13.94,16.665,76,11.0014,2,2,4
2011-04-08 03:00:00,2,0,1,3,13.94,16.665,76,11.0014,0,2,2
2011-04-08 04:00:00,2,0,1,2,13.94,16.665,86,8.9981,0,0,0
2011-04-08 05:00:00,2,0,1,2,13.12,15.91,87,12.998,0,2,2
2011-04-08 06:00:00,2,0,1,2,13.94,18.18,87,0.0,2,35,37
2011-04-08 07:00:00,2,0,1,3,13.94,16.665,87,11.0014,3,104,107
2011-04-08 08:00:00,2,0,1,3,13.94,16.665,87,11.0014,12,206,218
2011-04-08 09:00:00,2,0,1,2,14.76,17.425,76,12.998,17,172,189
2011-04-08 10:00:00,2,0,1,2,14.76,16.665,71,19.0012,9,68,77
2011-04-08 11:00:00,2,0,1,2,16.4,20.455,62,26.0027,19,77,96
2011-04-08 12:00:00,2,0,1,3,15.58,19.695,66,15.0013,30,53,83
2011-04-08 13:00:00,2,0,1,3,14.76,16.665,76,19.0012,7,33,40
2011-04-08 14:00:00,2,0,1,3,13.94,15.91,87,15.0013,1,15,16
2011-04-08 15:00:00,2,0,1,3,13.94,15.91,87,15.0013,1,15,16
2011-04-08 16:00:00,2,0,1,2,13.12,15.15,93,16.9979,1,57,58
2011-04-08 17:00:00,2,0,1,3,13.12,15.15,93,16.9979,9,135,144
2011-04-08 18:00:00,2,0,1,3,13.12,15.15,93,16.9979,7,54,61
2011-04-08 19:00:00,2,0,1,3,12.3,13.635,93,27.9993,0,52,52
2011-04-08 20:00:00,2,0,1,2,12.3,13.635,93,22.0028,11,48,59
2011-04-08 21:00:00,2,0,1,2,12.3,14.395,93,16.9979,10,43,53
2011-04-08 22:00:00,2,0,1,2,12.3,13.635,93,19.9995,9,45,54
2011-04-08 23:00:00,2,0,1,2,12.3,14.395,93,15.0013,4,35,39
2011-04-09 00:00:00,2,0,0,2,12.3,14.395,87,15.0013,3,25,28
2011-04-09 01:00:00,2,0,0,2,12.3,15.15,87,8.9981,3,19,22
2011-04-09 02:00:00,2,0,0,2,13.12,15.15,87,15.0013,0,9,9
2011-04-09 03:00:00,2,0,0,3,12.3,14.395,100,16.9979,3,7,10
2011-04-09 04:00:00,2,0,0,3,12.3,13.635,100,16.9979,0,3,3
2011-04-09 05:00:00,2,0,0,2,12.3,14.395,93,15.0013,0,9,9
2011-04-09 06:00:00,2,0,0,2,12.3,14.395,93,12.998,0,14,14
2011-04-09 07:00:00,2,0,0,2,12.3,15.15,93,11.0014,6,12,18
2011-04-09 08:00:00,2,0,0,2,13.12,15.15,93,11.0014,7,46,53
2011-04-09 09:00:00,2,0,0,2,13.94,17.425,87,7.0015,28,73,101
2011-04-09 10:00:00,2,0,0,2,13.94,16.665,87,8.9981,42,92,134
2011-04-09 11:00:00,2,0,0,2,14.76,18.18,81,0.0,50,94,144
2011-04-09 12:00:00,2,0,0,2,14.76,17.425,81,8.9981,78,123,201
2011-04-09 13:00:00,2,0,0,2,14.76,18.94,81,0.0,115,109,224
2011-04-09 14:00:00,2,0,0,2,14.76,17.425,81,8.9981,95,121,216
2011-04-09 15:00:00,2,0,0,2,14.76,18.94,87,0.0,84,115,199
2011-04-09 16:00:00,2,0,0,2,15.58,19.695,82,0.0,73,117,190
2011-04-09 17:00:00,2,0,0,2,15.58,19.695,82,6.0032,128,130,258
2011-04-09 18:00:00,2,0,0,2,15.58,19.695,82,7.0015,48,134,182
2011-04-09 19:00:00,2,0,0,2,15.58,19.695,82,8.9981,46,81,127
2011-04-09 20:00:00,2,0,0,2,15.58,19.695,87,11.0014,19,79,98
2011-04-09 21:00:00,2,0,0,2,14.76,17.425,93,8.9981,13,64,77
2011-04-09 22:00:00,2,0,0,2,14.76,17.425,93,8.9981,20,66,86
2011-04-09 23:00:00,2,0,0,2,15.58,19.695,87,6.0032,11,42,53
2011-04-10 00:00:00,2,0,0,2,15.58,19.695,87,6.0032,5,51,56
2011-04-10 01:00:00,2,0,0,2,15.58,19.695,87,8.9981,7,32,39
2011-04-10 02:00:00,2,0,0,2,15.58,19.695,87,6.0032,10,26,36
2011-04-10 03:00:00,2,0,0,2,15.58,19.695,87,8.9981,3,15,18
2011-04-10 04:00:00,2,0,0,2,14.76,18.18,93,7.0015,4,2,6
2011-04-10 05:00:00,2,0,0,2,14.76,18.18,93,6.0032,0,8,8
2011-04-10 06:00:00,2,0,0,2,14.76,18.18,93,6.0032,0,1,1
2011-04-10 07:00:00,2,0,0,2,14.76,18.18,100,6.0032,3,8,11
2011-04-10 08:00:00,2,0,0,2,15.58,19.695,94,6.0032,17,40,57
2011-04-10 09:00:00,2,0,0,2,15.58,19.695,94,8.9981,29,47,76
2011-04-10 10:00:00,2,0,0,2,16.4,20.455,87,0.0,69,78,147
2011-04-10 11:00:00,2,0,0,2,16.4,20.455,87,8.9981,92,107,199
2011-04-10 12:00:00,2,0,0,2,17.22,21.21,88,8.9981,93,133,226
2011-04-10 13:00:00,2,0,0,1,18.86,22.725,82,7.0015,121,144,265
2011-04-10 14:00:00,2,0,0,1,20.5,24.24,72,12.998,147,134,281
2011-04-10 15:00:00,2,0,0,1,20.5,24.24,77,15.0013,157,144,301
2011-04-10 16:00:00,2,0,0,2,21.32,25.0,72,11.0014,136,155,291
2011-04-10 17:00:00,2,0,0,2,21.32,25.0,72,12.998,85,156,241
2011-04-10 18:00:00,2,0,0,1,20.5,24.24,77,12.998,104,134,238
2011-04-10 19:00:00,2,0,0,1,20.5,24.24,77,12.998,46,82,128
2011-04-10 20:00:00,2,0,0,1,18.86,22.725,82,8.9981,21,72,93
2011-04-10 21:00:00,2,0,0,1,18.04,21.97,88,12.998,18,76,94
2011-04-10 22:00:00,2,0,0,1,18.04,21.97,94,16.9979,12,42,54
2011-04-10 23:00:00,2,0,0,1,18.86,22.725,88,23.9994,7,28,35
2011-04-11 00:00:00,2,0,1,1,19.68,23.485,88,22.0028,8,14,22
2011-04-11 01:00:00,2,0,1,1,18.86,22.725,94,19.0012,0,0,0
2011-04-11 02:00:00,2,0,1,1,18.86,22.725,94,19.0012,8,2,10
2011-04-11 04:00:00,2,0,1,1,18.86,22.725,94,12.998,0,3,3
2011-04-11 05:00:00,2,0,1,1,18.86,22.725,94,12.998,1,10,11
2011-04-11 06:00:00,2,0,1,2,18.86,22.725,100,15.0013,2,60,62
2011-04-11 07:00:00,2,0,1,2,20.5,24.24,88,15.0013,12,168,180
2011-04-11 08:00:00,2,0,1,2,21.32,25.0,88,19.0012,28,283,311
2011-04-11 09:00:00,2,0,1,2,22.96,26.515,83,19.0012,34,137,171
2011-04-11 10:00:00,2,0,1,2,22.96,26.515,83,19.9995,40,56,96
2011-04-11 11:00:00,2,0,1,2,24.6,29.545,73,19.9995,44,58,102
2011-04-11 12:00:00,2,0,1,2,24.6,29.545,73,22.0028,38,98,136
2011-04-11 13:00:00,2,0,1,2,26.24,30.305,69,27.9993,61,75,136
2011-04-11 14:00:00,2,0,1,2,29.52,33.335,54,23.9994,58,87,145
2011-04-11 15:00:00,2,0,1,1,30.34,33.335,48,35.0008,55,90,145
2011-04-11 16:00:00,2,0,1,1,30.34,33.335,48,35.0008,72,159,231
2011-04-11 17:00:00,2,0,1,1,30.34,33.335,48,35.0008,100,348,448
2011-04-11 18:00:00,2,0,1,1,29.52,33.335,51,26.0027,93,286,379
2011-04-11 19:00:00,2,0,1,1,29.52,33.335,51,30.0026,72,215,287
2011-04-11 20:00:00,2,0,1,1,27.88,31.82,57,35.0008,43,124,167
2011-04-11 21:00:00,2,0,1,1,27.06,31.06,61,16.9979,38,114,152
2011-04-11 22:00:00,2,0,1,2,26.24,31.06,50,19.0012,23,68,91
2011-04-11 23:00:00,2,0,1,3,23.78,27.275,60,0.0,17,37,54
2011-04-12 00:00:00,2,0,1,2,25.42,31.06,50,7.0015,11,8,19
2011-04-12 01:00:00,2,0,1,2,25.42,31.06,50,6.0032,4,1,5
2011-04-12 02:00:00,2,0,1,2,24.6,31.06,53,8.9981,7,5,12
2011-04-12 03:00:00,2,0,1,2,23.78,27.275,56,8.9981,-1,1,0
2011-04-12 04:00:00,2,0,1,2,22.96,26.515,64,8.9981,4,2,6
2011-04-12 05:00:00,2,0,1,2,22.14,25.76,68,8.9981,0,15,15
2011-04-12 06:00:00,2,0,1,2,22.14,25.76,68,19.0012,3,52,55
2011-04-12 07:00:00,2,0,1,2,22.14,25.76,68,15.0013,10,176,186
2011-04-12 08:00:00,2,0,1,3,19.68,23.485,88,26.0027,15,208,223
2011-04-12 09:00:00,2,0,1,3,18.86,22.725,94,32.9975,4,45,49
2011-04-12 10:00:00,2,0,1,3,20.5,24.24,82,27.9993,4,37,41
2011-04-12 11:00:00,2,0,1,1,21.32,25.0,77,23.9994,11,39,50
2011-04-12 12:00:00,2,0,1,2,22.96,26.515,64,31.0009,8,83,91
2011-04-12 13:00:00,2,0,1,3,22.14,25.76,68,19.0012,21,80,101
2011-04-12 14:00:00,2,0,1,2,20.5,24.24,82,19.0012,16,30,46
2011-04-12 15:00:00,2,0,1,2,19.68,23.485,77,35.0008,25,51,76
2011-04-12 16:00:00,2,0,1,2,19.68,23.485,77,26.0027,20,79,99
2011-04-12 17:00:00,2,0,1,3,18.04,21.97,77,15.0013,27,260,287
2011-04-12 18:00:00,2,0,1,3,18.04,21.97,77,15.0013,23,197,220
2011-04-12 19:00:00,2,0,1,2,17.22,21.21,82,19.0012,2,133,135
2011-04-12 20:00:00,2,0,1,2,17.22,21.21,82,19.0012,7,99,106
2011-04-12 21:00:00,2,0,1,2,17.22,21.21,82,12.998,8,71,79
2011-04-12 22:00:00,2,0,1,2,16.4,20.455,94,19.9995,6,43,49
2011-04-12 23:00:00,2,0,1,2,16.4,20.455,94,16.9979,7,28,35
2011-04-13 00:00:00,2,0,1,2,16.4,20.455,100,19.9995,3,12,15
2011-04-13 01:00:00,2,0,1,2,16.4,20.455,100,19.9995,0,2,2
2011-04-13 02:00:00,2,0,1,3,16.4,20.455,100,19.9995,1,-3,-2
2011-04-13 03:00:00,2,0,1,3,16.4,20.455,94,22.0028,0,-4,-4
2011-04-13 04:00:00,2,0,1,3,16.4,20.455,94,22.0028,0,1,1
2011-04-13 05:00:00,2,0,1,3,15.58,19.695,94,16.9979,2,3,5
2011-04-13 06:00:00,2,0,1,3,15.58,19.695,94,15.0013,1,37,38
2011-04-13 07:00:00,2,0,1,3,14.76,17.425,100,15.0013,2,66,68
2011-04-13 08:00:00,2,0,1,3,15.58,19.695,94,12.998,7,160,167
2011-04-13 09:00:00,2,0,1,2,15.58,19.695,94,15.0013,1,64,65
2011-04-13 10:00:00,2,0,1,2,16.4,20.455,87,12.998,4,46,50
2011-04-13 11:00:00,2,0,1,2,17.22,21.21,82,12.998,4,51,55
2011-04-13 12:00:00,2,0,1,3,17.22,21.21,82,16.9979,13,78,91
2011-04-13 13:00:00,2,0,1,2,18.04,21.97,77,12.998,4,54,58
2011-04-13 14:00:00,2,0,1,2,17.22,21.21,77,16.9979,24,76,100
2011-04-13 15:00:00,2,0,1,2,18.04,21.97,72,19.0012,11,67,78
2011-04-13 16:00:00,2,0,1,1,18.86,22.725,67,19.0012,21,115,136
2011-04-13 17:00:00,2,0,1,1,18.86,22.725,67,19.9995,25,280,305
2011-04-13 18:00:00,2,0,1,1,18.04,21.97,62,26.0027,29,290,319
2011-04-13 19:00:00,2,0,1,1,18.04,21.97,62,16.9979,15,159,174
2011-04-13 20:00:00,2,0,1,1,18.04,21.97,62,16.9979,5,114,119
2011-04-13 21:00:00,2,0,1,1,17.22,21.21,67,11.0014,17,103,120
2011-04-13 22:00:00,2,0,1,1,17.22,21.21,67,12.998,8,88,96
2011-04-13 23:00:00,2,0,1,1,16.4,20.455,71,8.9981,4,53,57
2011-04-14 00:00:00,2,0,1,1,15.58,19.695,76,8.9981,1,17,18
2011-04-14 01:00:00,2,0,1,1,15.58,19.695,76,15.0013,0,7,7
2011-04-14 02:00:00,2,0,1,1,14.76,17.425,76,8.9981,-1,0,-1
2011-04-14 03:00:00,2,0,1,1,13.94,16.665,81,8.9981,-2,2,0
2011-04-14 04:00:00,2,0,1,1,13.94,18.18,76,0.0,0,9,9
2011-04-14 05:00:00,2,0,1,1,13.94,17.425,76,6.0032,3,11,14
2011-04-14 06:00:00,2,0,1,1,13.94,17.425,76,7.0015,4,68,72
2011-04-14 07:00:00,2,0,1,1,15.58,19.695,66,0.0,9,180,189
2011-04-14 08:00:00,2,0,1,1,17.22,21.21,58,11.0014,21,311,332
2011-04-14 09:00:00,2,0,1,1,18.86,22.725,51,8.9981,19,153,172
2011-04-14 10:00:00,2,0,1,1,20.5,24.24,51,12.998,21,66,87
2011-04-14 11:00:00,2,0,1,1,21.32,25.0,45,11.0014,28,88,116
2011-04-14 12:00:00,2,0,1,1,22.14,25.76,42,8.9981,35,111,146
2011-04-14 13:00:00,2,0,1,1,22.96,26.515,37,15.0013,38,123,161
2011-04-14 14:00:00,2,0,1,1,22.96,26.515,35,6.0032,34,98,132
2011-04-14 15:00:00,2,0,1,1,24.6,31.06,31,6.0032,54,88,142
2011-04-14 16:00:00,2,0,1,1,24.6,30.305,26,7.0015,47,155,202
2011-04-14 17:00:00,2,0,1,1,24.6,30.305,28,0.0,49,340,389
2011-04-14 18:00:00,2,0,1,1,22.96,26.515,30,0.0,45,289,334
2011-04-14 19:00:00,2,0,1,1,22.14,25.76,32,0.0,35,222,257
2011-04-14 20:00:00,2,0,1,1,20.5,24.24,51,12.998,21,149,170
2011-04-14 21:00:00,2,0,1,1,18.86,22.725,63,8.9981,19,125,144
2011-04-14 22:00:00,2,0,1,1,19.68,23.485,55,7.0015,20,79,99
2011-04-14 23:00:00,2,0,1,1,18.86,22.725,59,7.0015,8,43,51
2011-04-15 00:00:00,2,1,0,1,18.04,21.97,67,0.0,5,14,19
2011-04-15 01:00:00,2,1,0,1,18.04,21.97,62,0.0,5,3,8
2011-04-15 02:00:00,2,1,0,1,16.4,20.455,76,0.0,7,14,21
2011-04-15 03:00:00,2,1,0,1,16.4,20.455,76,0.0,1,4,5
2011-04-15 04:00:00,2,1,0,1,15.58,19.695,82,6.0032,0,0,0
2011-04-15 05:00:00,2,1,0,1,14.76,18.18,81,7.0015,0,15,15
2011-04-15 06:00:00,2,1,0,1,14.76,18.18,81,6.0032,5,39,44
2011-04-15 07:00:00,2,1,0,1,16.4,20.455,71,11.0014,9,141,150
2011-04-15 08:00:00,2,1,0,1,18.04,21.97,62,19.9995,19,281,300
2011-04-15 09:00:00,2,1,0,1,20.5,24.24,55,12.998,15,165,180
2011-04-15 10:00:00,2,1,0,1,20.5,24.24,55,12.998,31,86,117
2011-04-15 11:00:00,2,1,0,1,21.32,25.0,55,12.998,43,94,137
2011-04-15 12:00:00,2,1,0,1,21.32,25.0,55,19.0012,45,157,202
2011-04-15 13:00:00,2,1,0,1,22.14,25.76,52,16.9979,48,129,177
2011-04-15 14:00:00,2,1,0,1,22.14,25.76,52,16.9979,57,109,166
2011-04-15 15:00:00,2,1,0,1,22.14,25.76,52,30.0026,49,114,163
2011-04-15 16:00:00,2,1,0,1,21.32,25.0,55,32.9975,70,173,243
2011-04-15 17:00:00,2,1,0,2,20.5,24.24,63,26.0027,64,265,329
2011-04-15 18:00:00,2,1,0,2,18.86,22.725,67,26.0027,49,212,261
2011-04-15 19:00:00,2,1,0,1,17.22,21.21,77,26.0027,41,171,212
2011-04-15 20:00:00,2,1,0,2,16.4,20.455,76,22.0028,25,86,111
2011-04-15 21:00:00,2,1,0,2,16.4,20.455,76,19.9995,26,76,102
2011-04-15 22:00:00,2,1,0,2,15.58,19.695,82,26.0027,15,60,75
2011-04-15 23:00:00,2,1,0,2,14.76,17.425,81,12.998,9,55,64
2011-04-16 00:00:00,2,0,0,2,14.76,17.425,81,15.0013,7,37,44
2011-04-16 01:00:00,2,0,0,2,14.76,16.665,87,19.0012,3,23,26
2011-04-16 02:00:00,2,0,0,2,14.76,17.425,87,8.9981,3,24,27
2011-04-16 03:00:00,2,0,0,2,14.76,17.425,87,11.0014,3,9,12
2011-04-16 04:00:00,2,0,0,2,14.76,17.425,87,15.0013,1,-2,-1
2011-04-16 05:00:00,2,0,0,2,15.58,19.695,87,19.0012,0,3,3
2011-04-16 06:00:00,2,0,0,3,16.4,20.455,82,22.0028,1,11,12
2011-04-16 07:00:00,2,0,0,2,16.4,20.455,82,27.9993,3,17,20
2011-04-16 08:00:00,2,0,0,3,16.4,20.455,87,23.9994,6,32,38
2011-04-16 09:00:00,2,0,0,3,16.4,20.455,100,19.9995,0,27,27
2011-04-16 10:00:00,2,0,0,3,17.22,21.21,94,26.0027,0,27,27
2011-04-16 11:00:00,2,0,0,3,17.22,21.21,94,30.0026,4,26,30
2011-04-16 12:00:00,2,0,0,2,18.86,22.725,88,39.0007,5,26,31
2011-04-16 13:00:00,2,0,0,3,18.86,22.725,94,35.0008,8,43,51
2011-04-16 14:00:00,2,0,0,3,21.32,25.0,83,39.0007,14,48,62
2011-04-16 15:00:00,2,0,0,3,21.32,25.0,83,39.0007,17,60,77
2011-04-16 16:00:00,2,0,0,3,20.5,24.24,88,31.0009,6,26,32
2011-04-16 17:00:00,2,0,0,3,20.5,24.24,88,39.0007,2,11,13
2011-04-16 18:00:00,2,0,0,2,20.5,24.24,94,26.0027,6,31,37
2011-04-16 19:00:00,2,0,0,2,21.32,25.0,94,27.9993,8,61,69
2011-04-16 20:00:00,2,0,0,3,18.04,21.97,94,15.0013,3,54,57
2011-04-16 21:00:00,2,0,0,2,18.04,21.97,94,0.0,1,12,13
2011-04-16 22:00:00,2,0,0,3,17.22,21.21,100,0.0,1,24,25
2011-04-16 23:00:00,2,0,0,2,18.04,21.97,77,19.0012,5,36,41
2011-04-17 00:00:00,2,0,0,2,18.04,21.97,77,19.0012,3,29,32
2011-04-17 01:00:00,2,0,0,1,17.22,21.21,67,15.0013,4,26,30
2011-04-17 02:00:00,2,0,0,1,16.4,20.455,62,12.998,5,27,32
2011-04-17 03:00:00,2,0,0,1,16.4,20.455,66,8.9981,13,14,27
2011-04-17 04:00:00,2,0,0,1,14.76,18.18,76,7.0015,1,6,7
2011-04-17 05:00:00,2,0,0,1,14.76,17.425,71,11.0014,2,0,2
2011-04-17 06:00:00,2,0,0,1,14.76,15.91,66,30.0026,3,0,3
2011-04-17 07:00:00,2,0,0,1,14.76,16.665,50,23.9994,3,20,23
2011-04-17 08:00:00,2,0,0,1,15.58,19.695,46,26.0027,5,32,37
2011-04-17 09:00:00,2,0,0,1,16.4,20.455,43,19.0012,30,70,100
2011-04-17 10:00:00,2,0,0,1,17.22,21.21,44,30.0026,91,115,206
2011-04-17 11:00:00,2,0,0,1,18.86,22.725,41,27.9993,118,190,308
2011-04-17 12:00:00,2,0,0,1,18.86,22.725,38,26.0027,165,186,351
2011-04-17 13:00:00,2,0,0,1,20.5,24.24,34,26.0027,181,161,342
2011-04-17 14:00:00,2,0,0,1,21.32,25.0,34,26.0027,169,187,356
2011-04-17 15:00:00,2,0,0,1,22.14,25.76,32,35.0008,178,208,386
2011-04-17 16:00:00,2,0,0,1,22.14,25.76,30,23.9994,160,178,338
2011-04-17 17:00:00,2,0,0,1,22.96,26.515,30,30.0026,143,164,307
2011-04-17 18:00:00,2,0,0,1,22.96,26.515,30,26.0027,101,170,271
2011-04-17 19:00:00,2,0,0,1,22.96,26.515,30,19.9995,76,135,211
2011-04-17 20:00:00,2,0,0,1,21.32,25.0,36,12.998,44,100,144
2011-04-17 21:00:00,2,0,0,1,20.5,24.24,42,12.998,13,68,81
2011-04-17 22:00:00,2,0,0,1,20.5,24.24,39,7.0015,21,49,70
2011-04-17 23:00:00,2,0,0,1,18.04,21.97,67,11.0014,17,31,48
2011-04-18 00:00:00,2,0,1,1,18.86,22.725,47,6.0032,14,24,38
2011-04-18 01:00:00,2,0,1,1,18.86,22.725,47,8.9981,10,10,20
2011-04-18 02:00:00,2,0,1,1,17.22,21.21,67,7.0015,15,-4,11
2011-04-18 03:00:00,2,0,1,1,17.22,21.21,62,7.0015,7,1,8
2011-04-18 04:00:00,2,0,1,1,16.4,20.455,87,11.0014,1,3,4
2011-04-18 05:00:00,2,0,1,1,16.4,20.455,76,6.0032,0,12,12
2011-04-18 06:00:00,2,0,1,1,16.4,20.455,82,0.0,4,49,53
2011-04-18 07:00:00,2,0,1,1,18.86,22.725,63,0.0,14,154,168
2011-04-18 08:00:00,2,0,1,1,18.86,22.725,63,0.0,19,275,294
2011-04-18 09:00:00,2,0,1,2,20.5,24.24,55,7.0015,37,132,169
2011-04-18 10:00:00,2,0,1,2,21.32,25.0,55,7.0015,42,65,107
2011-04-18 11:00:00,2,0,1,2,22.14,25.76,52,6.0032,36,82,118
2011-04-18 12:00:00,2,0,1,2,22.96,26.515,49,6.0032,59,122,181
2011-04-18 13:00:00,2,0,1,2,22.96,26.515,49,11.0014,39,128,167
2011-04-18 14:00:00,2,0,1,2,23.78,27.275,49,12.998,48,92,140
2011-04-18 15:00:00,2,0,1,2,24.6,31.06,43,12.998,63,106,169
2011-04-18 16:00:00,2,0,1,1,24.6,31.06,46,19.0012,41,165,206
2011-04-18 17:00:00,2,0,1,1,23.78,27.275,49,19.0012,66,360,426
2011-04-18 18:00:00,2,0,1,1,26.24,31.06,31,23.9994,41,321,362
2011-04-18 19:00:00,2,0,1,1,22.96,26.515,46,16.9979,40,242,282
2011-04-18 20:00:00,2,0,1,1,24.6,31.06,33,19.9995,29,132,161
2011-04-18 21:00:00,2,0,1,1,22.96,26.515,37,19.0012,20,132,152
2011-04-18 22:00:00,2,0,1,1,21.32,25.0,55,19.0012,10,78,88
2011-04-18 23:00:00,2,0,1,1,20.5,24.24,59,16.9979,10,34,44
2011-04-19 00:00:00,2,0,1,1,20.5,24.24,55,15.0013,2,22,24
2011-04-19 01:00:00,2,0,1,1,18.86,22.725,63,15.0013,6,0,6
2011-04-19 02:00:00,2,0,1,1,18.86,22.725,67,19.0012,8,5,13
2011-04-19 03:00:00,2,0,1,1,19.68,23.485,63,15.0013,-1,2,1
2011-04-19 04:00:00,2,0,1,1,18.86,22.725,67,6.0032,0,0,0
2011-04-19 05:00:00,2,0,1,2,18.86,22.725,72,12.998,0,13,13
2011-04-19 06:00:00,2,0,1,2,19.68,23.485,67,0.0,1,58,59
2011-04-19 07:00:00,2,0,1,2,21.32,25.0,55,0.0,23,165,188
2011-04-19 08:00:00,2,0,1,2,20.5,24.24,68,8.9981,21,331,352
2011-04-19 09:00:00,2,0,1,3,21.32,25.0,63,6.0032,23,137,160
2011-04-19 10:00:00,2,0,1,2,20.5,24.24,72,15.0013,14,61,75
2011-04-19 11:00:00,2,0,1,2,22.14,25.76,68,11.0014,20,54,74
2011-04-19 12:00:00,2,0,1,2,22.14,25.76,64,6.0032,19,83,102
2011-04-19 13:00:00,2,0,1,2,22.14,25.76,68,15.0013,25,104,129
2011-04-19 14:00:00,2,0,1,2,22.14,25.76,64,12.998,17,87,104
2011-04-19 15:00:00,2,0,1,2,22.14,25.76,65,11.0014,43,80,123
2011-04-19 16:00:00,2,0,1,1,22.96,26.515,52,19.9995,33,163,196
2011-04-19 17:00:00,2,0,1,1,22.96,26.515,60,7.0015,38,377,415
2011-04-19 18:00:00,2,0,1,2,22.14,25.76,64,8.9981,43,386,429
2011-04-19 19:00:00,2,0,1,2,20.5,24.24,72,12.998,28,247,275
2011-04-19 20:00:00,2,0,1,2,20.5,24.24,72,15.0013,18,149,167
2011-04-19 21:00:00,2,0,1,2,20.5,24.24,72,8.9981,8,111,119
2011-04-19 22:00:00,2,0,1,1,19.68,23.485,77,6.0032,3,112,115
2011-04-19 23:00:00,2,0,1,1,18.86,22.725,88,6.0032,11,43,54
2011-05-01 00:00:00,2,0,0,1,17.22,21.21,67,6.0032,19,73,92
2011-05-01 01:00:00,2,0,0,1,17.22,21.21,69,7.0015,7,54,61
2011-05-01 02:00:00,2,0,0,1,17.22,21.21,77,7.0015,6,44,50
2011-05-01 03:00:00,2,0,0,1,16.4,20.455,82,7.0015,9,12,21
2011-05-01 04:00:00,2,0,0,1,16.4,20.455,76,7.0015,5,9,14
2011-05-01 05:00:00,2,0,0,1,16.4,20.455,82,6.0032,2,14,16
2011-05-01 06:00:00,2,0,0,2,16.4,20.455,82,6.0032,4,8,12
2011-05-01 07:00:00,2,0,0,2,17.22,21.21,77,6.0032,7,22,29
2011-05-01 08:00:00,2,0,0,2,18.04,21.97,77,8.9981,15,45,60
2011-05-01 09:00:00,2,0,0,2,18.86,22.725,72,8.9981,44,91,135
2011-05-01 10:00:00,2,0,0,2,19.68,23.485,63,12.998,110,157,267
2011-05-01 11:00:00,2,0,0,1,18.86,22.725,82,7.0015,108,141,249
2011-05-01 12:00:00,2,0,0,2,19.68,23.485,77,7.0015,108,164,272
2011-05-01 13:00:00,2,0,0,2,20.5,24.24,63,11.0014,123,207,330
2011-05-01 14:00:00,2,0,0,2,20.5,24.24,68,7.0015,84,152,236
2011-05-01 15:00:00,2,0,0,2,20.5,24.24,72,0.0,114,152,266
2011-05-01 16:00:00,2,0,0,2,20.5,24.24,72,12.998,74,137,211
2011-05-01 17:00:00,2,0,0,2,19.68,23.485,82,16.9979,60,132,192
2011-05-01 18:00:00,2,0,0,2,18.86,22.725,82,6.0032,30,126,156
2011-05-01 19:00:00,2,0,0,2,18.86,22.725,84,7.0015,47,134,181
2011-05-01 20:00:00,2,0,0,2,18.86,22.725,82,0.0,35,86,121
2011-05-01 21:00:00,2,0,0,2,18.86,22.725,82,0.0,23,82,105
2011-05-01 22:00:00,2,0,0,2,18.86,22.725,82,0.0,31,65,96
2011-05-01 23:00:00,2,0,0,1,18.86,22.725,77,12.998,63,84,147
2011-05-02 00:00:00,2,0,1,1,18.86,22.725,72,8.9981,68,108,176
2011-05-02 01:00:00,2,0,1,1,18.86,22.725,72,8.9981,40,69,109
2011-05-02 02:00:00,2,0,1,2,18.04,21.97,77,15.0013,18,20,38
2011-05-02 03:00:00,2,0,1,1,18.04,21.97,77,8.9981,8,7,15
2011-05-02 04:00:00,2,0,1,1,18.04,21.97,77,11.0014,6,7,13
2011-05-02 05:00:00,2,0,1,2,18.04,21.97,77,8.9981,3,16,19
2011-05-02 06:00:00,2,0,1,1,18.04,21.97,88,7.0015,3,62,65
2011-05-02 07:00:00,2,0,1,2,18.86,22.725,82,22.0028,16,193,209
2011-05-02 08:00:00,2,0,1,2,19.68,23.485,77,15.0013,21,347,368
2011-05-02 09:00:00,2,0,1,2,20.5,24.24,77,19.0012,42,128,170
2011-05-02 10:00:00,2,0,1,2,22.14,25.76,77,15.0013,30,76,106
2011-05-02 11:00:00,2,0,1,1,23.78,27.275,73,19.9995,33,98,131
2011-05-02 12:00:00,2,0,1,1,25.42,30.305,69,15.0013,38,145,183
2011-05-02 13:00:00,2,0,1,2,25.42,30.305,69,12.998,53,116,169
2011-05-02 14:00:00,2,0,1,1,26.24,30.305,69,15.0013,47,128,175
2011-05-02 15:00:00,2,0,1,1,27.06,31.06,61,12.998,45,115,160
2011-05-02 16:00:00,2,0,1,1,27.06,31.06,61,15.0013,47,216,263
2011-05-02 17:00:00,2,0,1,1,27.06,31.06,65,12.998,64,472,536
2011-05-02 18:00:00,2,0,1,2,26.24,30.305,65,12.998,69,450,519
2011-05-02 19:00:00,2,0,1,2,25.42,30.305,69,8.9981,44,266,310
2011-05-02 20:00:00,2,0,1,2,25.42,30.305,69,8.9981,43,176,219
2011-05-02 21:00:00,2,0,1,2,24.6,29.545,73,7.0015,53,178,231
2011-05-02 22:00:00,2,0,1,2,24.6,29.545,73,0.0,29,102,131
2011-05-02 23:00:00,2,0,1,2,22.96,26.515,83,12.998,17,42,59
2011-05-03 00:00:00,2,0,1,2,22.96,26.515,83,15.0013,0,13,13
2011-05-03 01:00:00,2,0,1,2,22.96,26.515,78,16.9979,1,16,17
2011-05-03 02:00:00,2,0,1,2,22.96,26.515,78,16.9979,0,7,7
2011-05-03 03:00:00,2,0,1,1,22.14,25.76,83,19.0012,0,2,2
2011-05-03 04:00:00,2,0,1,1,21.32,25.0,88,15.0013,2,-1,1
2011-05-03 05:00:00,2,0,1,1,21.32,25.0,88,8.9981,-2,17,15
2011-05-03 06:00:00,2,0,1,2,21.32,25.0,94,11.0014,5,99,104
2011-05-03 07:00:00,2,0,1,2,22.14,25.76,88,15.0013,17,243,260
2011-05-03 08:00:00,2,0,1,2,22.96,26.515,83,19.0012,23,434,457
2011-05-03 09:00:00,2,0,1,2,24.6,28.79,78,23.9994,28,162,190
2011-05-03 10:00:00,2,0,1,2,26.24,30.305,69,23.9994,34,94,128
2011-05-03 11:00:00,2,0,1,2,27.06,31.06,65,22.0028,21,124,145
2011-05-03 12:00:00,2,0,1,2,27.88,31.82,61,32.9975,46,168,214
2011-05-03 13:00:00,2,0,1,2,28.7,32.575,58,40.9973,48,149,197
2011-05-03 14:00:00,2,0,1,2,28.7,32.575,58,35.0008,35,123,158
2011-05-03 15:00:00,2,0,1,2,28.7,32.575,58,30.0026,38,118,156
2011-05-03 16:00:00,2,0,1,1,29.52,33.335,54,31.0009,45,224,269
2011-05-03 17:00:00,2,0,1,1,28.7,32.575,54,31.0009,54,464,518
2011-05-03 18:00:00,2,0,1,1,28.7,32.575,48,27.9993,58,487,545
2011-05-03 19:00:00,2,0,1,1,27.88,31.82,57,23.9994,41,321,362
2011-05-03 20:00:00,2,0,1,1,27.06,31.06,61,12.998,27,260,287
2011-05-03 21:00:00,2,0,1,2,26.24,31.06,61,30.0026,40,186,226
2011-05-03 22:00:00,2,0,1,2,23.78,27.275,60,26.0027,14,99,113
2011-05-03 23:00:00,2,0,1,2,22.96,26.515,68,22.0028,12,51,63
2011-05-04 00:00:00,2,0,1,3,21.32,25.0,77,11.0014,7,26,33
2011-05-04 01:00:00,2,0,1,3,20.5,24.24,82,19.0012,1,12,13
2011-05-04 02:00:00,2,0,1,3,20.5,24.24,82,19.0012,0,4,4
2011-05-04 03:00:00,2,0,1,3,17.22,21.21,88,35.0008,0,-3,-3
2011-05-04 04:00:00,2,0,1,3,15.58,19.695,94,22.0028,2,7,9
2011-05-04 05:00:00,2,0,1,3,14.76,16.665,87,22.0028,1,8,9
2011-05-04 06:00:00,2,0,1,3,13.94,15.15,93,26.0027,0,27,27
2011-05-04 07:00:00,2,0,1,3,13.94,15.15,93,23.9994,5,45,50
2011-05-04 08:00:00,2,0,1,3,13.94,15.15,93,26.0027,5,77,82
2011-05-04 09:00:00,2,0,1,3,13.94,15.15,93,23.9994,3,37,40
2011-05-04 10:00:00,2,0,1,2,13.94,15.91,93,19.0012,6,22,28
2011-05-04 11:00:00,2,0,1,1,16.4,20.455,82,22.0028,4,66,70
2011-05-04 12:00:00,2,0,1,2,18.04,21.97,62,23.9994,19,109,128
2011-05-04 13:00:00,2,0,1,2,18.86,22.725,59,30.0026,14,123,137
2011-05-04 14:00:00,2,0,1,1,20.5,24.24,51,26.0027,13,95,108
2011-05-04 15:00:00,2,0,1,1,19.68,23.485,51,27.9993,22,107,129
2011-05-04 16:00:00,2,0,1,1,20.5,24.24,45,31.0009,22,172,194
2011-05-04 17:00:00,2,0,1,1,16.4,20.455,71,16.9979,21,383,404
2011-05-04 18:00:00,2,0,1,1,17.22,21.21,67,16.9979,28,367,395
2011-05-04 19:00:00,2,0,1,1,17.22,21.21,58,23.9994,30,266,296
2011-05-04 20:00:00,2,0,1,1,16.4,20.455,62,22.0028,16,173,189
2011-05-04 21:00:00,2,0,1,1,16.4,20.455,62,11.0014,17,131,148
2011-05-04 22:00:00,2,0,1,1,15.58,19.695,62,15.0013,10,82,92
2011-05-04 23:00:00,2,0,1,1,14.76,17.425,62,15.0013,6,45,51
2011-05-05 00:00:00,2,0,1,1,14.76,17.425,66,12.998,4,20,24
2011-05-05 01:00:00,2,0,1,1,13.94,16.665,71,12.998,3,4,7
2011-05-05 02:00:00,2,0,1,1,13.94,15.91,66,15.0013,0,2,2
2011-05-05 03:00:00,2,0,1,1,13.94,15.91,66,16.9979,2,2,4
2011-05-05 04:00:00,2,0,1,1,13.94,15.91,66,16.9979,3,1,4
2011-05-05 05:00:00,2,0,1,1,13.94,15.91,66,16.9979,2,35,37
2011-05-05 06:00:00,2,0,1,1,13.94,15.91,66,16.9979,4,85,89
2011-05-05 07:00:00,2,0,1,1,15.58,19.695,58,16.9979,16,251,267
2011-05-05 08:00:00,2,0,1,1,17.22,21.21,50,16.9979,25,414,439
2011-05-05 09:00:00,2,0,1,1,18.86,22.725,44,19.0012,20,168,188
2011-05-05 10:00:00,2,0,1,1,20.5,24.24,39,19.0012,29,98,127
2011-05-05 11:00:00,2,0,1,1,21.32,25.0,36,30.0026,43,103,146
2011-05-05 12:00:00,2,0,1,1,21.32,25.0,34,23.9994,26,167,193
2011-05-05 13:00:00,2,0,1,1,22.14,25.76,30,39.0007,50,140,190
2011-05-05 14:00:00,2,0,1,1,22.14,25.76,28,30.0026,19,141,160
2011-05-05 15:00:00,2,0,1,1,22.96,26.515,26,32.9975,26,118,144
2011-05-05 16:00:00,2,0,1,1,23.78,27.275,24,27.9993,36,233,269
2011-05-05 17:00:00,2,0,1,1,22.96,26.515,26,26.0027,64,459,523
2011-05-05 18:00:00,2,0,1,1,22.96,26.515,26,19.0012,65,455,520
2011-05-05 19:00:00,2,0,1,1,22.14,25.76,28,15.0013,55,308,363
2011-05-05 20:00:00,2,0,1,1,20.5,24.24,34,11.0014,33,224,257
2011-05-05 21:00:00,2,0,1,1,20.5,24.24,36,12.998,38,144,182
2011-05-05 22:00:00,2,0,1,1,19.68,23.485,39,12.998,29,133,162
2011-05-05 23:00:00,2,0,1,1,18.86,22.725,41,12.998,15,97,112
2011-05-06 00:00:00,2,0,1,1,18.04,21.97,44,11.0014,11,47,58
2011-05-06 01:00:00,2,0,1,1,16.4,20.455,62,11.0014,7,27,34
2011-05-06 02:00:00,2,0,1,1,15.58,19.695,62,7.0015,3,17,20
2011-05-06 03:00:00,2,0,1,1,14.76,18.18,71,7.0015,3,5,8
2011-05-06 04:00:00,2,0,1,1,14.76,18.18,71,7.0015,-1,-3,-4
2011-05-06 05:00:00,2,0,1,1,13.94,17.425,81,7.0015,0,23,23
2011-05-06 06:00:00,2,0,1,1,14.76,18.18,81,6.0032,7,73,80
2011-05-06 07:00:00,2,0,1,1,16.4,20.455,82,0.0,21,197,218
2011-05-06 08:00:00,2,0,1,1,17.22,21.21,77,16.9979,36,418,454
2011-05-06 09:00:00,2,0,1,1,18.86,22.725,67,19.0012,25,162,187
2011-05-06 10:00:00,2,0,1,2,22.14,25.76,49,22.0028,29,96,125
2011-05-06 11:00:00,2,0,1,2,22.14,25.76,49,22.0028,42,119,161
2011-05-06 12:00:00,2,0,1,1,22.96,26.515,49,23.9994,49,200,249
2011-05-06 13:00:00,2,0,1,1,23.78,27.275,40,22.0028,70,186,256
2011-05-06 14:00:00,2,0,1,1,24.6,31.06,40,30.0026,86,125,211
2011-05-06 15:00:00,2,0,1,1,24.6,31.06,38,26.0027,89,172,261
2011-05-06 16:00:00,2,0,1,1,24.6,31.06,40,16.9979,81,263,344
2011-05-06 17:00:00,2,0,1,1,23.78,27.275,40,23.9994,83,467,550
2011-05-06 18:00:00,2,0,1,3,22.14,25.76,52,23.9994,85,385,470
2011-05-06 19:00:00,2,0,1,3,22.14,25.76,52,23.9994,38,252,290
2011-05-06 20:00:00,2,0,1,1,21.32,25.0,48,7.0015,28,162,190
2011-05-06 21:00:00,2,0,1,1,19.68,23.485,67,8.9981,21,127,148
2011-05-06 22:00:00,2,0,1,1,18.86,22.725,72,15.0013,45,105,150
2011-05-06 23:00:00,2,0,1,1,18.04,21.97,82,8.9981,27,92,119
2011-05-07 00:00:00,2,0,0,1,17.22,21.21,82,8.9981,9,74,83
2011-05-07 01:00:00,2,0,0,1,17.22,21.21,82,7.0015,8,49,57
2011-05-07 02:00:00,2,0,0,1,17.22,21.21,82,6.0032,3,48,51
2011-05-07 03:00:00,2,0,0,1,17.22,21.21,77,6.0032,7,8,15
2011-05-07 04:00:00,2,0,0,1,16.4,20.455,82,7.0015,0,-1,-1
2011-05-07 05:00:00,2,0,0,1,18.86,22.725,59,8.9981,4,0,4
2011-05-07 06:00:00,2,0,0,1,17.22,21.21,77,6.0032,1,15,16
2011-05-07 07:00:00,2,0,0,1,19.68,23.485,59,0.0,9,32,41
2011-05-07 08:00:00,2,0,0,1,21.32,25.0,52,12.998,20,93,113
2011-05-07 09:00:00,2,0,0,1,22.14,25.76,49,19.0012,55,163,218
2011-05-07 10:00:00,2,0,0,1,22.96,26.515,49,19.9995,90,203,293
2011-05-07 11:00:00,2,0,0,1,22.96,26.515,43,0.0,132,214,346
2011-05-07 12:00:00,2,0,0,1,24.6,31.06,40,12.998,129,241,370
2011-05-07 13:00:00,2,0,0,1,24.6,31.06,35,19.0012,196,235,431
2011-05-07 14:00:00,2,0,0,3,24.6,31.06,35,11.0014,143,233,376
2011-05-07 15:00:00,2,0,0,1,24.6,31.06,38,16.9979,148,227,375
2011-05-07 16:00:00,2,0,0,1,24.6,31.06,38,12.998,117,221,338
2011-05-07 17:00:00,2,0,0,1,23.78,27.275,40,15.0013,138,214,352
2011-05-07 18:00:00,2,0,0,1,23.78,27.275,37,11.0014,112,174,286
2011-05-07 19:00:00,2,0,0,1,22.96,26.515,43,12.998,88,175,263
2011-05-07 20:00:00,2,0,0,1,22.96,26.515,43,8.9981,80,137,217
2011-05-07 21:00:00,2,0,0,1,22.14,25.76,49,15.0013,56,119,175
2011-05-07 22:00:00,2,0,0,1,22.14,25.76,49,12.998,26,94,120
2011-05-07 23:00:00,2,0,0,1,20.5,24.24,59,7.0015,30,92,122
2011-05-08 00:00:00,2,0,0,2,20.5,24.24,59,7.0015,22,80,102
2011-05-08 01:00:00,2,0,0,2,21.32,25.0,55,0.0,9,52,61
2011-05-08 02:00:00,2,0,0,1,19.68,23.485,63,0.0,16,39,55
2011-05-08 03:00:00,2,0,0,1,18.86,22.725,72,6.0032,8,22,30
2011-05-08 04:00:00,2,0,0,1,17.22,21.21,82,0.0,0,3,3
2011-05-08 05:00:00,2,0,0,2,18.04,21.97,77,0.0,0,6,6
2011-05-08 06:00:00,2,0,0,2,18.04,21.97,82,0.0,1,0,1
2011-05-08 07:00:00,2,0,0,2,18.86,22.725,82,0.0,7,13,20
2011-05-08 08:00:00,2,0,0,1,21.32,25.0,63,8.9981,27,59,86
2011-05-08 09:00:00,2,0,0,1,22.96,26.515,52,15.0013,47,111,158
2011-05-08 10:00:00,2,0,0,1,23.78,27.275,49,8.9981,91,160,251
2011-05-08 11:00:00,2,0,0,1,23.78,27.275,49,6.0032,142,197,339
2011-05-08 12:00:00,2,0,0,1,24.6,31.06,46,6.0032,138,244,382
2011-05-08 13:00:00,2,0,0,1,24.6,31.06,49,8.9981,167,223,390
2011-05-08 14:00:00,2,0,0,1,24.6,31.06,49,0.0,125,239,364
2011-05-08 15:00:00,2,0,0,1,24.6,31.06,49,0.0,128,231,359
2011-05-08 16:00:00,2,0,0,1,24.6,31.06,46,7.0015,122,266,388
2011-05-08 17:00:00,2,0,0,3,23.78,27.275,49,19.0012,105,243,348
2011-05-08 18:00:00,2,0,0,1,23.78,27.275,49,0.0,62,209,271
2011-05-08 19:00:00,2,0,0,1,22.96,26.515,64,0.0,60,180,240
2011-05-08 20:00:00,2,0,0,1,21.32,25.0,77,8.9981,42,133,175
2011-05-08 21:00:00,2,0,0,1,21.32,25.0,77,6.0032,32,87,119
2011-05-08 22:00:00,2,0,0,1,20.5,24.24,88,6.0032,29,86,115
2011-05-08 23:00:00,2,0,0,1,18.86,22.725,88,6.0032,8,43,51
2011-05-09 00:00:00,2,0,1,1,18.86,22.725,82,6.0032,32,30,62
2011-05-09 01:00:00,2,0,1,1,18.04,21.97,88,0.0,25,5,30
2011-05-09 02:00:00,2,0,1,1,18.04,21.97,94,0.0,5,3,8
2011-05-09 03:00:00,2,0,1,1,18.86,22.725,82,6.0032,0,9,9
2011-05-09 04:00:00,2,0,1,1,17.22,21.21,82,11.0014,0,0,0
2011-05-09 05:00:00,2,0,1,1,17.22,21.21,77,11.0014,0,18,18
2011-05-09 06:00:00,2,0,1,1,18.04,21.97,72,16.9979,1,84,85
2011-05-09 07:00:00,2,0,1,1,19.68,23.485,63,16.9979,17,224,241
2011-05-09 08:00:00,2,0,1,1,21.32,25.0,55,15.0013,23,350,373
2011-05-09 09:00:00,2,0,1,1,22.14,25.76,56,11.0014,36,143,179
2011-05-09 10:00:00,2,0,1,1,22.96,26.515,52,12.998,24,96,120
2011-05-09 11:00:00,2,0,1,1,24.6,31.06,46,15.0013,26,102,128
2011-05-09 12:00:00,2,0,1,1,24.6,31.06,43,12.998,35,157,192
2011-05-09 13:00:00,2,0,1,1,25.42,31.06,38,19.0012,35,135,170
2011-05-09 14:00:00,2,0,1,1,25.42,31.06,41,15.0013,45,119,164
2011-05-09 15:00:00,2,0,1,1,25.42,31.06,41,15.0013,51,144,195
2011-05-09 16:00:00,2,0,1,1,26.24,31.06,38,15.0013,48,255,303
2011-05-09 17:00:00,2,0,1,1,25.42,31.06,38,16.9979,58,543,601
2011-05-09 18:00:00,2,0,1,1,25.42,31.06,38,19.9995,68,456,524
2011-05-09 19:00:00,2,0,1,1,23.78,27.275,43,12.998,44,336,380
2011-05-09 20:00:00,2,0,1,1,22.14,25.76,49,12.998,24,219,243
2011-05-09 21:00:00,2,0,1,1,21.32,25.0,59,8.9981,29,132,161
2011-05-09 22:00:00,2,0,1,1,21.32,25.0,68,6.0032,21,90,111
2011-05-09 23:00:00,2,0,1,1,20.5,24.24,68,6.0032,16,38,54
2011-05-10 00:00:00,2,0,1,1,19.68,23.485,63,0.0,6,13,19
2011-05-10 01:00:00,2,0,1,1,18.86,22.725,59,6.0032,3,12,15
2011-05-10 02:00:00,2,0,1,1,18.04,21.97,58,8.9981,0,0,0
2011-05-10 03:00:00,2,0,1,1,18.04,21.97,54,12.998,1,1,2
2011-05-10 04:00:00,2,0,1,1,17.22,21.21,62,16.9979,0,5,5
2011-05-10 05:00:00,2,0,1,1,16.4,20.455,66,15.0013,1,25,26
2011-05-10 06:00:00,2,0,1,1,17.22,21.21,67,8.9981,9,99,108
2011-05-10 07:00:00,2,0,1,2,18.04,21.97,62,8.9981,12,304,316
2011-05-10 08:00:00,2,0,1,2,20.5,24.24,51,7.0015,27,397,424
2011-05-10 09:00:00,2,0,1,2,21.32,25.0,48,7.0015,30,179,209
2011-05-10 10:00:00,2,0,1,2,22.96,26.515,37,6.0032,27,101,128
2011-05-10 11:00:00,2,0,1,2,22.96,26.515,43,8.9981,17,107,124
2011-05-10 12:00:00,2,0,1,2,24.6,31.06,38,0.0,47,174,221
2011-05-10 13:00:00,2,0,1,2,25.42,31.06,38,16.9979,50,152,202
2011-05-10 14:00:00,2,0,1,2,25.42,31.06,33,0.0,42,128,170
2011-05-10 15:00:00,2,0,1,2,26.24,31.06,33,6.0032,26,154,180
2011-05-10 16:00:00,2,0,1,1,27.06,31.06,31,7.0015,55,275,330
2011-05-10 17:00:00,2,0,1,1,26.24,31.06,33,0.0,78,535,613
2011-05-10 18:00:00,2,0,1,1,26.24,31.06,29,8.9981,71,480,551
2011-05-10 19:00:00,2,0,1,1,24.6,31.06,43,15.0013,68,359,427
2011-05-10 20:00:00,2,0,1,1,22.14,25.76,60,8.9981,49,236,285
2011-05-10 21:00:00,2,0,1,1,22.14,25.76,52,0.0,29,174,203
2011-05-10 22:00:00,2,0,1,1,21.32,25.0,55,7.0015,28,123,151
2011-05-10 23:00:00,2,0,1,2,21.32,25.0,59,8.9981,8,76,84
2011-05-11 00:00:00,2,0,1,2,21.32,25.0,55,8.9981,7,33,40
2011-05-11 01:00:00,2,0,1,2,20.5,24.24,59,7.0015,4,16,20
2011-05-11 02:00:00,2,0,1,1,21.32,25.0,59,0.0,7,3,10
2011-05-11 03:00:00,2,0,1,1,20.5,24.24,63,15.0013,0,3,3
2011-05-11 04:00:00,2,0,1,2,19.68,23.485,88,8.9981,0,8,8
2011-05-11 05:00:00,2,0,1,1,18.86,22.725,88,8.9981,-1,11,10
2011-05-11 06:00:00,2,0,1,1,18.86,22.725,82,8.9981,5,92,97
2011-05-11 07:00:00,2,0,1,1,19.68,23.485,72,12.998,26,294,320
2011-05-11 08:00:00,2,0,1,1,19.68,23.485,77,16.9979,21,421,442
2011-05-11 09:00:00,2,0,1,1,21.32,25.0,72,8.9981,21,183,204
2011-05-11 10:00:00,2,0,1,1,22.14,25.76,68,6.0032,29,123,152
2011-05-11 11:00:00,2,0,1,1,22.96,26.515,64,6.0032,19,126,145
2011-05-11 12:00:00,2,0,1,1,24.6,31.06,56,0.0,42,193,235
2011-05-11 13:00:00,2,0,1,1,25.42,31.06,50,0.0,37,153,190
2011-05-11 14:00:00,2,0,1,1,25.42,31.06,53,6.0032,39,140,179
2011-05-11 15:00:00,2,0,1,1,26.24,31.06,41,0.0,47,127,174
2011-05-11 16:00:00,2,0,1,1,27.06,31.06,39,0.0,49,237,286
2011-05-11 17:00:00,2,0,1,1,26.24,31.06,47,7.0015,16,236,252
2011-05-11 18:00:00,2,0,1,1,25.42,31.06,50,19.9995,40,236,276
2011-05-11 19:00:00,2,0,1,1,22.96,26.515,52,8.9981,61,335,396
2011-05-11 20:00:00,2,0,1,1,22.14,25.76,64,8.9981,27,245,272
2011-05-11 21:00:00,2,0,1,1,22.14,25.76,60,0.0,32,203,235
2011-05-11 22:00:00,2,0,1,1,20.5,24.24,72,16.9979,12,135,147
2011-05-11 23:00:00,2,0,1,1,18.86,22.725,88,16.9979,11,65,76
2011-05-12 00:00:00,2,0,1,2,18.86,22.725,88,15.0013,3,39,42
2011-05-12 01:00:00,2,0,1,1,18.86,22.725,88,15.0013,0,17,17
2011-05-12 02:00:00,2,0,1,1,18.04,21.97,94,12.998,0,19,19
2011-05-12 03:00:00,2,0,1,1,18.04,21.97,88,8.9981,2,3,5
2011-05-12 04:00:00,2,0,1,1,17.22,21.21,94,0.0,0,2,2
2011-05-12 05:00:00,2,0,1,1,17.22,21.21,94,8.9981,1,25,26
2011-05-12 06:00:00,2,0,1,1,18.04,21.97,88,0.0,9,107,116
2011-05-12 07:00:00,2,0,1,1,18.86,22.725,88,8.9981,12,285,297
2011-05-12 08:00:00,2,0,1,1,19.68,23.485,82,12.998,26,394,420
2011-05-12 09:00:00,2,0,1,2,20.5,24.24,77,19.0012,21,191,212
2011-05-12 10:00:00,2,0,1,2,22.14,25.76,68,15.0013,27,117,144
2011-05-12 11:00:00,2,0,1,1,23.78,27.275,60,15.0013,40,138,178
2011-05-12 12:00:00,2,0,1,1,23.78,27.275,60,15.0013,43,164,207
2011-05-12 13:00:00,2,0,1,2,25.42,31.06,57,19.9995,47,168,215
2011-05-12 14:00:00,2,0,1,2,25.42,30.305,61,15.0013,43,153,196
2011-05-12 15:00:00,2,0,1,2,26.24,31.06,53,16.9979,54,162,216
2011-05-12 16:00:00,2,0,1,2,26.24,31.06,57,16.9979,50,237,287
2011-05-12 17:00:00,2,0,1,2,26.24,31.06,57,12.998,55,539,594
2011-05-12 18:00:00,2,0,1,1,25.42,30.305,69,15.0013,63,459,522
2011-05-12 19:00:00,2,0,1,2,24.6,30.305,64,12.998,58,302,360
2011-05-12 20:00:00,2,0,1,1,24.6,30.305,64,12.998,55,216,271
2011-05-12 21:00:00,2,0,1,1,22.96,26.515,83,8.9981,30,195,225
2011-05-12 22:00:00,2,0,1,1,22.14,25.76,83,12.998,24,146,170
2011-05-12 23:00:00,2,0,1,2,22.14,25.76,77,12.998,15,93,108
2011-05-13 00:00:00,2,0,1,2,21.32,25.0,83,11.0014,6,50,56
2011-05-13 01:00:00,2,0,1,1,21.32,25.0,83,11.0014,6,19,25
2011-05-13 02:00:00,2,0,1,2,20.5,24.24,88,8.9981,2,8,10
2011-05-13 03:00:00,2,0,1,2,20.5,24.24,88,8.9981,2,1,3
2011-05-13 04:00:00,2,0,1,3,20.5,24.24,88,11.0014,1,6,7
2011-05-13 05:00:00,2,0,1,2,20.5,24.24,88,12.998,0,17,17
2011-05-13 06:00:00,2,0,1,3,20.5,24.24,88,8.9981,4,79,83
2011-05-13 07:00:00,2,0,1,3,20.5,24.24,88,11.0014,14,142,156
2011-05-13 08:00:00,2,0,1,2,20.5,24.24,88,12.998,26,361,387
2011-05-13 09:00:00,2,0,1,2,20.5,24.24,88,12.998,19,217,236
2011-05-13 10:00:00,2,0,1,2,21.32,25.0,83,8.9981,30,103,133
2011-05-13 11:00:00,2,0,1,2,21.32,25.0,83,11.0014,56,84,140
2011-05-13 12:00:00,2,0,1,2,21.32,25.0,88,12.998,52,166,218
2011-05-13 13:00:00,2,0,1,2,21.32,25.0,88,26.0027,67,162,229
2011-05-13 14:00:00,2,0,1,2,21.32,25.0,87,19.0012,70,117,187
2011-05-13 15:00:00,2,0,1,2,21.32,25.0,88,11.0014,55,143,198
2011-05-13 16:00:00,2,0,1,2,21.32,25.0,88,8.9981,44,256,300
2011-05-13 17:00:00,2,0,1,3,21.32,25.0,88,11.0014,61,431,492
2011-05-13 18:00:00,2,0,1,3,21.32,25.0,88,11.0014,38,362,400
2011-05-13 19:00:00,2,0,1,2,21.32,25.0,83,12.998,26,244,270
2011-05-13 20:00:00,2,0,1,2,21.32,25.0,83,8.9981,21,128,149
2011-05-13 21:00:00,2,0,1,2,21.32,25.0,84,11.0014,25,130,155
2011-05-13 22:00:00,2,0,1,2,21.32,25.0,83,15.0013,24,104,128
2011-05-13 23:00:00,2,0,1,3,20.5,24.24,88,11.0014,31,82,113
2011-05-14 00:00:00,2,0,0,2,20.5,24.24,88,8.9981,23,81,104
2011-05-14 01:00:00,2,0,0,2,20.5,24.24,88,8.9981,15,66,81
2011-05-14 02:00:00,2,0,0,2,20.5,24.24,88,8.9981,14,33,47
2011-05-14 03:00:00,2,0,0,2,20.5,24.24,88,8.9981,6,29,35
2011-05-14 04:00:00,2,0,0,2,20.5,24.24,82,11.0014,1,4,5
2011-05-14 05:00:00,2,0,0,2,20.5,24.24,82,7.0015,7,9,16
2011-05-14 06:00:00,2,0,0,2,20.5,24.24,88,7.0015,2,10,12
2011-05-14 07:00:00,2,0,0,3,19.68,23.485,100,0.0,2,21,23
2011-05-14 08:00:00,2,0,0,3,20.5,24.24,94,0.0,15,70,85
2011-05-14 09:00:00,2,0,0,2,21.32,25.0,94,6.0032,12,84,96
2011-05-14 10:00:00,2,0,0,2,21.32,25.0,94,11.0014,34,134,168
2011-05-14 11:00:00,2,0,0,2,21.32,25.0,94,8.9981,71,204,275
2011-05-14 12:00:00,2,0,0,3,21.32,25.0,100,6.0032,75,202,277
2011-05-14 13:00:00,2,0,0,3,21.32,25.0,100,6.0032,67,186,253
2011-05-14 14:00:00,2,0,0,2,22.14,25.76,94,8.9981,56,161,217
2011-05-14 15:00:00,2,0,0,2,22.14,25.76,94,11.0014,73,220,293
2011-05-14 16:00:00,2,0,0,2,22.14,25.76,94,12.998,106,186,292
2011-05-14 17:00:00,2,0,0,2,22.96,26.515,88,12.998,77,195,272
2011-05-14 18:00:00,2,0,0,2,22.96,26.515,88,15.0013,88,218,306
2011-05-14 19:00:00,2,0,0,3,22.14,25.76,94,8.9981,69,175,244
2011-05-14 20:00:00,2,0,0,3,22.14,25.76,94,8.9981,41,116,157
2011-05-14 21:00:00,2,0,0,3,22.14,25.76,94,15.0013,13,40,53
2011-05-14 22:00:00,2,0,0,3,22.14,25.76,94,11.0014,7,15,22
2011-05-14 23:00:00,2,0,0,3,21.32,25.0,100,12.998,10,36,46
2011-05-15 00:00:00,2,0,0,2,21.32,25.0,100,0.0,5,33,38
2011-05-15 01:00:00,2,0,0,2,21.32,25.0,100,7.0015,4,39,43
2011-05-15 02:00:00,2,0,0,2,21.32,25.0,100,8.9981,12,35,47
2011-05-15 03:00:00,2,0,0,2,21.32,25.0,100,0.0,10,16,26
2011-05-15 04:00:00,2,0,0,2,21.32,25.0,100,0.0,5,7,12
2011-05-15 05:00:00,2,0,0,3,21.32,25.0,100,7.0015,3,12,15
2011-05-15 06:00:00,2,0,0,2,21.32,25.0,100,8.9981,2,11,13
2011-05-15 07:00:00,2,0,0,2,21.32,25.0,100,8.9981,3,38,41
2011-05-15 08:00:00,2,0,0,2,22.14,25.76,94,8.9981,26,45,71
2011-05-15 09:00:00,2,0,0,1,23.78,27.275,83,16.9979,36,96,132
2011-05-15 10:00:00,2,0,0,1,23.78,27.275,83,15.0013,72,150,222
2011-05-15 11:00:00,2,0,0,1,24.6,28.79,78,15.0013,120,198,318
2011-05-15 12:00:00,2,0,0,1,25.42,29.545,73,19.9995,120,249,369
2011-05-15 13:00:00,2,0,0,1,25.42,29.545,73,19.0012,193,258,451
2011-05-15 14:00:00,2,0,0,1,26.24,30.305,73,12.998,181,249,430
2011-05-15 15:00:00,2,0,0,1,27.06,31.06,69,16.9979,204,255,459
2011-05-15 16:00:00,2,0,0,1,26.24,30.305,69,16.9979,158,280,438
2011-05-15 17:00:00,2,0,0,3,22.96,26.515,78,23.9994,137,257,394
2011-05-15 18:00:00,2,0,0,1,22.96,26.515,78,16.9979,58,176,234
2011-05-15 19:00:00,2,0,0,1,22.96,26.515,83,7.0015,78,152,230
2011-05-15 20:00:00,2,0,0,1,22.14,25.76,88,0.0,52,141,193
2011-05-15 21:00:00,2,0,0,1,22.14,25.76,88,0.0,45,102,147
2011-05-15 22:00:00,2,0,0,1,22.96,26.515,83,0.0,28,88,116
2011-05-15 23:00:00,2,0,0,1,22.14,25.76,88,15.0013,18,53,71
2011-05-16 00:00:00,2,0,1,1,21.32,25.0,94,7.0015,15,20,35
2011-05-16 01:00:00,2,0,1,1,21.32,25.0,94,8.9981,6,11,17
2011-05-16 02:00:00,2,0,1,1,20.5,24.24,100,6.0032,3,8,11
2011-05-16 03:00:00,2,0,1,1,20.5,24.24,94,11.0014,0,5,5
2011-05-16 04:00:00,2,0,1,1,20.5,24.24,100,8.9981,2,6,8
2011-05-16 05:00:00,2,0,1,1,20.5,24.24,93,12.998,0,23,23
2011-05-16 06:00:00,2,0,1,1,21.32,25.0,88,11.0014,12,92,104
2011-05-16 07:00:00,2,0,1,1,21.32,25.0,83,19.0012,27,245,272
2011-05-16 08:00:00,2,0,1,1,22.96,26.515,73,19.9995,27,364,391
2011-05-16 09:00:00,2,0,1,1,24.6,29.545,69,12.998,36,154,190
2011-05-16 10:00:00,2,0,1,1,25.42,30.305,65,6.0032,35,71,106
2011-05-16 11:00:00,2,0,1,1,26.24,31.06,57,0.0,56,127,183
2011-05-16 12:00:00,2,0,1,1,27.06,31.06,54,6.0032,71,138,209
2011-05-16 13:00:00,2,0,1,1,27.88,31.82,51,0.0,60,152,212
2011-05-16 14:00:00,2,0,1,1,27.88,31.82,51,0.0,77,116,193
2011-05-16 15:00:00,2,0,1,1,29.52,33.335,51,0.0,55,106,161
2011-05-16 16:00:00,2,0,1,3,24.6,28.79,78,16.9979,44,176,220
2011-05-16 17:00:00,2,0,1,1,23.78,27.275,88,15.0013,47,221,268
2011-05-16 18:00:00,2,0,1,3,23.78,27.275,83,12.998,53,400,453
2011-05-16 19:00:00,2,0,1,1,23.78,27.275,83,16.9979,35,276,311
2011-05-16 20:00:00,2,0,1,1,23.78,27.275,83,0.0,32,171,203
2011-05-16 21:00:00,2,0,1,1,23.78,27.275,83,0.0,26,149,175
2011-05-16 22:00:00,2,0,1,1,22.96,26.515,88,6.0032,22,106,128
2011-05-16 23:00:00,2,0,1,1,22.96,26.515,88,6.0032,18,31,49
2011-05-17 00:00:00,2,0,1,2,22.96,26.515,88,0.0,12,19,31
2011-05-17 01:00:00,2,0,1,3,22.96,26.515,88,0.0,7,6,13
2011-05-17 02:00:00,2,0,1,3,22.96,26.515,88,0.0,3,3,6
2011-05-17 03:00:00,2,0,1,3,22.14,25.76,94,16.9979,2,4,6
2011-05-17 04:00:00,2,0,1,3,22.14,25.76,94,16.9979,0,2,2
2011-05-17 05:00:00,2,0,1,3,21.32,25.0,94,16.9979,1,21,22
2011-05-17 06:00:00,2,0,1,3,21.32,25.0,94,16.9979,1,54,55
2011-05-17 07:00:00,2,0,1,2,21.32,25.0,94,16.9979,11,140,151
2011-05-17 08:00:00,2,0,1,2,21.32,25.0,94,19.9995,20,331,351
2011-05-17 09:00:00,2,0,1,2,22.14,25.76,88,16.9979,16,191,207
2011-05-17 10:00:00,2,0,1,3,22.14,25.76,88,16.9979,30,70,100
2011-05-17 11:00:00,2,0,1,2,22.96,26.515,83,27.9993,25,100,125
2011-05-17 12:00:00,2,0,1,3,22.96,26.515,83,27.9993,38,119,157
2011-05-17 13:00:00,2,0,1,2,22.96,26.515,88,22.0028,31,137,168
2011-05-17 14:00:00,2,0,1,1,25.42,29.545,73,31.0009,59,124,183
2011-05-17 15:00:00,2,0,1,1,25.42,30.305,69,30.0026,76,129,205
2011-05-17 16:00:00,2,0,1,1,25.42,30.305,61,22.0028,70,217,287
2011-05-17 17:00:00,2,0,1,1,25.42,30.305,65,27.9993,81,521,602
2011-05-17 18:00:00,2,0,1,1,24.6,29.545,69,19.9995,51,425,476
2011-05-17 19:00:00,2,0,1,1,24.6,29.545,69,16.9979,51,297,348
2011-05-17 20:00:00,2,0,1,1,23.78,27.275,83,27.9993,29,250,279
2011-05-17 21:00:00,2,0,1,1,22.14,25.76,88,16.9979,23,152,175
2011-05-17 22:00:00,2,0,1,2,22.14,25.76,88,19.0012,10,84,94
2011-05-17 23:00:00,2,0,1,2,22.14,25.76,88,16.9979,8,52,60
2011-05-18 00:00:00,2,0,1,2,22.14,25.76,88,15.0013,8,8,16
2011-05-18 01:00:00,2,0,1,2,22.14,25.76,88,16.9979,3,12,15
2011-05-18 02:00:00,2,0,1,3,21.32,25.0,94,15.0013,0,7,7
2011-05-18 03:00:00,2,0,1,3,21.32,25.0,94,19.9995,7,0,7
2011-05-18 04:00:00,2,0,1,3,21.32,25.0,94,19.9995,1,3,4
2011-05-18 05:00:00,2,0,1,1,21.32,25.0,100,15.0013,0,8,8
2011-05-18 06:00:00,2,0,1,1,21.32,25.0,100,8.9981,3,97,100
2011-05-18 07:00:00,2,0,1,1,22.14,25.76,88,12.998,13,260,273
2011-05-18 08:00:00,2,0,1,1,22.96,26.515,88,19.0012,24,431,455
2011-05-18 09:00:00,2,0,1,3,22.96,26.515,83,16.9979,25,176,201
2011-05-18 10:00:00,2,0,1,3,22.14,25.76,88,19.0012,32,65,97
2011-05-18 11:00:00,2,0,1,2,22.14,25.76,94,6.0032,7,17,24
2011-05-18 12:00:00,2,0,1,1,22.96,26.515,94,19.9995,11,40,51
2011-05-18 13:00:00,2,0,1,2,22.96,26.515,83,22.0028,28,92,120
2011-05-18 14:00:00,2,0,1,2,23.78,27.275,78,19.0012,44,97,141
2011-05-18 15:00:00,2,0,1,1,24.6,28.79,78,16.9979,34,136,170
2011-05-18 16:00:00,2,0,1,1,24.6,29.545,73,12.998,52,237,289
2011-05-18 17:00:00,2,0,1,1,24.6,29.545,69,8.9981,78,486,564
2011-05-18 18:00:00,2,0,1,1,24.6,29.545,73,15.0013,56,431,487
2011-05-18 19:00:00,2,0,1,3,22.96,26.515,88,8.9981,43,286,329
2011-05-18 20:00:00,2,0,1,3,22.96,26.515,88,8.9981,23,189,212
2011-05-18 21:00:00,2,0,1,1,21.32,25.0,88,0.0,9,71,80
2011-05-18 22:00:00,2,0,1,1,21.32,25.0,83,0.0,14,103,117
2011-05-18 23:00:00,2,0,1,1,21.32,25.0,94,6.0032,8,44,52
2011-05-19 00:00:00,2,0,1,1,21.32,25.0,94,7.0015,6,20,26
2011-05-19 01:00:00,2,0,1,1,20.5,24.24,94,0.0,2,4,6
2011-05-19 02:00:00,2,0,1,1,20.5,24.24,94,0.0,2,10,12
2011-05-19 03:00:00,2,0,1,1,19.68,23.485,100,0.0,0,2,2
2011-05-19 04:00:00,2,0,1,1,19.68,23.485,94,0.0,1,2,3
2011-05-19 05:00:00,2,0,1,1,19.68,23.485,94,0.0,1,29,30
2011-05-19 06:00:00,2,0,1,2,20.5,24.24,94,0.0,18,86,104
2011-05-19 07:00:00,2,0,1,2,20.5,24.24,100,0.0,18,244,262
2011-05-19 08:00:00,2,0,1,2,21.32,25.0,88,0.0,34,454,488
2011-05-19 09:00:00,2,0,1,2,22.14,25.76,88,6.0032,40,175,215
2011-05-19 10:00:00,2,0,1,2,22.14,25.76,83,0.0,34,94,128
2011-05-19 11:00:00,2,0,1,3,22.14,25.76,88,11.0014,53,109,162
2011-05-19 12:00:00,2,0,1,2,23.78,27.275,78,7.0015,37,125,162
2011-05-19 13:00:00,2,0,1,3,23.78,27.275,64,16.9979,44,140,184
2011-05-19 14:00:00,2,0,1,3,22.14,25.76,73,12.998,43,133,176
2011-05-19 15:00:00,2,0,1,1,22.96,26.515,78,11.0014,64,123,187
2011-05-19 16:00:00,2,0,1,1,23.78,27.275,64,12.998,54,244,298
2011-05-19 17:00:00,2,0,1,1,22.96,26.515,78,11.0014,59,486,545
2011-05-19 18:00:00,2,0,1,1,24.6,31.06,55,11.0014,57,456,513
2011-05-19 19:00:00,2,0,1,1,23.78,27.275,60,8.9981,64,344,408
2011-05-19 20:00:00,2,0,1,1,22.14,25.76,77,19.0012,44,234,278
2011-05-19 21:00:00,2,0,1,1,22.14,25.76,77,19.0012,28,179,207
2011-05-19 22:00:00,2,0,1,3,20.5,24.24,82,19.9995,10,65,75
2011-05-19 23:00:00,2,0,1,1,19.68,23.485,94,0.0,9,63,72
2011-06-01 00:00:00,2,0,1,1,28.7,33.335,79,11.0014,10,25,35
2011-06-01 01:00:00,2,0,1,1,28.7,33.335,84,16.9979,9,2,11
2011-06-01 02:00:00,2,0,1,1,28.7,33.335,79,11.0014,0,-1,-1
2011-06-01 03:00:00,2,0,1,1,27.88,31.82,89,12.998,0,8,8
2011-06-01 04:00:00,2,0,1,2,27.88,31.82,89,15.0013,2,4,6
2011-06-01 05:00:00,2,0,1,2,27.06,29.545,89,6.0032,2,17,19
2011-06-01 06:00:00,2,0,1,2,27.88,31.82,89,6.0032,7,121,128
2011-06-01 07:00:00,2,0,1,2,28.7,33.335,79,11.0014,17,260,277
2011-06-01 08:00:00,2,0,1,2,29.52,34.85,79,12.998,37,413,450
2011-06-01 09:00:00,2,0,1,2,30.34,35.605,74,15.0013,33,171,204
2011-06-01 10:00:00,2,0,1,2,31.16,37.12,75,16.9979,32,79,111
2011-06-01 11:00:00,2,0,1,2,33.62,40.15,59,15.0013,26,83,109
2011-06-01 12:00:00,2,0,1,1,35.26,41.665,53,0.0,33,139,172
2011-06-01 13:00:00,2,0,1,1,36.9,40.91,37,12.998,28,122,150
2011-06-01 14:00:00,2,0,1,1,36.9,40.91,37,16.9979,39,100,139
2011-06-01 15:00:00,2,0,1,1,36.9,41.665,39,19.9995,25,126,151
2011-06-01 16:00:00,2,0,1,1,35.26,40.15,47,19.9995,38,230,268
2011-06-01 17:00:00,2,0,1,1,35.26,40.15,47,19.9995,53,431,484
2011-06-01 18:00:00,2,0,1,3,33.62,39.395,56,26.0027,32,278,310
2011-06-01 19:00:00,2,0,1,2,30.34,35.605,79,11.0014,18,249,267
2011-06-01 20:00:00,2,0,1,2,30.34,35.605,79,16.9979,23,231,254
2011-06-01 21:00:00,2,0,1,1,30.34,34.85,70,19.0012,30,158,188
2011-06-01 22:00:00,2,0,1,1,30.34,34.85,66,8.9981,11,115,126
2011-06-01 23:00:00,2,0,1,1,30.34,33.335,51,11.0014,8,57,65
2011-06-02 00:00:00,2,0,1,1,30.34,32.575,40,23.9994,13,32,45
2011-06-02 01:00:00,2,0,1,1,29.52,32.575,38,7.0015,3,13,16
2011-06-02 02:00:00,2,0,1,1,28.7,31.82,39,0.0,-1,2,1
2011-06-02 03:00:00,2,0,1,1,27.06,31.06,44,7.0015,1,0,1
2011-06-02 04:00:00,2,0,1,1,27.06,31.06,41,12.998,-1,-2,-3
2011-06-02 05:00:00,2,0,1,1,27.06,31.06,39,15.0013,3,29,32
2011-06-02 06:00:00,2,0,1,1,27.06,31.06,39,8.9981,7,106,113
2011-06-02 07:00:00,2,0,1,1,28.7,31.82,34,16.9979,20,286,306
2011-06-02 08:00:00,2,0,1,1,28.7,31.82,32,19.9995,23,439,462
2011-06-02 09:00:00,2,0,1,1,29.52,31.82,26,23.9994,29,197,226
2011-06-02 10:00:00,2,0,1,1,29.52,32.575,28,32.9975,31,106,137
2011-06-02 11:00:00,2,0,1,1,30.34,32.575,28,26.0027,42,120,162
2011-06-02 12:00:00,2,0,1,1,31.16,33.335,25,31.0009,39,191,230
2011-06-02 13:00:00,2,0,1,1,32.8,34.09,24,23.9994,34,168,202
2011-06-02 14:00:00,2,0,1,1,31.98,33.335,24,22.0028,43,139,182
2011-06-02 15:00:00,2,0,1,1,32.8,34.09,21,26.0027,44,136,180
2011-06-02 16:00:00,2,0,1,1,32.8,34.09,22,32.9975,63,250,313
2011-06-02 17:00:00,2,0,1,1,31.16,32.575,20,35.0008,89,486,575
2011-06-02 18:00:00,2,0,1,1,30.34,32.575,22,26.0027,73,449,522
2011-06-02 19:00:00,2,0,1,1,29.52,31.82,23,19.9995,57,323,380
2011-06-02 20:00:00,2,0,1,1,28.7,31.82,24,12.998,51,287,338
2011-06-02 21:00:00,2,0,1,1,27.06,31.06,31,12.998,32,222,254
2011-06-02 22:00:00,2,0,1,1,26.24,31.06,33,16.9979,14,144,158
2011-06-02 23:00:00,2,0,1,1,25.42,31.06,35,15.0013,21,93,114
2011-06-03 00:00:00,2,0,1,1,25.42,31.06,38,19.0012,14,50,64
2011-06-03 01:00:00,2,0,1,1,24.6,31.06,38,23.9994,6,18,24
2011-06-03 02:00:00,2,0,1,1,22.96,26.515,43,15.0013,-1,15,14
2011-06-03 03:00:00,2,0,1,1,22.14,25.76,49,15.0013,0,7,7
2011-06-03 04:00:00,2,0,1,1,21.32,25.0,48,22.0028,2,-2,0
2011-06-03 05:00:00,2,0,1,1,21.32,25.0,48,23.9994,2,23,25
2011-06-03 06:00:00,2,0,1,1,22.14,25.76,45,19.9995,6,102,108
2011-06-03 07:00:00,2,0,1,1,22.14,25.76,45,16.9979,22,246,268
2011-06-03 08:00:00,2,0,1,2,22.96,26.515,43,22.0028,27,475,502
2011-06-03 09:00:00,2,0,1,1,23.78,27.275,40,11.0014,37,189,226
2011-06-03 10:00:00,2,0,1,1,25.42,31.06,33,16.9979,54,107,161
2011-06-03 11:00:00,2,0,1,1,26.24,31.06,31,22.0028,56,131,187
2011-06-03 12:00:00,2,0,1,1,27.06,31.06,27,19.0012,51,206,257
2011-06-03 13:00:00,2,0,1,1,27.88,31.06,26,16.9979,59,190,249
2011-06-03 14:00:00,2,0,1,1,28.7,31.82,28,19.0012,65,173,238
2011-06-03 15:00:00,2,0,1,1,28.7,31.82,28,19.0012,56,156,212
2011-06-03 16:00:00,2,0,1,1,29.52,31.82,26,22.0028,61,280,341
2011-06-03 17:00:00,2,0,1,1,29.52,31.82,25,19.0012,75,486,561
2011-06-03 18:00:00,2,0,1,1,28.7,31.82,24,19.9995,76,488,564
2011-06-03 19:00:00,2,0,1,1,27.88,31.06,26,19.0012,54,341,395
2011-06-03 20:00:00,2,0,1,1,26.24,31.06,29,11.0014,56,240,296
2011-06-03 21:00:00,2,0,1,1,26.24,31.06,29,7.0015,49,194,243
2011-06-03 22:00:00,2,0,1,1,25.42,31.06,35,0.0,25,145,170
2011-06-03 23:00:00,2,0,1,1,23.78,27.275,46,7.0015,32,141,173
2011-06-04 00:00:00,2,0,0,1,22.96,26.515,52,0.0,24,67,91
2011-06-04 01:00:00,2,0,0,1,22.14,25.76,64,7.0015,14,78,92
2011-06-04 02:00:00,2,0,0,1,22.14,25.76,56,12.998,20,41,61
2011-06-04 03:00:00,2,0,0,1,21.32,25.0,59,7.0015,9,3,12
2011-06-04 04:00:00,2,0,0,1,21.32,25.0,59,6.0032,3,19,22
2011-06-04 05:00:00,2,0,0,1,20.5,24.24,64,0.0,2,2,4
2011-06-04 06:00:00,2,0,0,1,22.14,25.76,60,0.0,11,14,25
2011-06-04 07:00:00,2,0,0,1,22.96,26.515,56,0.0,26,58,84
2011-06-04 08:00:00,2,0,0,1,24.6,31.06,46,6.0032,29,102,131
2011-06-04 09:00:00,2,0,0,1,25.42,31.06,43,8.9981,55,168,223
2011-06-04 10:00:00,2,0,0,1,26.24,31.06,38,7.0015,114,204,318
2011-06-04 11:00:00,2,0,0,1,27.06,31.06,36,8.9981,119,250,369
2011-06-04 12:00:00,2,0,0,1,28.7,31.82,32,11.0014,149,270,419
2011-06-04 13:00:00,2,0,0,1,30.34,32.575,28,8.9981,190,273,463
2011-06-04 14:00:00,2,0,0,1,30.34,32.575,33,15.0013,193,259,452
2011-06-04 15:00:00,2,0,0,2,30.34,32.575,27,27.9993,179,228,407
2011-06-04 16:00:00,2,0,0,2,29.52,32.575,30,8.9981,168,272,440
2011-06-04 17:00:00,2,0,0,2,29.52,32.575,34,16.9979,143,199,342
2011-06-04 18:00:00,2,0,0,2,30.34,32.575,30,11.0014,126,213,339
2011-06-04 19:00:00,2,0,0,2,28.7,31.82,39,6.0032,79,204,283
2011-06-04 20:00:00,2,0,0,2,28.7,32.575,48,6.0032,91,151,242
2011-06-04 21:00:00,2,0,0,2,27.06,31.06,47,7.0015,46,135,181
2011-06-04 22:00:00,2,0,0,1,26.24,31.06,57,15.0013,48,139,187
2011-06-04 23:00:00,2,0,0,2,26.24,31.06,57,0.0,28,123,151
2011-06-05 00:00:00,2,0,0,1,26.24,31.06,57,6.0032,24,91,115
2011-06-05 01:00:00,2,0,0,2,26.24,31.06,61,11.0014,24,72,96
2011-06-05 02:00:00,2,0,0,2,26.24,31.06,61,11.0014,15,50,65
2011-06-05 03:00:00,2,0,0,2,25.42,30.305,65,11.0014,21,24,45
2011-06-05 04:00:00,2,0,0,2,25.42,30.305,65,11.0014,3,6,9
2011-06-05 05:00:00,2,0,0,2,25.42,30.305,61,8.9981,1,7,8
2011-06-05 06:00:00,2,0,0,2,25.42,30.305,61,7.0015,10,8,18
2011-06-05 07:00:00,2,0,0,2,24.6,29.545,73,16.9979,7,17,24
2011-06-05 08:00:00,2,0,0,2,24.6,29.545,73,16.9979,23,73,96
2011-06-05 09:00:00,2,0,0,2,24.6,28.79,78,12.998,52,111,163
2011-06-05 10:00:00,2,0,0,2,25.42,29.545,73,6.0032,82,164,246
2011-06-05 11:00:00,2,0,0,2,26.24,30.305,69,7.0015,119,213,332
2011-06-05 12:00:00,2,0,0,2,26.24,30.305,69,7.0015,121,208,329
2011-06-05 13:00:00,2,0,0,1,27.06,31.06,65,7.0015,154,212,366
2011-06-05 14:00:00,2,0,0,1,28.7,32.575,58,11.0014,161,219,380
2011-06-05 15:00:00,2,0,0,1,28.7,32.575,54,0.0,160,259,419
2011-06-05 16:00:00,2,0,0,1,29.52,33.335,51,6.0032,136,261,397
2011-06-05 17:00:00,2,0,0,1,30.34,33.335,51,0.0,127,262,389
2011-06-05 18:00:00,2,0,0,1,28.7,32.575,58,7.0015,124,238,362
2011-06-05 19:00:00,2,0,0,1,27.88,31.82,65,11.0014,108,250,358
2011-06-05 20:00:00,2,0,0,1,27.06,31.06,69,12.998,84,195,279
2011-06-05 21:00:00,2,0,0,1,26.24,30.305,73,11.0014,53,110,163
2011-06-05 22:00:00,2,0,0,1,26.24,29.545,78,15.0013,36,96,132
2011-06-05 23:00:00,2,0,0,1,25.42,29.545,78,8.9981,25,61,86
2011-06-06 00:00:00,2,0,1,1,25.42,29.545,78,8.9981,10,17,27
2011-06-06 01:00:00,2,0,1,1,24.6,28.03,83,8.9981,8,3,11
2011-06-06 02:00:00,2,0,1,1,23.78,27.275,88,7.0015,4,-2,2
2011-06-06 03:00:00,2,0,1,1,23.78,27.275,88,0.0,1,-3,-2
2011-06-06 04:00:00,2,0,1,1,22.96,26.515,94,7.0015,3,0,3
2011-06-06 05:00:00,2,0,1,1,22.96,26.515,88,6.0032,7,24,31
2011-06-06 06:00:00,2,0,1,1,23.78,27.275,88,0.0,10,100,110
2011-06-06 07:00:00,2,0,1,1,25.42,29.545,78,7.0015,18,280,298
2011-06-06 08:00:00,2,0,1,1,26.24,30.305,73,6.0032,28,417,445
2011-06-06 09:00:00,2,0,1,1,28.7,32.575,58,11.0014,25,163,188
2011-06-06 10:00:00,2,0,1,1,29.52,33.335,51,15.0013,29,61,90
2011-06-06 11:00:00,2,0,1,1,30.34,33.335,42,8.9981,37,66,103
2011-06-06 12:00:00,2,0,1,1,31.16,33.335,37,11.0014,23,131,154
2011-06-06 13:00:00,2,0,1,1,31.98,34.09,35,0.0,27,148,175
2011-06-06 14:00:00,2,0,1,1,31.98,34.09,31,8.9981,45,99,144
2011-06-06 15:00:00,2,0,1,1,32.8,34.85,29,12.998,38,126,164
2011-06-06 16:00:00,2,0,1,1,31.16,33.335,33,8.9981,33,233,266
2011-06-06 17:00:00,2,0,1,1,31.98,34.09,33,19.0012,62,516,578
2011-06-06 18:00:00,2,0,1,1,31.16,33.335,31,8.9981,56,499,555
2011-06-06 19:00:00,2,0,1,1,29.52,33.335,54,12.998,63,346,409
2011-06-06 20:00:00,2,0,1,1,27.88,31.82,61,8.9981,58,279,337
2011-06-06 21:00:00,2,0,1,1,27.06,31.06,57,6.0032,27,162,189
2011-06-06 22:00:00,2,0,1,1,27.06,31.06,61,6.0032,34,138,172
2011-06-06 23:00:00,2,0,1,1,26.24,30.305,69,6.0032,5,55,60
2011-06-07 00:00:00,2,0,1,1,26.24,30.305,65,6.0032,4,11,15
2011-06-07 01:00:00,2,0,1,1,25.42,30.305,69,8.9981,2,2,4
2011-06-07 02:00:00,2,0,1,1,24.6,29.545,73,6.0032,2,-3,-1
2011-06-07 03:00:00,2,0,1,1,24.6,29.545,73,6.0032,0,0,0
2011-06-07 04:00:00,2,0,1,1,23.78,27.275,83,8.9981,1,6,7
2011-06-07 05:00:00,2,0,1,1,23.78,27.275,88,11.0014,2,26,28
2011-06-07 06:00:00,2,0,1,1,24.6,28.79,78,8.9981,9,121,130
2011-06-07 07:00:00,2,0,1,2,26.24,30.305,69,12.998,22,311,333
2011-06-07 08:00:00,2,0,1,2,27.88,31.82,61,8.9981,44,437,481
2011-06-07 09:00:00,2,0,1,2,29.52,33.335,58,15.0013,27,187,214
2011-06-07 10:00:00,2,0,1,2,31.16,34.09,48,12.998,37,84,121
2011-06-07 11:00:00,2,0,1,2,31.16,34.85,52,16.9979,38,113,151
2011-06-07 12:00:00,2,0,1,2,32.8,36.365,46,19.0012,42,134,176
2011-06-07 13:00:00,2,0,1,2,32.8,36.365,43,16.9979,56,141,197
2011-06-07 14:00:00,2,0,1,2,32.8,36.365,43,19.0012,34,109,143
2011-06-07 15:00:00,2,0,1,2,33.62,37.12,41,22.0028,57,128,185
2011-06-07 16:00:00,2,0,1,1,32.8,35.605,38,15.0013,53,251,304
2011-06-07 17:00:00,2,0,1,1,32.8,36.365,43,16.9979,65,475,540
2011-06-07 18:00:00,2,0,1,1,31.98,34.85,46,19.0012,70,487,557
2011-06-07 19:00:00,2,0,1,1,31.16,34.09,48,16.9979,69,350,419
2011-06-07 20:00:00,2,0,1,1,30.34,34.09,56,8.9981,45,302,347
2011-06-07 21:00:00,2,0,1,1,29.52,34.09,70,8.9981,30,191,221
2011-06-07 22:00:00,2,0,1,1,28.7,32.575,65,8.9981,25,130,155
2011-06-07 23:00:00,2,0,1,1,27.88,31.82,79,7.0015,18,70,88
2011-06-08 00:00:00,2,0,1,1,27.06,29.545,89,8.9981,12,28,40
2011-06-08 01:00:00,2,0,1,1,27.06,30.305,78,0.0,2,20,22
2011-06-08 02:00:00,2,0,1,1,26.24,28.79,89,6.0032,0,11,11
2011-06-08 03:00:00,2,0,1,1,26.24,28.79,89,6.0032,1,-1,0
2011-06-08 04:00:00,2,0,1,1,25.42,28.79,83,0.0,0,3,3
2011-06-08 05:00:00,2,0,1,1,25.42,28.03,88,0.0,2,21,23
2011-06-08 06:00:00,2,0,1,1,26.24,28.79,89,8.9981,12,104,116
2011-06-08 07:00:00,2,0,1,1,27.06,31.06,74,7.0015,24,331,355
2011-06-08 08:00:00,2,0,1,1,31.16,35.605,58,11.0014,45,440,485
2011-06-08 09:00:00,2,0,1,1,31.16,35.605,58,11.0014,35,169,204
2011-06-08 10:00:00,2,0,1,1,33.62,37.12,43,15.0013,26,62,88
2011-06-08 11:00:00,2,0,1,1,34.44,37.88,41,12.998,27,107,134
2011-06-08 12:00:00,2,0,1,1,36.08,40.91,42,8.9981,14,134,148
2011-06-08 13:00:00,2,0,1,1,36.9,42.425,42,0.0,20,116,136
2011-06-08 14:00:00,2,0,1,1,37.72,43.94,40,16.9979,43,108,151
2011-06-08 15:00:00,2,0,1,1,37.72,43.94,40,11.0014,26,96,122
2011-06-08 16:00:00,2,0,1,1,37.72,43.94,40,15.0013,32,200,232
2011-06-08 17:00:00,2,0,1,1,37.72,42.425,35,15.0013,79,431,510
2011-06-08 18:00:00,2,0,1,1,36.9,40.91,37,15.0013,62,399,461
2011-06-08 19:00:00,2,0,1,1,33.62,40.15,59,8.9981,60,324,384
2011-06-08 20:00:00,2,0,1,1,32.8,39.395,63,8.9981,52,228,280
2011-06-08 21:00:00,2,0,1,1,32.8,40.15,66,8.9981,33,161,194
2011-06-08 22:00:00,2,0,1,1,31.16,37.12,75,11.0014,37,139,176
2011-06-08 23:00:00,2,0,1,1,31.16,37.12,75,12.998,17,98,115
2011-06-09 00:00:00,2,0,1,2,30.34,35.605,79,8.9981,6,36,42
2011-06-09 01:00:00,2,0,1,1,30.34,35.605,79,7.0015,2,16,18
2011-06-09 02:00:00,2,0,1,2,29.52,35.605,84,11.0014,0,12,12
2011-06-09 03:00:00,2,0,1,2,29.52,35.605,84,7.0015,0,2,2
2011-06-09 04:00:00,2,0,1,2,29.52,34.85,79,6.0032,0,3,3
2011-06-09 05:00:00,2,0,1,2,28.7,33.335,84,0.0,0,21,21
2011-06-09 06:00:00,2,0,1,2,29.52,35.605,84,6.0032,13,103,116
2011-06-09 07:00:00,2,0,1,2,29.52,34.85,79,8.9981,30,277,307
2011-06-09 08:00:00,2,0,1,2,31.16,36.365,70,7.0015,32,395,427
2011-06-09 09:00:00,2,0,1,1,34.44,39.395,49,0.0,20,151,171
2011-06-09 10:00:00,2,0,1,1,35.26,40.91,50,19.0012,22,72,94
2011-06-09 11:00:00,2,0,1,1,36.9,42.425,42,15.0013,36,84,120
2011-06-09 12:00:00,2,0,1,1,37.72,42.425,35,12.998,41,101,142
2011-06-09 13:00:00,2,0,1,1,36.9,40.91,37,6.0032,18,118,136
2011-06-09 14:00:00,2,0,1,1,37.72,43.94,40,12.998,25,93,118
2011-06-09 15:00:00,2,0,1,1,38.54,41.665,31,11.0014,16,88,104
2011-06-09 16:00:00,2,0,1,1,37.72,41.665,33,8.9981,28,168,196
2011-06-09 17:00:00,2,0,1,1,36.9,40.91,37,16.9979,53,355,408
2011-06-09 18:00:00,2,0,1,1,36.08,40.15,39,19.0012,51,417,468
2011-06-09 19:00:00,2,0,1,2,34.44,37.12,39,22.0028,53,273,326
2011-06-09 20:00:00,2,0,1,2,32.8,36.365,43,12.998,40,213,253
2011-06-09 21:00:00,2,0,1,3,31.16,34.85,52,0.0,27,148,175
2011-06-09 22:00:00,2,0,1,2,30.34,34.09,58,11.0014,21,129,150
2011-06-09 23:00:00,2,0,1,2,30.34,34.85,57,11.0014,14,83,97
2011-06-10 00:00:00,2,0,1,3,28.7,32.575,65,15.0013,6,63,69
2011-06-10 01:00:00,2,0,1,3,28.7,32.575,65,15.0013,4,14,18
2011-06-10 02:00:00,2,0,1,1,27.88,31.82,69,11.0014,6,12,18
2011-06-10 03:00:00,2,0,1,1,27.88,31.82,69,11.0014,2,-2,0
2011-06-10 04:00:00,2,0,1,1,27.06,30.305,78,11.0014,0,4,4
2011-06-10 05:00:00,2,0,1,1,27.06,30.305,78,11.0014,0,25,25
2011-06-10 06:00:00,2,0,1,1,27.06,30.305,78,6.0032,10,94,104
2011-06-10 07:00:00,2,0,1,1,29.52,34.09,66,7.0015,25,240,265
2011-06-10 08:00:00,2,0,1,1,30.34,34.09,58,8.9981,29,418,447
2011-06-10 09:00:00,2,0,1,1,31.16,34.85,55,0.0,35,174,209
2011-06-10 10:00:00,2,0,1,1,31.98,35.605,52,0.0,23,87,110
2011-06-10 11:00:00,2,0,1,1,33.62,37.88,46,0.0,46,105,151
2011-06-10 12:00:00,2,0,1,1,34.44,37.88,44,8.9981,38,168,206
2011-06-10 13:00:00,2,0,1,1,34.44,37.88,44,7.0015,38,152,190
2011-06-10 14:00:00,2,0,1,1,35.26,38.635,39,0.0,45,119,164
2011-06-10 15:00:00,2,0,1,1,34.44,37.88,44,7.0015,50,160,210
2011-06-10 16:00:00,2,0,1,1,33.62,39.395,56,19.9995,45,243,288
2011-06-10 17:00:00,2,0,1,1,33.62,38.635,52,15.0013,63,454,517
2011-06-10 18:00:00,2,0,1,1,32.8,38.635,59,15.0013,95,370,465
2011-06-10 19:00:00,2,0,1,1,31.98,37.12,59,12.998,60,242,302
2011-06-10 20:00:00,2,0,1,1,31.16,35.605,62,7.0015,51,195,246
2011-06-10 21:00:00,2,0,1,1,31.16,36.365,66,8.9981,53,162,215
2011-06-10 22:00:00,2,0,1,1,29.52,34.85,74,16.9979,38,146,184
2011-06-10 23:00:00,2,0,1,1,29.52,34.85,74,11.0014,34,113,147
2011-06-11 00:00:00,2,0,0,1,28.7,33.335,79,8.9981,28,88,116
2011-06-11 01:00:00,2,0,0,1,28.7,33.335,79,6.0032,10,66,76
2011-06-11 02:00:00,2,0,0,1,28.7,33.335,79,7.0015,8,50,58
2011-06-11 03:00:00,2,0,0,1,27.88,31.82,83,6.0032,11,15,26
2011-06-11 04:00:00,2,0,0,1,27.88,31.82,79,6.0032,4,6,10
2011-06-11 05:00:00,2,0,0,1,27.88,31.82,74,8.9981,4,15,19
2011-06-11 06:00:00,2,0,0,1,28.7,32.575,61,8.9981,9,29,38
2011-06-11 07:00:00,2,0,0,1,29.52,33.335,58,12.998,19,48,67
2011-06-11 08:00:00,2,0,0,1,30.34,34.09,58,12.998,30,110,140
2011-06-11 09:00:00,2,0,0,1,30.34,34.09,62,8.9981,58,170,228
2011-06-11 10:00:00,2,0,0,1,30.34,34.09,58,11.0014,90,171,261
2011-06-11 11:00:00,2,0,0,1,31.16,35.605,62,8.9981,108,211,319
2011-06-11 12:00:00,2,0,0,1,32.8,37.88,55,15.0013,110,240,350
2011-06-11 13:00:00,2,0,0,1,32.8,37.88,55,12.998,150,236,386
2011-06-11 14:00:00,2,0,0,1,33.62,38.635,49,7.0015,147,230,377
2011-06-11 15:00:00,2,0,0,1,33.62,38.635,49,7.0015,141,226,367
2011-06-11 16:00:00,2,0,0,2,32.8,36.365,46,12.998,168,221,389
2011-06-11 17:00:00,2,0,0,2,30.34,34.09,58,11.0014,147,192,339
2011-06-11 18:00:00,2,0,0,2,29.52,34.09,62,8.9981,131,155,286
2011-06-11 19:00:00,2,0,0,1,28.7,32.575,65,12.998,97,170,267
2011-06-11 20:00:00,2,0,0,1,27.88,31.82,74,16.9979,94,175,269
2011-06-11 21:00:00,2,0,0,1,27.06,31.06,74,15.0013,75,150,225
2011-06-11 22:00:00,2,0,0,1,27.06,30.305,78,15.0013,53,138,191
2011-06-11 23:00:00,2,0,0,1,27.06,31.06,74,7.0015,24,112,136
2011-06-12 00:00:00,2,0,0,1,27.06,30.305,78,15.0013,17,103,120
2011-06-12 01:00:00,2,0,0,1,26.24,28.79,83,7.0015,17,75,92
2011-06-12 02:00:00,2,0,0,1,26.24,28.79,89,16.9979,9,57,66
2011-06-12 03:00:00,2,0,0,1,26.24,28.79,89,19.0012,7,22,29
2011-06-12 04:00:00,2,0,0,1,25.42,28.03,88,11.0014,7,6,13
2011-06-12 05:00:00,2,0,0,1,25.42,28.03,88,15.0013,6,5,11
2011-06-12 06:00:00,2,0,0,1,25.42,28.03,88,7.0015,3,12,15
2011-06-12 07:00:00,2,0,0,1,26.24,29.545,78,7.0015,6,29,35
2011-06-12 08:00:00,2,0,0,1,28.7,33.335,74,0.0,28,60,88
2011-06-12 09:00:00,2,0,0,1,29.52,34.09,66,0.0,74,105,179
2011-06-12 10:00:00,2,0,0,1,31.16,35.605,58,6.0032,119,189,308
2011-06-12 11:00:00,2,0,0,1,31.98,36.365,55,7.0015,130,232,362
2011-06-12 12:00:00,2,0,0,1,33.62,37.88,46,0.0,176,238,414
2011-06-12 13:00:00,2,0,0,1,31.98,37.12,59,19.0012,108,261,369
2011-06-12 14:00:00,2,0,0,1,33.62,39.395,56,16.9979,97,216,313
2011-06-12 15:00:00,2,0,0,1,32.8,38.635,59,19.9995,141,222,363
2011-06-12 16:00:00,2,0,0,3,27.88,31.82,83,19.0012,114,231,345
2011-06-12 17:00:00,2,0,0,3,27.88,31.82,83,19.0012,95,156,251
2011-06-12 18:00:00,2,0,0,1,28.7,33.335,74,11.0014,70,185,255
2011-06-12 19:00:00,2,0,0,1,28.7,33.335,74,7.0015,65,157,222
2011-06-12 20:00:00,2,0,0,1,27.06,30.305,83,11.0014,61,141,202
2011-06-12 21:00:00,2,0,0,1,27.06,30.305,83,7.0015,38,98,136
2011-06-12 22:00:00,2,0,0,1,26.24,28.79,83,8.9981,28,97,125
2011-06-12 23:00:00,2,0,0,1,26.24,29.545,78,12.998,33,75,108
2011-06-13 00:00:00,2,0,1,1,26.24,29.545,78,8.9981,8,21,29
2011-06-13 01:00:00,2,0,1,1,26.24,30.305,73,15.0013,6,9,15
2011-06-13 02:00:00,2,0,1,1,25.42,29.545,73,19.0012,1,6,7
2011-06-13 03:00:00,2,0,1,1,24.6,30.305,60,32.9975,0,9,9
2011-06-13 04:00:00,2,0,1,1,22.96,26.515,64,19.9995,2,2,4
2011-06-13 05:00:00,2,0,1,1,22.14,25.76,64,26.0027,2,15,17
2011-06-13 06:00:00,2,0,1,1,22.14,25.76,64,27.9993,5,96,101
2011-06-13 07:00:00,2,0,1,1,22.96,26.515,56,23.9994,24,300,324
2011-06-13 08:00:00,2,0,1,1,23.78,27.275,49,30.0026,45,431,476
2011-06-13 09:00:00,2,0,1,1,25.42,31.06,46,23.9994,34,184,218
2011-06-13 10:00:00,2,0,1,1,26.24,31.06,41,22.0028,37,84,121
2011-06-13 11:00:00,2,0,1,1,27.06,31.06,41,19.9995,52,100,152
2011-06-13 12:00:00,2,0,1,1,27.06,31.06,41,19.0012,34,155,189
2011-06-13 13:00:00,2,0,1,1,28.7,31.82,37,0.0,52,172,224
2011-06-13 14:00:00,2,0,1,1,28.7,31.82,34,16.9979,54,145,199
2011-06-13 15:00:00,2,0,1,1,28.7,31.82,37,30.0026,58,127,185
2011-06-13 16:00:00,2,0,1,1,28.7,31.82,37,27.9993,63,261,324
2011-06-13 17:00:00,2,0,1,1,28.7,31.82,39,22.0028,70,531,601
2011-06-13 18:00:00,2,0,1,1,28.7,31.82,37,23.9994,73,511,584
2011-06-13 19:00:00,2,0,1,1,27.06,31.06,39,19.0012,75,345,420
2011-06-13 20:00:00,2,0,1,1,26.24,31.06,44,16.9979,78,251,329
2011-06-13 21:00:00,2,0,1,1,26.24,31.06,41,16.9979,39,180,219
2011-06-13 22:00:00,2,0,1,1,25.42,31.06,46,15.0013,19,109,128
2011-06-13 23:00:00,2,0,1,1,25.42,31.06,46,12.998,14,72,86
2011-06-14 00:00:00,2,0,1,1,24.6,31.06,49,12.998,12,23,35
2011-06-14 01:00:00,2,0,1,1,24.6,31.06,49,16.9979,2,7,9
2011-06-14 02:00:00,2,0,1,1,24.6,31.06,49,19.0012,3,9,12
2011-06-14 03:00:00,2,0,1,1,23.78,27.275,53,22.0028,0,-2,-2
2011-06-14 04:00:00,2,0,1,1,22.14,25.76,60,16.9979,0,4,4
2011-06-14 05:00:00,2,0,1,1,22.14,25.76,56,22.0028,2,25,27
2011-06-14 06:00:00,2,0,1,1,22.14,25.76,56,19.9995,5,107,112
2011-06-14 07:00:00,2,0,1,1,22.96,26.515,52,27.9993,18,350,368
2011-06-14 08:00:00,2,0,1,1,23.78,27.275,49,26.0027,44,439,483
2011-06-14 09:00:00,2,0,1,1,25.42,31.06,46,12.998,18,178,196
2011-06-14 10:00:00,2,0,1,1,25.42,31.06,46,15.0013,32,94,126
2011-06-14 11:00:00,2,0,1,1,26.24,31.06,41,19.0012,39,107,146
2011-06-14 12:00:00,2,0,1,1,26.24,31.06,41,23.9994,30,136,166
2011-06-14 13:00:00,2,0,1,1,26.24,31.06,44,15.0013,33,178,211
2011-06-14 14:00:00,2,0,1,2,26.24,31.06,47,12.998,40,123,163
2011-06-14 15:00:00,2,0,1,1,26.24,31.06,47,11.0014,42,137,179
2011-06-14 16:00:00,2,0,1,1,27.88,31.82,41,12.998,49,281,330
2011-06-14 17:00:00,2,0,1,3,26.24,31.06,50,19.0012,86,478,564
2011-06-14 18:00:00,2,0,1,1,25.42,31.06,51,22.0028,67,470,537
2011-06-14 19:00:00,2,0,1,1,26.24,31.06,50,23.9994,52,333,385
2011-06-14 20:00:00,2,0,1,1,24.6,31.06,56,11.0014,61,238,299
2011-06-14 21:00:00,2,0,1,1,24.6,31.06,56,19.9995,36,206,242
2011-06-14 22:00:00,2,0,1,1,23.78,27.275,60,15.0013,27,167,194
2011-06-14 23:00:00,2,0,1,1,22.96,26.515,68,15.0013,19,86,105
2011-06-15 00:00:00,2,0,1,1,22.96,26.515,64,23.9994,6,44,50
2011-06-15 01:00:00,2,0,1,1,22.14,25.76,64,19.0012,-2,9,7
2011-06-15 02:00:00,2,0,1,1,21.32,25.0,63,15.0013,0,10,10
2011-06-15 03:00:00,2,0,1,1,20.5,24.24,68,16.9979,0,-1,-1
2011-06-15 04:00:00,2,0,1,1,20.5,24.24,63,19.0012,1,8,9
2011-06-15 05:00:00,2,0,1,1,19.68,23.485,67,19.0012,0,24,24
2011-06-15 06:00:00,2,0,1,1,20.5,24.24,63,16.9979,8,105,113
2011-06-15 07:00:00,2,0,1,1,22.14,25.76,60,8.9981,21,344,365
2011-06-15 08:00:00,2,0,1,1,23.78,27.275,53,8.9981,51,441,492
2011-06-15 09:00:00,2,0,1,1,24.6,31.06,49,0.0,23,187,210
2011-06-15 10:00:00,2,0,1,1,26.24,31.06,47,11.0014,28,106,134
2011-06-15 11:00:00,2,0,1,1,27.88,31.82,36,0.0,48,122,170
2011-06-15 12:00:00,2,0,1,1,28.7,31.82,34,15.0013,32,172,204
2011-06-15 13:00:00,2,0,1,1,30.34,32.575,28,19.0012,42,142,184
2011-06-15 14:00:00,2,0,1,1,30.34,32.575,28,0.0,50,133,183
2011-06-15 15:00:00,2,0,1,1,31.16,33.335,27,0.0,33,136,169
2011-06-15 16:00:00,2,0,1,1,31.16,33.335,27,8.9981,46,264,310
2011-06-15 17:00:00,2,0,1,1,30.34,32.575,28,7.0015,82,558,640
2011-06-15 18:00:00,2,0,1,1,29.52,32.575,32,8.9981,80,527,607
2011-06-15 19:00:00,2,0,1,1,28.7,31.82,37,19.0012,53,365,418
2011-06-15 20:00:00,2,0,1,1,27.06,31.06,44,11.0014,56,275,331
2011-06-15 21:00:00,2,0,1,1,26.24,31.06,47,15.0013,48,205,253
2011-06-15 22:00:00,2,0,1,1,25.42,31.06,50,7.0015,31,147,178
2011-06-15 23:00:00,2,0,1,1,25.42,31.06,53,0.0,17,87,104
2011-06-16 00:00:00,2,0,1,1,24.6,31.06,56,7.0015,7,39,46
2011-06-16 01:00:00,2,0,1,1,23.78,27.275,60,0.0,3,12,15
2011-06-16 02:00:00,2,0,1,1,24.6,31.06,56,6.0032,-1,8,7
2011-06-16 03:00:00,2,0,1,2,22.96,26.515,73,6.0032,0,4,4
2011-06-16 04:00:00,2,0,1,2,22.96,26.515,68,7.0015,0,9,9
2011-06-16 05:00:00,2,0,1,1,24.6,30.305,64,12.998,6,16,22
2011-06-16 06:00:00,2,0,1,3,23.78,27.275,73,11.0014,7,100,107
2011-06-16 07:00:00,2,0,1,3,22.96,26.515,78,11.0014,15,175,190
2011-06-16 08:00:00,2,0,1,2,24.6,29.545,69,8.9981,22,365,387
2011-06-16 09:00:00,2,0,1,2,25.42,30.305,65,12.998,30,233,263
2011-06-16 10:00:00,2,0,1,2,27.06,31.06,61,16.9979,17,99,116
2011-06-16 11:00:00,2,0,1,2,27.88,31.82,61,19.9995,30,121,151
2011-06-16 12:00:00,2,0,1,1,29.52,33.335,54,26.0027,39,165,204
2011-06-16 13:00:00,2,0,1,2,29.52,33.335,54,16.9979,37,117,154
2011-06-16 14:00:00,2,0,1,2,29.52,33.335,54,22.0028,37,114,151
2011-06-16 15:00:00,2,0,1,2,28.7,32.575,61,19.9995,33,130,163
2011-06-16 16:00:00,2,0,1,3,27.06,31.06,69,12.998,34,259,293
2011-06-16 17:00:00,2,0,1,2,26.24,29.545,78,7.0015,41,227,268
2011-06-16 18:00:00,2,0,1,1,26.24,28.79,83,15.0013,26,302,328
2011-06-16 19:00:00,2,0,1,1,25.42,28.79,83,19.0012,57,260,317
2011-06-16 20:00:00,2,0,1,1,25.42,28.79,83,22.0028,24,178,202
2011-06-16 21:00:00,2,0,1,3,25.42,28.79,83,16.9979,35,152,187
2011-06-16 22:00:00,2,0,1,3,25.42,28.79,83,16.9979,24,128,152
2011-06-16 23:00:00,2,0,1,3,24.6,28.03,83,16.9979,0,3,3
2011-06-17 00:00:00,2,0,1,1,22.96,26.515,88,6.0032,3,24,27
2011-06-17 01:00:00,2,0,1,1,22.96,26.515,94,8.9981,4,17,21
2011-06-17 02:00:00,2,0,1,1,22.96,26.515,94,7.0015,1,9,10
2011-06-17 03:00:00,2,0,1,1,22.96,26.515,94,7.0015,1,4,5
2011-06-17 04:00:00,2,0,1,1,22.14,25.76,94,8.9981,0,5,5
2011-06-17 05:00:00,2,0,1,1,22.14,25.76,100,0.0,1,11,12
2011-06-17 06:00:00,2,0,1,1,22.96,26.515,94,0.0,8,95,103
2011-06-17 07:00:00,2,0,1,1,24.6,28.03,83,0.0,25,226,251
2011-06-17 08:00:00,2,0,1,2,24.6,28.03,83,0.0,28,426,454
2011-06-17 09:00:00,2,0,1,1,28.7,32.575,58,12.998,27,199,226
2011-06-17 10:00:00,2,0,1,1,28.7,32.575,58,12.998,44,125,169
2011-06-17 11:00:00,2,0,1,1,27.88,31.82,69,16.9979,44,133,177
2011-06-17 12:00:00,2,0,1,1,28.7,32.575,65,16.9979,48,193,241
2011-06-17 13:00:00,2,0,1,1,30.34,34.09,62,19.0012,48,153,201
2011-06-17 14:00:00,2,0,1,1,31.16,34.85,52,12.998,73,142,215
2011-06-17 15:00:00,2,0,1,1,31.98,34.85,43,15.0013,61,177,238
2011-06-17 16:00:00,2,0,1,1,31.16,34.09,45,11.0014,68,288,356
2011-06-17 17:00:00,2,0,1,3,31.16,34.09,40,12.998,86,465,551
2011-06-17 18:00:00,2,0,1,3,31.16,34.09,40,12.998,62,381,443
2011-06-17 19:00:00,2,0,1,3,26.24,28.79,83,16.9979,53,277,330
2011-06-17 20:00:00,2,0,1,1,26.24,29.545,78,7.0015,40,189,229
2011-06-17 21:00:00,2,0,1,1,26.24,29.545,78,6.0032,49,160,209
2011-06-17 22:00:00,2,0,1,1,25.42,28.03,88,8.9981,47,125,172
2011-06-17 23:00:00,2,0,1,1,25.42,28.79,83,8.9981,36,142,178
2011-06-18 00:00:00,2,0,0,1,25.42,28.03,88,8.9981,20,83,103
2011-06-18 01:00:00,2,0,0,1,25.42,28.79,83,7.0015,15,83,98
2011-06-18 02:00:00,2,0,0,1,24.6,27.275,88,0.0,17,32,49
2011-06-18 03:00:00,2,0,0,1,24.6,27.275,88,6.0032,3,14,17
2011-06-18 04:00:00,2,0,0,1,24.6,27.275,88,6.0032,0,1,1
2011-06-18 05:00:00,2,0,0,1,25.42,28.79,83,0.0,0,4,4
2011-06-18 06:00:00,2,0,0,1,25.42,28.79,83,7.0015,11,14,25
2011-06-18 07:00:00,2,0,0,1,26.24,29.545,78,8.9981,12,43,55
2011-06-18 08:00:00,2,0,0,1,27.06,30.305,78,6.0032,28,103,131
2011-06-18 09:00:00,2,0,0,1,28.7,32.575,61,15.0013,62,152,214
2011-06-18 10:00:00,2,0,0,1,29.52,34.09,62,12.998,68,172,240
2011-06-18 11:00:00,2,0,0,1,29.52,34.09,62,8.9981,134,273,407
2011-06-18 12:00:00,2,0,0,1,30.34,34.85,66,6.0032,162,254,416
2011-06-18 13:00:00,2,0,0,1,31.16,34.85,55,0.0,136,193,329
2011-06-18 14:00:00,2,0,0,2,32.8,36.365,46,19.0012,137,198,335
2011-06-18 15:00:00,2,0,0,2,33.62,37.88,46,8.9981,153,214,367
2011-06-18 16:00:00,2,0,0,2,31.16,34.85,52,15.0013,193,272,465
2011-06-18 17:00:00,2,0,0,2,31.16,34.09,48,11.0014,210,233,443
2011-06-18 18:00:00,2,0,0,2,30.34,34.09,55,12.998,119,263,382
2011-06-18 19:00:00,2,0,0,2,30.34,33.335,51,7.0015,98,229,327
2011-06-18 20:00:00,2,0,0,2,29.52,33.335,58,8.9981,60,129,189
2011-06-18 21:00:00,2,0,0,2,29.52,34.09,66,7.0015,57,126,183
2011-06-18 22:00:00,2,0,0,2,29.52,34.09,62,8.9981,56,102,158
2011-06-18 23:00:00,2,0,0,2,29.52,34.09,62,0.0,51,93,144
2011-06-19 00:00:00,2,0,0,1,28.7,32.575,65,0.0,16,71,87
2011-06-19 01:00:00,2,0,0,2,28.7,32.575,65,6.0032,18,56,74
2011-06-19 02:00:00,2,0,0,1,27.88,31.82,74,6.0032,13,54,67
2011-06-19 03:00:00,2,0,0,2,27.06,30.305,78,8.9981,14,12,26
2011-06-19 04:00:00,2,0,0,2,27.06,31.06,74,8.9981,8,8,16
2011-06-19 05:00:00,2,0,0,2,27.06,30.305,78,0.0,7,11,18
2011-06-19 06:00:00,2,0,0,2,27.06,30.305,78,11.0014,10,21,31
2011-06-19 07:00:00,2,0,0,2,27.06,30.305,78,11.0014,36,33,69
2011-06-19 08:00:00,2,0,0,3,27.88,31.82,74,7.0015,25,62,87
2011-06-19 09:00:00,2,0,0,2,27.88,31.82,74,7.0015,57,115,172
2011-06-19 10:00:00,2,0,0,2,28.7,32.575,61,7.0015,87,156,243
2011-06-19 11:00:00,2,0,0,2,29.52,33.335,58,6.0032,142,233,375
2011-06-19 12:00:00,2,0,0,2,30.34,34.09,55,6.0032,142,253,395
2011-06-19 13:00:00,2,0,0,2,30.34,33.335,51,0.0,149,216,365
2011-06-19 14:00:00,2,0,0,3,30.34,34.09,58,7.0015,124,191,315
2011-06-19 15:00:00,2,0,0,2,30.34,34.09,55,7.0015,144,213,357
2011-06-19 16:00:00,2,0,0,2,31.16,34.09,48,0.0,121,257,378
2011-06-19 17:00:00,2,0,0,1,30.34,33.335,51,0.0,158,233,391
2011-06-19 18:00:00,2,0,0,2,30.34,34.09,58,6.0032,76,216,292
2011-06-19 19:00:00,2,0,0,1,29.52,34.09,62,8.9981,92,215,307
2011-06-19 20:00:00,2,0,0,1,28.7,32.575,70,12.998,87,147,234
2011-06-19 21:00:00,2,0,0,1,27.88,31.82,79,8.9981,54,112,166
2011-06-19 22:00:00,2,0,0,1,27.06,30.305,78,15.0013,37,108,145
2011-06-19 23:00:00,2,0,0,1,27.06,30.305,78,12.998,15,76,91
2011-07-01 00:00:00,3,0,1,1,27.06,31.06,50,0.0,19,53,72
2011-07-01 01:00:00,3,0,1,1,27.06,31.06,50,0.0,14,14,28
2011-07-01 02:00:00,3,0,1,1,25.42,30.305,69,0.0,5,6,11
2011-07-01 03:00:00,3,0,1,1,26.24,31.06,53,0.0,4,8,12
2011-07-01 04:00:00,3,0,1,1,25.42,31.06,57,0.0,2,8,10
2011-07-01 05:00:00,3,0,1,1,24.6,30.305,64,8.9981,5,27,32
2011-07-01 06:00:00,3,0,1,1,25.42,30.305,61,8.9981,11,98,109
2011-07-01 07:00:00,3,0,1,1,27.06,31.06,54,7.0015,24,219,243
2011-07-01 08:00:00,3,0,1,1,28.7,31.82,42,11.0014,37,452,489
2011-07-01 09:00:00,3,0,1,1,30.34,32.575,35,11.0014,58,202,260
2011-07-01 10:00:00,3,0,1,1,31.16,33.335,33,11.0014,61,112,173
2011-07-01 11:00:00,3,0,1,1,32.8,34.85,26,0.0,68,145,213
2011-07-01 12:00:00,3,0,1,1,32.8,34.85,26,0.0,82,184,266
2011-07-01 13:00:00,3,0,1,1,32.8,34.09,24,0.0,83,208,291
2011-07-01 14:00:00,3,0,1,1,33.62,34.85,23,12.998,78,224,302
2011-07-01 15:00:00,3,0,1,1,33.62,34.85,21,16.9979,81,300,381
2011-07-01 16:00:00,3,0,1,1,33.62,34.85,17,0.0,84,342,426
2011-07-01 17:00:00,3,0,1,1,33.62,34.85,21,12.998,98,360,458
2011-07-01 18:00:00,3,0,1,1,32.8,34.09,24,16.9979,99,326,425
2011-07-01 19:00:00,3,0,1,1,31.98,33.335,25,12.998,80,239,319
2011-07-01 20:00:00,3,0,1,1,29.52,32.575,42,15.0013,83,177,260
2011-07-01 21:00:00,3,0,1,1,28.7,31.82,45,12.998,69,151,220
2011-07-01 22:00:00,3,0,1,1,28.7,31.82,42,0.0,49,173,222
2011-07-01 23:00:00,3,0,1,1,27.88,31.82,47,6.0032,44,93,137
2011-07-02 00:00:00,3,0,0,1,27.88,31.82,47,6.0032,31,81,112
2011-07-02 01:00:00,3,0,0,1,27.06,31.06,54,0.0,18,57,75
2011-07-02 02:00:00,3,0,0,1,26.24,31.06,53,0.0,6,43,49
2011-07-02 03:00:00,3,0,0,1,26.24,31.06,53,0.0,4,17,21
2011-07-02 04:00:00,3,0,0,1,25.42,30.305,61,0.0,2,7,9
2011-07-02 05:00:00,3,0,0,1,23.78,27.275,73,7.0015,0,11,11
2011-07-02 06:00:00,3,0,0,1,25.42,30.305,69,7.0015,11,26,37
2011-07-02 07:00:00,3,0,0,1,26.24,30.305,65,0.0,8,40,48
2011-07-02 08:00:00,3,0,0,1,27.88,31.82,57,0.0,38,90,128
2011-07-02 09:00:00,3,0,0,1,30.34,33.335,51,6.0032,54,122,176
2011-07-02 10:00:00,3,0,0,1,32.8,35.605,36,0.0,104,164,268
2011-07-02 11:00:00,3,0,0,1,32.8,35.605,36,6.0032,143,213,356
2011-07-02 12:00:00,3,0,0,1,33.62,35.605,30,8.9981,141,230,371
2011-07-02 13:00:00,3,0,0,1,33.62,35.605,30,7.0015,177,230,407
2011-07-02 14:00:00,3,0,0,1,34.44,35.605,20,0.0,176,209,385
2011-07-02 15:00:00,3,0,0,1,35.26,36.365,19,11.0014,169,164,333
2011-07-02 16:00:00,3,0,0,1,36.08,37.12,22,15.0013,205,189,394
2011-07-02 17:00:00,3,0,0,1,34.44,36.365,30,15.0013,178,169,347
2011-07-02 18:00:00,3,0,0,1,33.62,35.605,30,19.0012,192,190,382
2011-07-02 19:00:00,3,0,0,1,32.8,34.85,33,15.0013,157,148,305
2011-07-02 20:00:00,3,0,0,1,31.16,34.09,45,19.0012,136,150,286
2011-07-02 21:00:00,3,0,0,1,30.34,33.335,48,12.998,95,135,230
2011-07-02 22:00:00,3,0,0,1,29.52,33.335,51,11.0014,77,124,201
2011-07-02 23:00:00,3,0,0,1,29.52,33.335,54,19.0012,65,90,155
2011-07-03 00:00:00,3,0,0,1,28.7,32.575,58,15.0013,47,101,148
2011-07-03 01:00:00,3,0,0,2,28.7,32.575,61,11.0014,23,58,81
2011-07-03 02:00:00,3,0,0,1,28.7,32.575,58,12.998,17,54,71
2011-07-03 03:00:00,3,0,0,3,27.88,31.82,65,6.0032,8,21,29
2011-07-03 04:00:00,3,0,0,3,27.88,31.82,65,6.0032,5,1,6
2011-07-03 05:00:00,3,0,0,3,25.42,28.79,83,12.998,0,4,4
2011-07-03 06:00:00,3,0,0,2,25.42,27.275,94,6.0032,1,0,1
2011-07-03 07:00:00,3,0,0,2,26.24,28.79,89,12.998,1,23,24
2011-07-03 08:00:00,3,0,0,1,27.88,31.82,79,15.0013,38,54,92
2011-07-03 09:00:00,3,0,0,1,28.7,33.335,74,16.9979,81,100,181
2011-07-03 10:00:00,3,0,0,1,30.34,34.85,66,11.0014,130,131,261
2011-07-03 11:00:00,3,0,0,1,31.16,35.605,62,7.0015,214,181,395
2011-07-03 12:00:00,3,0,0,1,32.8,37.88,55,7.0015,197,205,402
2011-07-03 13:00:00,3,0,0,1,32.8,38.635,59,15.0013,250,176,426
2011-07-03 14:00:00,3,0,0,1,33.62,39.395,56,16.9979,225,145,370
2011-07-03 15:00:00,3,0,0,1,34.44,40.15,53,19.9995,194,184,378
2011-07-03 16:00:00,3,0,0,1,34.44,40.15,53,19.9995,194,220,414
2011-07-03 17:00:00,3,0,0,3,32.8,37.12,49,56.9969,181,179,360
2011-07-03 18:00:00,3,0,0,3,32.8,37.12,49,56.9969,72,109,181
2011-07-03 19:00:00,3,0,0,2,27.06,30.305,83,12.998,99,82,181
2011-07-03 20:00:00,3,0,0,3,27.06,30.305,83,0.0,82,93,175
2011-07-03 21:00:00,3,0,0,2,27.06,30.305,83,11.0014,75,88,163
2011-07-03 22:00:00,3,0,0,2,27.06,30.305,78,7.0015,66,96,162
2011-07-03 23:00:00,3,0,0,1,26.24,28.79,83,11.0014,69,80,149
2011-07-04 00:00:00,3,1,0,1,26.24,28.79,83,8.9981,64,78,142
2011-07-04 01:00:00,3,1,0,1,26.24,28.79,83,6.0032,44,71,115
2011-07-04 02:00:00,3,1,0,1,26.24,28.79,83,0.0,31,25,56
2011-07-04 03:00:00,3,1,0,1,26.24,29.545,78,0.0,14,14,28
2011-07-04 04:00:00,3,1,0,2,27.06,30.305,78,6.0032,6,7,13
2011-07-04 05:00:00,3,1,0,2,26.24,28.79,83,8.9981,2,2,4
2011-07-04 06:00:00,3,1,0,1,26.24,28.79,89,11.0014,4,9,13
2011-07-04 07:00:00,3,1,0,1,27.06,30.305,83,8.9981,16,24,40
2011-07-04 08:00:00,3,1,0,1,28.7,33.335,74,7.0015,41,42,83
2011-07-04 09:00:00,3,1,0,2,29.52,34.09,66,6.0032,141,96,237
2011-07-04 10:00:00,3,1,0,2,31.16,34.85,55,6.0032,165,113,278
2011-07-04 11:00:00,3,1,0,2,31.16,34.85,55,6.0032,177,166,343
2011-07-04 12:00:00,3,1,0,2,31.98,35.605,52,0.0,237,206,443
2011-07-04 13:00:00,3,1,0,2,31.98,35.605,49,0.0,241,181,422
2011-07-04 14:00:00,3,1,0,1,32.8,36.365,46,0.0,236,168,404
2011-07-04 15:00:00,3,1,0,1,33.62,37.12,43,6.0032,225,181,406
2011-07-04 16:00:00,3,1,0,1,33.62,37.12,41,0.0,236,214,450
2011-07-04 17:00:00,3,1,0,1,32.8,36.365,46,0.0,239,199,438
2011-07-04 18:00:00,3,1,0,1,32.8,36.365,46,8.9981,220,200,420
2011-07-04 19:00:00,3,1,0,2,31.98,35.605,49,11.0014,171,202,373
2011-07-04 20:00:00,3,1,0,2,31.16,34.85,55,7.0015,194,189,383
2011-07-04 21:00:00,3,1,0,2,30.34,34.09,62,7.0015,194,259,453
2011-07-04 22:00:00,3,1,0,2,30.34,34.09,62,8.9981,115,212,327
2011-07-04 23:00:00,3,1,0,2,29.52,34.09,70,7.0015,44,98,142
2011-07-05 00:00:00,3,0,1,2,28.7,32.575,65,11.0014,19,38,57
2011-07-05 01:00:00,3,0,1,1,28.7,32.575,65,7.0015,15,20,35
2011-07-05 02:00:00,3,0,1,1,27.06,31.06,74,6.0032,7,5,12
2011-07-05 03:00:00,3,0,1,1,27.06,31.06,74,15.0013,1,4,5
2011-07-05 04:00:00,3,0,1,1,27.06,31.06,69,11.0014,0,4,4
2011-07-05 05:00:00,3,0,1,1,27.06,31.06,69,0.0,0,14,14
2011-07-05 06:00:00,3,0,1,1,27.06,31.06,74,6.0032,3,91,94
2011-07-05 07:00:00,3,0,1,1,28.7,32.575,65,6.0032,20,245,265
2011-07-05 08:00:00,3,0,1,1,29.52,34.09,62,8.9981,40,393,433
2011-07-05 09:00:00,3,0,1,1,30.34,34.09,58,8.9981,49,184,233
2011-07-05 10:00:00,3,0,1,1,31.16,34.85,52,7.0015,54,84,138
2011-07-05 11:00:00,3,0,1,1,31.98,34.85,46,7.0015,76,98,174
2011-07-05 12:00:00,3,0,1,1,32.8,36.365,43,7.0015,70,131,201
2011-07-05 13:00:00,3,0,1,1,33.62,37.12,43,7.0015,68,132,200
2011-07-05 14:00:00,3,0,1,1,32.8,37.12,49,11.0014,65,111,176
2011-07-05 15:00:00,3,0,1,1,33.62,37.12,43,0.0,49,112,161
2011-07-05 16:00:00,3,0,1,1,33.62,37.88,46,7.0015,81,203,284
2011-07-05 17:00:00,3,0,1,1,33.62,37.88,46,7.0015,79,465,544
2011-07-05 18:00:00,3,0,1,1,32.8,37.88,55,11.0014,69,429,498
2011-07-05 19:00:00,3,0,1,1,32.8,38.635,59,8.9981,69,296,365
2011-07-05 20:00:00,3,0,1,1,31.16,36.365,66,7.0015,59,226,285
2011-07-05 21:00:00,3,0,1,1,31.98,37.12,62,16.9979,74,170,244
2011-07-05 22:00:00,3,0,1,1,31.16,36.365,66,15.0013,29,126,155
2011-07-05 23:00:00,3,0,1,1,30.34,34.85,66,11.0014,19,53,72
2011-07-06 00:00:00,3,0,1,1,29.52,34.85,74,12.998,10,28,38
2011-07-06 01:00:00,3,0,1,1,28.7,33.335,74,8.9981,7,14,21
2011-07-06 02:00:00,3,0,1,1,28.7,33.335,79,6.0032,0,6,6
2011-07-06 03:00:00,3,0,1,1,28.7,33.335,79,0.0,1,5,6
2011-07-06 04:00:00,3,0,1,2,27.88,31.82,83,6.0032,0,4,4
2011-07-06 05:00:00,3,0,1,1,27.88,31.82,83,6.0032,5,29,34
2011-07-06 06:00:00,3,0,1,1,28.7,33.335,79,6.0032,7,110,117
2011-07-06 07:00:00,3,0,1,2,29.52,34.85,79,0.0,24,287,311
2011-07-06 08:00:00,3,0,1,2,29.52,34.85,74,7.0015,29,390,419
2011-07-06 09:00:00,3,0,1,3,28.7,33.335,79,12.998,31,162,193
2011-07-06 10:00:00,3,0,1,3,28.7,33.335,79,6.0032,12,29,41
2011-07-06 11:00:00,3,0,1,2,29.52,34.85,74,0.0,22,98,120
2011-07-06 12:00:00,3,0,1,2,30.34,34.85,66,6.0032,36,112,148
2011-07-06 13:00:00,3,0,1,2,30.34,34.85,70,7.0015,31,109,140
2011-07-06 14:00:00,3,0,1,1,31.16,36.365,66,19.0012,50,109,159
2011-07-06 15:00:00,3,0,1,1,31.16,36.365,70,19.0012,54,132,186
2011-07-06 16:00:00,3,0,1,1,31.16,36.365,70,16.9979,56,218,274
2011-07-06 17:00:00,3,0,1,1,31.98,37.12,59,15.0013,78,510,588
2011-07-06 18:00:00,3,0,1,1,31.16,35.605,62,12.998,77,487,564
2011-07-06 19:00:00,3,0,1,1,30.34,34.85,70,15.0013,70,324,394
2011-07-06 20:00:00,3,0,1,1,29.52,34.85,74,16.9979,54,258,312
2011-07-06 21:00:00,3,0,1,1,28.7,33.335,79,12.998,65,169,234
2011-07-06 22:00:00,3,0,1,1,28.7,33.335,79,12.998,30,162,192
2011-07-06 23:00:00,3,0,1,1,27.88,31.82,83,15.0013,20,80,100
2011-07-07 00:00:00,3,0,1,1,27.06,29.545,89,8.9981,4,30,34
2011-07-07 01:00:00,3,0,1,1,27.06,29.545,89,12.998,0,14,14
2011-07-07 02:00:00,3,0,1,1,27.06,29.545,89,12.998,0,3,3
2011-07-07 03:00:00,3,0,1,1,26.24,28.03,94,7.0015,1,3,4
2011-07-07 04:00:00,3,0,1,1,26.24,28.79,89,7.0015,0,6,6
2011-07-07 05:00:00,3,0,1,1,26.24,28.79,89,7.0015,0,24,24
2011-07-07 06:00:00,3,0,1,2,26.24,28.79,89,8.9981,13,108,121
2011-07-07 07:00:00,3,0,1,2,27.06,29.545,89,7.0015,13,275,288
2011-07-07 08:00:00,3,0,1,2,28.7,33.335,79,12.998,27,416,443
2011-07-07 09:00:00,3,0,1,1,30.34,34.85,70,11.0014,23,155,178
2011-07-07 10:00:00,3,0,1,1,31.98,37.12,62,0.0,27,76,103
2011-07-07 11:00:00,3,0,1,1,33.62,38.635,52,8.9981,31,120,151
2011-07-07 12:00:00,3,0,1,1,34.44,38.635,41,0.0,33,132,165
2011-07-07 13:00:00,3,0,1,1,35.26,39.395,41,0.0,45,105,150
2011-07-07 14:00:00,3,0,1,1,35.26,39.395,41,16.9979,38,121,159
2011-07-07 15:00:00,3,0,1,1,35.26,39.395,41,16.9979,47,122,169
2011-07-07 16:00:00,3,0,1,1,35.26,38.635,39,15.0013,48,217,265
2011-07-07 17:00:00,3,0,1,1,35.26,37.88,36,16.9979,79,488,567
2011-07-07 18:00:00,3,0,1,1,34.44,37.88,44,19.9995,69,484,553
2011-07-07 19:00:00,3,0,1,1,33.62,38.635,52,19.0012,80,286,366
2011-07-07 20:00:00,3,0,1,1,31.16,35.605,58,23.9994,60,218,278
2011-07-07 21:00:00,3,0,1,1,30.34,34.09,62,11.0014,41,177,218
2011-07-07 22:00:00,3,0,1,1,30.34,34.09,62,11.0014,32,151,183
2011-07-07 23:00:00,3,0,1,1,29.52,34.09,66,0.0,29,97,126
2011-07-08 00:00:00,3,0,1,1,30.34,34.85,66,7.0015,5,43,48
2011-07-08 01:00:00,3,0,1,1,29.52,34.85,79,0.0,9,26,35
2011-07-08 02:00:00,3,0,1,2,28.7,33.335,74,11.0014,10,11,21
2011-07-08 03:00:00,3,0,1,1,27.88,31.82,79,7.0015,1,5,6
2011-07-08 04:00:00,3,0,1,1,28.7,33.335,79,16.9979,4,3,7
2011-07-08 05:00:00,3,0,1,1,27.88,31.82,79,16.9979,2,24,26
2011-07-08 06:00:00,3,0,1,1,28.7,33.335,74,7.0015,10,89,99
2011-07-08 07:00:00,3,0,1,2,28.7,33.335,79,12.998,29,306,335
2011-07-08 08:00:00,3,0,1,2,29.52,34.85,74,16.9979,35,415,450
2011-07-08 09:00:00,3,0,1,2,31.16,36.365,70,19.9995,28,211,239
2011-07-08 10:00:00,3,0,1,2,30.34,34.85,70,23.9994,30,110,140
2011-07-08 11:00:00,3,0,1,2,30.34,35.605,74,16.9979,61,104,165
2011-07-08 12:00:00,3,0,1,2,31.16,36.365,70,19.0012,49,160,209
2011-07-08 13:00:00,3,0,1,2,31.98,37.88,66,19.0012,54,171,225
2011-07-08 14:00:00,3,0,1,2,32.8,39.395,63,23.9994,54,158,212
2011-07-08 15:00:00,3,0,1,2,32.8,39.395,63,23.9994,40,99,139
2011-07-08 16:00:00,3,0,1,3,27.88,31.82,83,30.0026,28,113,141
2011-07-08 17:00:00,3,0,1,3,27.06,29.545,89,30.0026,5,165,170
2011-07-08 18:00:00,3,0,1,1,27.06,30.305,83,6.0032,33,283,316
2011-07-08 19:00:00,3,0,1,1,27.06,30.305,83,6.0032,44,231,275
2011-07-08 20:00:00,3,0,1,1,27.06,30.305,83,11.0014,30,221,251
2011-07-08 21:00:00,3,0,1,2,27.06,30.305,83,16.9979,46,154,200
2011-07-08 22:00:00,3,0,1,2,27.06,30.305,78,12.998,34,138,172
2011-07-08 23:00:00,3,0,1,2,27.06,30.305,78,6.0032,38,115,153
2011-07-09 00:00:00,3,0,0,2,27.06,30.305,83,8.9981,32,87,119
2011-07-09 01:00:00,3,0,0,2,26.24,28.79,89,7.0015,5,49,54
2011-07-09 02:00:00,3,0,0,1,26.24,28.79,89,11.0014,10,39,49
2011-07-09 03:00:00,3,0,0,1,26.24,28.79,89,8.9981,9,22,31
2011-07-09 04:00:00,3,0,0,1,26.24,28.79,83,15.0013,2,4,6
2011-07-09 05:00:00,3,0,0,2,25.42,28.03,88,11.0014,5,12,17
2011-07-09 06:00:00,3,0,0,2,26.24,28.79,83,12.998,8,26,34
2011-07-09 07:00:00,3,0,0,1,27.06,30.305,78,12.998,21,47,68
2011-07-09 08:00:00,3,0,0,1,28.7,32.575,70,16.9979,68,114,182
2011-07-09 09:00:00,3,0,0,1,30.34,34.09,58,19.0012,75,168,243
2011-07-09 10:00:00,3,0,0,1,31.16,34.85,52,11.0014,87,173,260
2011-07-09 11:00:00,3,0,0,1,31.98,34.85,46,19.9995,101,185,286
2011-07-09 12:00:00,3,0,0,1,32.8,36.365,46,16.9979,145,219,364
2011-07-09 13:00:00,3,0,0,1,33.62,37.12,41,15.0013,166,250,416
2011-07-09 14:00:00,3,0,0,1,34.44,37.12,36,8.9981,157,209,366
2011-07-09 15:00:00,3,0,0,1,34.44,36.365,34,6.0032,182,222,404
2011-07-09 16:00:00,3,0,0,1,33.62,36.365,38,0.0,171,240,411
2011-07-09 17:00:00,3,0,0,1,34.44,36.365,32,0.0,159,241,400
2011-07-09 18:00:00,3,0,0,1,33.62,36.365,36,7.0015,132,247,379
2011-07-09 19:00:00,3,0,0,1,31.16,34.85,55,11.0014,128,177,305
2011-07-09 20:00:00,3,0,0,1,31.16,35.605,58,15.0013,129,184,313
2011-07-09 21:00:00,3,0,0,1,30.34,34.09,58,11.0014,81,151,232
2011-07-09 22:00:00,3,0,0,1,29.52,34.09,62,11.0014,58,157,215
2011-07-09 23:00:00,3,0,0,1,29.52,33.335,58,12.998,46,95,141
2011-07-10 00:00:00,3,0,0,1,28.7,32.575,61,11.0014,42,115,157
2011-07-10 01:00:00,3,0,0,1,28.7,32.575,61,8.9981,21,95,116
2011-07-10 02:00:00,3,0,0,1,27.88,31.82,69,6.0032,29,68,97
2011-07-10 03:00:00,3,0,0,1,27.06,31.06,74,6.0032,5,24,29
2011-07-10 04:00:00,3,0,0,1,27.06,31.06,69,6.0032,-1,-1,-2
2011-07-10 05:00:00,3,0,0,1,27.06,31.06,74,0.0,7,12,19
2011-07-10 06:00:00,3,0,0,1,26.24,29.545,78,6.0032,7,13,20
2011-07-10 07:00:00,3,0,0,1,28.7,32.575,70,6.0032,26,38,64
2011-07-10 08:00:00,3,0,0,1,29.52,34.09,66,0.0,25,67,92
2011-07-10 09:00:00,3,0,0,1,30.34,34.85,66,6.0032,63,106,169
2011-07-10 10:00:00,3,0,0,1,31.16,34.85,55,8.9981,94,173,267
2011-07-10 11:00:00,3,0,0,1,31.98,36.365,55,12.998,109,175,284
2011-07-10 12:00:00,3,0,0,1,33.62,37.88,46,19.0012,133,245,378
2011-07-10 13:00:00,3,0,0,1,32.8,36.365,46,19.9995,139,226,365
2011-07-10 14:00:00,3,0,0,1,33.62,37.12,41,22.0028,121,224,345
2011-07-10 15:00:00,3,0,0,1,34.44,37.12,39,19.0012,141,216,357
2011-07-10 16:00:00,3,0,0,1,34.44,37.88,41,19.0012,126,245,371
2011-07-10 17:00:00,3,0,0,1,34.44,37.12,36,15.0013,145,221,366
2011-07-10 18:00:00,3,0,0,1,33.62,37.12,43,19.0012,142,225,367
2011-07-10 19:00:00,3,0,0,1,32.8,37.12,49,22.0028,120,178,298
2011-07-10 20:00:00,3,0,0,1,31.16,34.85,55,12.998,102,167,269
2011-07-10 21:00:00,3,0,0,1,30.34,34.09,62,16.9979,63,163,226
2011-07-10 22:00:00,3,0,0,1,30.34,34.85,66,15.0013,55,89,144
2011-07-10 23:00:00,3,0,0,1,29.52,34.09,66,16.9979,17,56,73
2011-07-11 00:00:00,3,0,1,1,28.7,32.575,65,12.998,10,29,39
2011-07-11 01:00:00,3,0,1,1,28.7,32.575,61,19.0012,5,1,6
2011-07-11 02:00:00,3,0,1,1,28.7,32.575,61,15.0013,9,0,9
2011-07-11 03:00:00,3,0,1,1,27.88,31.82,65,11.0014,1,12,13
2011-07-11 04:00:00,3,0,1,1,27.06,31.06,74,15.0013,-1,6,5
2011-07-11 05:00:00,3,0,1,1,27.06,31.06,74,8.9981,6,23,29
2011-07-11 06:00:00,3,0,1,1,27.88,31.82,74,12.998,18,102,120
2011-07-11 07:00:00,3,0,1,1,28.7,33.335,74,16.9979,29,287,316
2011-07-11 08:00:00,3,0,1,1,30.34,34.85,66,19.0012,36,384,420
2011-07-11 09:00:00,3,0,1,1,31.98,37.12,59,19.9995,41,169,210
2011-07-11 10:00:00,3,0,1,1,32.8,37.88,55,23.9994,44,71,115
2011-07-11 11:00:00,3,0,1,1,33.62,39.395,56,19.9995,39,83,122
2011-07-11 12:00:00,3,0,1,1,34.44,40.15,53,19.0012,39,105,144
2011-07-11 13:00:00,3,0,1,1,35.26,40.91,50,16.9979,23,118,141
2011-07-11 14:00:00,3,0,1,1,35.26,41.665,53,19.0012,39,93,132
2011-07-11 15:00:00,3,0,1,1,35.26,42.425,56,27.9993,35,109,144
2011-07-11 16:00:00,3,0,1,1,35.26,42.425,56,26.0027,57,184,241
2011-07-11 17:00:00,3,0,1,1,35.26,42.425,56,27.9993,56,451,507
2011-07-11 18:00:00,3,0,1,1,35.26,41.665,53,26.0027,56,410,466
2011-07-11 19:00:00,3,0,1,1,34.44,41.665,59,22.0028,80,288,368
2011-07-11 20:00:00,3,0,1,1,29.52,34.85,74,27.9993,41,196,237
2011-07-11 21:00:00,3,0,1,1,28.7,33.335,79,27.9993,20,110,130
2011-07-11 22:00:00,3,0,1,1,29.52,34.85,74,8.9981,20,68,88
2011-07-11 23:00:00,3,0,1,1,28.7,33.335,79,8.9981,10,42,52
2011-07-12 00:00:00,3,0,1,1,28.7,33.335,79,8.9981,0,19,19
2011-07-12 01:00:00,3,0,1,1,28.7,33.335,79,6.0032,5,9,14
2011-07-12 02:00:00,3,0,1,1,28.7,33.335,79,7.0015,1,7,8
2011-07-12 03:00:00,3,0,1,2,28.7,33.335,79,0.0,2,7,9
2011-07-12 04:00:00,3,0,1,1,28.7,33.335,79,11.0014,0,6,6
2011-07-12 05:00:00,3,0,1,1,28.7,33.335,79,6.0032,3,17,20
2011-07-12 06:00:00,3,0,1,1,30.34,34.09,58,15.0013,13,101,114
2011-07-12 07:00:00,3,0,1,1,31.16,34.85,55,12.998,29,299,328
2011-07-12 08:00:00,3,0,1,1,31.16,35.605,58,15.0013,34,383,417
2011-07-12 09:00:00,3,0,1,1,31.98,36.365,55,32.9975,26,148,174
2011-07-12 10:00:00,3,0,1,1,33.62,38.635,52,11.0014,37,85,122
2011-07-12 11:00:00,3,0,1,1,33.62,38.635,52,11.0014,37,86,123
2011-07-12 12:00:00,3,0,1,1,35.26,39.395,44,19.9995,38,123,161
2011-07-12 13:00:00,3,0,1,1,35.26,40.15,47,15.0013,32,105,137
2011-07-12 14:00:00,3,0,1,1,36.9,42.425,42,19.9995,32,90,122
2011-07-12 15:00:00,3,0,1,1,36.9,42.425,42,23.9994,36,108,144
2011-07-12 16:00:00,3,0,1,1,35.26,39.395,44,19.0012,23,175,198
2011-07-12 17:00:00,3,0,1,1,36.08,40.91,44,19.0012,47,379,426
2011-07-12 18:00:00,3,0,1,1,35.26,40.15,47,19.9995,39,474,513
2011-07-12 19:00:00,3,0,1,1,34.44,37.88,44,19.0012,42,294,336
2011-07-12 20:00:00,3,0,1,1,33.62,37.12,43,12.998,57,252,309
2011-07-12 21:00:00,3,0,1,1,33.62,37.12,43,7.0015,48,208,256
2011-07-12 22:00:00,3,0,1,1,32.8,36.365,46,8.9981,43,146,189
2011-07-12 23:00:00,3,0,1,1,31.98,35.605,52,0.0,19,60,79
2011-07-13 00:00:00,3,0,1,1,31.16,35.605,62,0.0,9,37,46
2011-07-13 01:00:00,3,0,1,1,31.16,34.85,55,0.0,0,1,1
2011-07-13 02:00:00,3,0,1,1,31.16,34.85,55,0.0,1,1,2
2011-07-13 03:00:00,3,0,1,1,30.34,34.09,58,12.998,0,0,0
2011-07-13 04:00:00,3,0,1,1,30.34,34.09,58,16.9979,-3,5,2
2011-07-13 05:00:00,3,0,1,1,30.34,34.09,58,12.998,3,20,23
2011-07-13 06:00:00,3,0,1,1,30.34,34.09,58,11.0014,18,105,123
2011-07-13 07:00:00,3,0,1,1,31.16,34.85,55,16.9979,31,275,306
2011-07-13 08:00:00,3,0,1,1,32.8,37.12,49,16.9979,30,418,448
2011-07-13 09:00:00,3,0,1,1,33.62,37.12,41,12.998,23,163,186
2011-07-13 10:00:00,3,0,1,1,33.62,37.88,46,12.998,34,79,113
2011-07-13 11:00:00,3,0,1,1,34.44,37.12,39,11.0014,55,110,165
2011-07-13 12:00:00,3,0,1,1,34.44,37.88,41,19.0012,39,132,171
2011-07-13 13:00:00,3,0,1,3,33.62,37.88,46,8.9981,38,118,156
2011-07-13 14:00:00,3,0,1,3,33.62,37.88,46,8.9981,26,86,112
2011-07-13 15:00:00,3,0,1,3,26.24,28.03,94,8.9981,12,35,47
2011-07-13 16:00:00,3,0,1,2,27.06,29.545,89,0.0,23,114,137
2011-07-13 17:00:00,3,0,1,1,28.7,33.335,79,0.0,67,415,482
2011-07-13 18:00:00,3,0,1,1,29.52,34.85,79,8.9981,48,410,458
2011-07-13 19:00:00,3,0,1,1,28.7,33.335,79,7.0015,78,337,415
2011-07-13 20:00:00,3,0,1,1,28.7,33.335,84,11.0014,60,285,345
2011-07-13 21:00:00,3,0,1,1,28.7,33.335,79,7.0015,55,197,252
2011-07-13 22:00:00,3,0,1,1,27.88,31.82,83,12.998,49,135,184
2011-07-13 23:00:00,3,0,1,1,27.06,30.305,83,16.9979,34,84,118
2011-07-14 00:00:00,3,0,1,1,27.06,31.06,69,19.9995,11,33,44
2011-07-14 01:00:00,3,0,1,1,27.06,31.06,61,16.9979,2,24,26
2011-07-14 02:00:00,3,0,1,1,26.24,31.06,57,19.9995,3,7,10
2011-07-14 03:00:00,3,0,1,1,25.42,31.06,57,19.9995,1,9,10
2011-07-14 04:00:00,3,0,1,1,25.42,31.06,53,16.9979,0,15,15
2011-07-14 05:00:00,3,0,1,1,24.6,31.06,56,15.0013,7,22,29
2011-07-14 06:00:00,3,0,1,1,24.6,30.305,60,15.0013,13,114,127
2011-07-14 07:00:00,3,0,1,1,25.42,31.06,53,16.9979,25,308,333
2011-07-14 08:00:00,3,0,1,1,26.24,31.06,50,23.9994,53,429,482
2011-07-14 09:00:00,3,0,1,1,27.88,31.82,47,19.0012,27,191,218
2011-07-14 10:00:00,3,0,1,1,28.7,31.82,42,16.9979,31,98,129
2011-07-14 11:00:00,3,0,1,1,29.52,32.575,37,15.0013,38,110,148
2011-07-14 12:00:00,3,0,1,1,30.34,32.575,35,16.9979,51,173,224
2011-07-14 13:00:00,3,0,1,1,31.16,33.335,33,22.0028,38,140,178
2011-07-14 14:00:00,3,0,1,1,30.34,32.575,35,19.0012,48,129,177
2011-07-14 15:00:00,3,0,1,1,31.16,33.335,33,19.9995,40,134,174
2011-07-14 16:00:00,3,0,1,1,31.16,33.335,33,8.9981,42,236,278
2011-07-14 17:00:00,3,0,1,1,30.34,32.575,37,8.9981,77,513,590
2011-07-14 18:00:00,3,0,1,1,29.52,32.575,42,12.998,94,473,567
2011-07-14 19:00:00,3,0,1,1,29.52,32.575,39,15.0013,67,334,401
2011-07-14 20:00:00,3,0,1,1,28.7,31.82,42,15.0013,80,262,342
2011-07-14 21:00:00,3,0,1,1,27.06,31.06,50,8.9981,58,202,260
2011-07-14 22:00:00,3,0,1,1,26.24,31.06,57,6.0032,40,133,173
2011-07-14 23:00:00,3,0,1,1,26.24,30.305,65,16.9979,28,90,118
2011-07-15 00:00:00,3,0,1,1,25.42,29.545,73,15.0013,23,55,78
2011-07-15 01:00:00,3,0,1,1,25.42,29.545,73,12.998,7,12,19
2011-07-15 02:00:00,3,0,1,1,24.6,28.79,78,11.0014,15,18,33
2011-07-15 03:00:00,3,0,1,1,24.6,29.545,73,12.998,0,0,0
2011-07-15 04:00:00,3,0,1,1,24.6,29.545,73,11.0014,3,5,8
2011-07-15 05:00:00,3,0,1,1,24.6,29.545,73,8.9981,6,9,15
2011-07-15 06:00:00,3,0,1,2,24.6,29.545,73,7.0015,12,110,122
2011-07-15 07:00:00,3,0,1,1,26.24,30.305,65,7.0015,18,255,273
2011-07-15 08:00:00,3,0,1,1,26.24,30.305,65,16.9979,50,514,564
2011-07-15 09:00:00,3,0,1,1,27.88,31.82,54,12.998,31,174,205
2011-07-15 10:00:00,3,0,1,2,27.06,31.06,61,11.0014,58,96,154
2011-07-15 11:00:00,3,0,1,1,28.7,32.575,54,8.9981,71,137,208
2011-07-15 12:00:00,3,0,1,1,28.7,32.575,48,12.998,61,176,237
2011-07-15 13:00:00,3,0,1,1,28.7,32.575,54,12.998,85,161,246
2011-07-15 14:00:00,3,0,1,1,28.7,32.575,51,12.998,105,157,262
2011-07-15 15:00:00,3,0,1,1,29.52,32.575,45,11.0014,73,163,236
2011-07-15 16:00:00,3,0,1,1,29.52,33.335,51,12.998,94,263,357
2011-07-15 17:00:00,3,0,1,1,30.34,33.335,42,16.9979,105,475,580
2011-07-15 18:00:00,3,0,1,1,29.52,32.575,45,15.0013,102,394,496
2011-07-15 19:00:00,3,0,1,1,28.7,31.82,45,15.0013,113,280,393
2011-07-15 20:00:00,3,0,1,1,28.7,32.575,51,15.0013,92,249,341
2011-07-15 21:00:00,3,0,1,1,27.06,31.06,54,7.0015,74,185,259
2011-07-15 22:00:00,3,0,1,1,27.06,31.06,57,15.0013,69,154,223
2011-07-15 23:00:00,3,0,1,1,26.24,31.06,61,11.0014,42,127,169
2011-07-16 00:00:00,3,0,0,1,25.42,30.305,65,12.998,41,66,107
2011-07-16 01:00:00,3,0,0,1,24.6,29.545,69,7.0015,23,49,72
2011-07-16 02:00:00,3,0,0,1,24.6,29.545,73,8.9981,10,46,56
2011-07-16 03:00:00,3,0,0,1,24.6,28.79,78,8.9981,6,23,29
2011-07-16 04:00:00,3,0,0,1,24.6,29.545,73,6.0032,8,6,14
2011-07-16 05:00:00,3,0,0,1,23.78,27.275,78,6.0032,3,9,12
2011-07-16 06:00:00,3,0,0,1,24.6,28.79,78,11.0014,15,26,41
2011-07-16 07:00:00,3,0,0,1,25.42,29.545,73,8.9981,14,35,49
2011-07-16 08:00:00,3,0,0,1,27.06,31.06,65,11.0014,36,95,131
2011-07-16 09:00:00,3,0,0,1,28.7,32.575,54,15.0013,73,148,221
2011-07-16 10:00:00,3,0,0,1,29.52,33.335,54,12.998,114,214,328
2011-07-16 11:00:00,3,0,0,1,30.34,33.335,48,15.0013,172,228,400
2011-07-16 12:00:00,3,0,0,1,31.16,34.09,43,19.0012,186,285,471
2011-07-16 13:00:00,3,0,0,1,31.16,34.09,45,19.9995,223,278,501
2011-07-16 14:00:00,3,0,0,1,30.34,33.335,45,19.9995,200,231,431
2011-07-16 15:00:00,3,0,0,1,31.16,34.09,45,22.0028,204,221,425
2011-07-16 16:00:00,3,0,0,1,31.16,34.09,45,19.0012,184,241,425
2011-07-16 17:00:00,3,0,0,1,31.16,34.09,45,15.0013,233,233,466
2011-07-16 18:00:00,3,0,0,1,31.16,34.09,45,19.0012,185,243,428
2011-07-16 19:00:00,3,0,0,1,30.34,34.09,48,12.998,163,241,404
2011-07-16 20:00:00,3,0,0,1,29.52,33.335,51,15.0013,106,184,290
2011-07-16 21:00:00,3,0,0,1,28.7,32.575,58,15.0013,84,164,248
2011-07-16 22:00:00,3,0,0,1,28.7,32.575,65,19.0012,65,135,200
2011-07-16 23:00:00,3,0,0,1,27.88,31.82,61,15.0013,60,110,170
2011-07-17 00:00:00,3,0,0,1,27.06,31.06,65,15.0013,34,90,124
2011-07-17 01:00:00,3,0,0,1,26.24,30.305,69,12.998,16,85,101
2011-07-17 02:00:00,3,0,0,1,26.24,30.305,69,15.0013,26,65,91
2011-07-17 03:00:00,3,0,0,1,26.24,30.305,69,15.0013,21,18,39
2011-07-17 04:00:00,3,0,0,1,25.42,29.545,73,11.0014,4,3,7
2011-07-17 05:00:00,3,0,0,1,26.24,30.305,69,15.0013,2,7,9
2011-07-17 06:00:00,3,0,0,1,25.42,29.545,73,11.0014,9,9,18
2011-07-17 07:00:00,3,0,0,1,26.24,30.305,73,11.0014,20,25,45
2011-07-17 08:00:00,3,0,0,1,27.88,31.82,65,15.0013,44,76,120
2011-07-17 09:00:00,3,0,0,1,29.52,33.335,58,15.0013,74,113,187
2011-07-17 10:00:00,3,0,0,1,30.34,34.09,60,15.0013,125,177,302
2011-07-17 11:00:00,3,0,0,1,31.16,34.85,55,19.0012,147,246,393
2011-07-17 12:00:00,3,0,0,1,31.16,34.85,55,19.0012,175,239,414
2011-07-17 13:00:00,3,0,0,1,32.8,37.12,49,19.9995,199,267,466
2011-07-17 14:00:00,3,0,0,1,32.8,37.12,49,23.9994,167,255,422
2011-07-17 15:00:00,3,0,0,1,33.62,37.12,43,19.9995,129,197,326
2011-07-17 16:00:00,3,0,0,1,32.8,36.365,46,19.9995,130,194,324
2011-07-17 17:00:00,3,0,0,1,32.8,37.12,49,26.0027,133,229,362
2011-07-17 18:00:00,3,0,0,1,32.8,36.365,46,19.9995,147,246,393
2011-07-17 19:00:00,3,0,0,1,31.16,34.85,55,19.0012,146,239,385
2011-07-17 20:00:00,3,0,0,1,31.16,35.605,58,16.9979,83,174,257
2011-07-17 21:00:00,3,0,0,1,30.34,34.09,62,15.0013,58,145,203
2011-07-17 22:00:00,3,0,0,1,29.52,34.09,66,15.0013,65,117,182
2011-07-17 23:00:00,3,0,0,1,28.7,33.335,74,8.9981,40,50,90
2011-07-18 00:00:00,3,0,1,1,28.7,33.335,74,8.9981,22,26,48
2011-07-18 01:00:00,3,0,1,1,28.7,33.335,74,15.0013,16,8,24
2011-07-18 02:00:00,3,0,1,1,27.06,30.305,83,15.0013,0,8,8
2011-07-18 03:00:00,3,0,1,1,27.06,30.305,78,12.998,2,4,6
2011-07-18 04:00:00,3,0,1,1,26.24,29.545,78,11.0014,2,2,4
2011-07-18 05:00:00,3,0,1,1,26.24,29.545,78,7.0015,2,11,13
2011-07-18 06:00:00,3,0,1,1,26.24,28.79,83,7.0015,11,93,104
2011-07-18 07:00:00,3,0,1,1,27.88,31.82,74,15.0013,21,252,273
2011-07-18 08:00:00,3,0,1,1,28.7,32.575,70,12.998,18,329,347
2011-07-18 09:00:00,3,0,1,1,30.34,34.85,67,15.0013,33,173,206
2011-07-18 10:00:00,3,0,1,1,31.16,35.605,62,12.998,51,72,123
2011-07-18 11:00:00,3,0,1,1,32.8,37.88,55,6.0032,43,99,142
2011-07-18 12:00:00,3,0,1,1,32.8,38.635,59,12.998,39,129,168
2011-07-18 13:00:00,3,0,1,1,33.62,39.395,56,16.9979,27,126,153
2011-07-18 14:00:00,3,0,1,1,33.62,39.395,56,22.0028,31,101,132
2011-07-18 15:00:00,3,0,1,1,34.44,40.15,53,22.0028,53,105,158
2011-07-18 16:00:00,3,0,1,1,34.44,40.15,53,19.0012,44,219,263
2011-07-18 17:00:00,3,0,1,1,34.44,39.395,49,22.0028,71,470,541
2011-07-18 18:00:00,3,0,1,1,33.62,38.635,49,23.9994,79,481,560
2011-07-18 19:00:00,3,0,1,1,32.8,37.88,55,15.0013,61,335,396
2011-07-18 20:00:00,3,0,1,1,31.98,37.12,59,15.0013,93,237,330
2011-07-18 21:00:00,3,0,1,1,30.34,34.85,66,12.998,48,157,205
2011-07-18 22:00:00,3,0,1,1,31.16,36.365,66,15.0013,37,100,137
2011-07-18 23:00:00,3,0,1,1,30.34,34.85,66,11.0014,32,56,88
2011-07-19 00:00:00,3,0,1,1,30.34,34.85,66,7.0015,22,24,46
2011-07-19 01:00:00,3,0,1,2,30.34,34.85,66,8.9981,6,3,9
2011-07-19 02:00:00,3,0,1,1,29.52,34.09,70,11.0014,7,0,7
2011-07-19 03:00:00,3,0,1,1,29.52,34.09,70,11.0014,1,4,5
2011-07-19 04:00:00,3,0,1,1,29.52,34.09,70,8.9981,1,3,4
2011-07-19 05:00:00,3,0,1,2,28.7,33.335,74,7.0015,0,15,15
2011-07-19 06:00:00,3,0,1,2,29.52,34.85,74,7.0015,6,124,130
2011-07-19 07:00:00,3,0,1,2,30.34,34.85,70,11.0014,27,283,310
2011-07-19 08:00:00,3,0,1,2,31.16,36.365,70,11.0014,31,379,410
2011-07-19 09:00:00,3,0,1,2,32.8,39.395,63,8.9981,21,178,199
2011-07-19 10:00:00,3,0,1,2,33.62,39.395,56,11.0014,28,107,135
2011-07-19 11:00:00,3,0,1,1,33.62,40.15,59,0.0,28,99,127
2011-07-19 12:00:00,3,0,1,1,34.44,40.91,56,6.0032,26,129,155
2011-07-19 13:00:00,3,0,1,1,35.26,41.665,53,7.0015,32,145,177
2011-07-19 14:00:00,3,0,1,1,35.26,40.91,50,12.998,42,109,151
2011-07-19 15:00:00,3,0,1,1,36.08,40.91,44,12.998,48,111,159
2011-07-19 16:00:00,3,0,1,1,36.9,42.425,42,19.9995,60,215,275
2011-07-19 17:00:00,3,0,1,1,32.8,40.15,66,0.0,68,448,516
2011-07-19 18:00:00,3,0,1,1,32.8,40.15,66,8.9981,78,453,531
2011-07-19 19:00:00,3,0,1,1,31.16,37.12,75,12.998,52,331,383
2011-07-19 20:00:00,3,0,1,1,30.34,36.365,74,6.0032,47,229,276
2011-07-19 21:00:00,3,0,1,1,30.34,35.605,74,8.9981,46,194,240
2011-07-19 22:00:00,3,0,1,1,30.34,35.605,74,0.0,36,121,157
2011-07-19 23:00:00,3,0,1,3,29.52,34.85,79,11.0014,18,71,89
2011-08-01 00:00:00,3,0,1,1,29.52,34.09,70,15.0013,6,25,31
2011-08-01 01:00:00,3,0,1,1,29.52,34.85,74,12.998,4,8,12
2011-08-01 02:00:00,3,0,1,1,28.7,33.335,74,7.0015,2,10,12
2011-08-01 03:00:00,3,0,1,1,28.7,33.335,79,11.0014,0,11,11
2011-08-01 04:00:00,3,0,1,1,27.06,30.305,83,8.9981,2,6,8
2011-08-01 05:00:00,3,0,1,1,27.06,30.305,83,7.0015,1,18,19
2011-08-01 06:00:00,3,0,1,1,27.06,30.305,83,6.0032,4,96,100
2011-08-01 07:00:00,3,0,1,1,30.34,34.09,62,0.0,22,263,285
2011-08-01 08:00:00,3,0,1,1,32.8,36.365,43,12.998,35,347,382
2011-08-01 09:00:00,3,0,1,1,33.62,37.12,41,0.0,27,138,165
2011-08-01 10:00:00,3,0,1,1,35.26,37.88,36,11.0014,27,68,95
2011-08-01 11:00:00,3,0,1,1,36.08,38.635,32,11.0014,54,71,125
2011-08-01 12:00:00,3,0,1,1,36.9,40.15,33,16.9979,52,116,168
2011-08-01 13:00:00,3,0,1,1,36.9,40.15,31,19.9995,38,111,149
2011-08-01 14:00:00,3,0,1,1,37.72,40.91,29,12.998,36,86,122
2011-08-01 15:00:00,3,0,1,1,36.9,39.395,27,0.0,52,75,127
2011-08-01 16:00:00,3,0,1,1,36.9,39.395,27,0.0,34,191,225
2011-08-01 17:00:00,3,0,1,1,31.16,34.09,45,19.9995,67,442,509
2011-08-01 18:00:00,3,0,1,1,31.98,34.85,43,12.998,66,472,538
2011-08-01 19:00:00,3,0,1,1,30.34,33.335,51,15.0013,65,348,413
2011-08-01 20:00:00,3,0,1,1,29.52,34.09,62,15.0013,49,258,307
2011-08-01 21:00:00,3,0,1,1,28.7,32.575,70,16.9979,40,178,218
2011-08-01 22:00:00,3,0,1,1,28.7,32.575,70,6.0032,22,119,141
2011-08-01 23:00:00,3,0,1,1,27.88,31.82,74,12.998,12,84,96
2011-08-02 00:00:00,3,0,1,1,27.06,31.06,74,0.0,10,15,25
2011-08-02 01:00:00,3,0,1,1,27.06,31.06,74,7.0015,3,8,11
2011-08-02 02:00:00,3,0,1,1,27.88,31.82,69,0.0,0,5,5
2011-08-02 03:00:00,3,0,1,1,27.06,31.06,74,12.998,0,3,3
2011-08-02 04:00:00,3,0,1,1,27.06,31.06,74,7.0015,0,4,4
2011-08-02 05:00:00,3,0,1,1,27.06,31.06,74,8.9981,4,19,23
2011-08-02 06:00:00,3,0,1,1,27.88,31.82,69,7.0015,12,101,113
2011-08-02 07:00:00,3,0,1,1,29.52,33.335,61,19.0012,14,317,331
2011-08-02 08:00:00,3,0,1,1,30.34,34.09,58,19.0012,37,401,438
2011-08-02 09:00:00,3,0,1,1,31.98,34.85,46,19.9995,29,182,211
2011-08-02 10:00:00,3,0,1,1,33.62,36.365,36,19.9995,49,87,136
2011-08-02 11:00:00,3,0,1,1,34.44,36.365,32,27.9993,31,95,126
2011-08-02 12:00:00,3,0,1,1,35.26,37.12,30,19.0012,44,107,151
2011-08-02 13:00:00,3,0,1,1,35.26,37.12,30,15.0013,49,155,204
2011-08-02 14:00:00,3,0,1,1,36.9,38.635,25,19.0012,44,112,156
2011-08-02 15:00:00,3,0,1,1,36.9,38.635,25,19.0012,45,117,162
2011-08-02 16:00:00,3,0,1,1,36.9,38.635,25,19.0012,57,210,267
2011-08-02 17:00:00,3,0,1,2,36.9,39.395,27,8.9981,62,494,556
2011-08-02 18:00:00,3,0,1,2,35.26,37.88,34,12.998,66,492,558
2011-08-02 19:00:00,3,0,1,2,35.26,37.88,36,15.0013,85,368,453
2011-08-02 20:00:00,3,0,1,2,33.62,37.88,46,16.9979,39,242,281
2011-08-02 21:00:00,3,0,1,1,32.8,37.12,52,15.0013,53,201,254
2011-08-02 22:00:00,3,0,1,2,31.98,37.12,59,11.0014,22,165,187
2011-08-02 23:00:00,3,0,1,2,32.8,37.12,49,11.0014,27,99,126
2011-08-03 00:00:00,3,0,1,2,32.8,37.12,49,11.0014,10,28,38
2011-08-03 01:00:00,3,0,1,2,31.98,35.605,52,11.0014,6,7,13
2011-08-03 02:00:00,3,0,1,2,31.98,35.605,49,11.0014,1,14,15
2011-08-03 03:00:00,3,0,1,2,31.16,34.85,55,6.0032,0,3,3
2011-08-03 04:00:00,3,0,1,2,31.16,34.85,52,11.0014,0,6,6
2011-08-03 05:00:00,3,0,1,2,31.16,34.85,55,6.0032,1,20,21
2011-08-03 06:00:00,3,0,1,3,29.52,34.09,66,32.9975,8,99,107
2011-08-03 07:00:00,3,0,1,2,30.34,33.335,51,15.0013,18,250,268
2011-08-03 08:00:00,3,0,1,2,30.34,33.335,51,11.0014,28,409,437
2011-08-03 09:00:00,3,0,1,2,30.34,34.09,55,12.998,24,175,199
2011-08-03 10:00:00,3,0,1,3,30.34,34.09,58,6.0032,8,59,67
2011-08-03 11:00:00,3,0,1,2,30.34,34.09,58,7.0015,30,95,125
2011-08-03 12:00:00,3,0,1,3,31.16,34.85,55,8.9981,17,143,160
2011-08-03 13:00:00,3,0,1,2,31.16,35.605,58,15.0013,37,111,148
2011-08-03 14:00:00,3,0,1,2,31.16,35.605,58,15.0013,42,101,143
2011-08-03 15:00:00,3,0,1,2,28.7,33.335,79,8.9981,28,90,118
2011-08-03 16:00:00,3,0,1,3,27.88,31.82,79,0.0,20,127,147
2011-08-03 17:00:00,3,0,1,2,28.7,33.335,79,0.0,45,379,424
2011-08-03 18:00:00,3,0,1,3,28.7,33.335,84,0.0,49,449,498
2011-08-03 19:00:00,3,0,1,3,28.7,33.335,84,0.0,51,268,319
2011-08-03 20:00:00,3,0,1,3,28.7,33.335,84,7.0015,7,80,87
2011-08-03 21:00:00,3,0,1,2,27.88,31.82,89,8.9981,7,75,82
2011-08-03 22:00:00,3,0,1,3,27.88,31.82,89,7.0015,9,68,77
2011-08-03 23:00:00,3,0,1,2,27.88,31.82,89,6.0032,5,57,62
2011-08-04 00:00:00,3,0,1,2,27.88,31.82,89,6.0032,3,13,16
2011-08-04 01:00:00,3,0,1,2,27.06,29.545,94,6.0032,2,11,13
2011-08-04 02:00:00,3,0,1,2,27.06,29.545,94,6.0032,0,10,10
2011-08-04 03:00:00,3,0,1,3,27.06,29.545,94,6.0032,0,3,3
2011-08-04 04:00:00,3,0,1,2,27.88,31.82,89,0.0,-1,3,2
2011-08-04 05:00:00,3,0,1,2,27.88,31.82,89,0.0,4,17,21
2011-08-04 06:00:00,3,0,1,2,27.88,31.82,89,19.9995,7,87,94
2011-08-04 07:00:00,3,0,1,2,27.88,31.82,89,19.9995,11,273,284
2011-08-04 08:00:00,3,0,1,2,28.7,32.575,82,23.9994,29,369,398
2011-08-04 09:00:00,3,0,1,1,29.52,34.85,74,22.0028,24,164,188
2011-08-04 10:00:00,3,0,1,1,29.52,33.335,71,19.9995,24,85,109
2011-08-04 11:00:00,3,0,1,2,30.34,34.85,66,15.0013,37,113,150
2011-08-04 12:00:00,3,0,1,2,31.16,35.605,62,15.0013,55,154,209
2011-08-04 13:00:00,3,0,1,1,31.16,35.605,58,0.0,63,142,205
2011-08-04 14:00:00,3,0,1,1,32.8,37.88,55,11.0014,53,114,167
2011-08-04 15:00:00,3,0,1,1,32.8,37.88,55,16.9979,49,113,162
2011-08-04 16:00:00,3,0,1,1,31.16,35.605,62,22.0028,69,220,289
2011-08-04 17:00:00,3,0,1,1,31.16,35.605,62,22.0028,89,464,553
2011-08-04 18:00:00,3,0,1,1,28.7,33.335,74,19.9995,86,430,516
2011-08-04 19:00:00,3,0,1,1,28.7,33.335,74,19.0012,65,298,363
2011-08-04 20:00:00,3,0,1,2,28.7,33.335,74,12.998,39,247,286
2011-08-04 21:00:00,3,0,1,2,28.7,33.335,74,12.998,26,180,206
2011-08-04 22:00:00,3,0,1,1,27.88,31.82,74,12.998,33,142,175
2011-08-04 23:00:00,3,0,1,1,27.06,31.06,74,7.0015,22,108,130
2011-08-05 00:00:00,3,0,1,1,27.06,31.06,74,7.0015,12,41,53
2011-08-05 01:00:00,3,0,1,1,26.24,29.545,78,6.0032,2,18,20
2011-08-05 02:00:00,3,0,1,1,27.06,31.06,69,0.0,3,19,22
2011-08-05 03:00:00,3,0,1,1,26.24,29.545,78,6.0032,0,7,7
2011-08-05 04:00:00,3,0,1,1,26.24,29.545,78,8.9981,1,3,4
2011-08-05 05:00:00,3,0,1,1,26.24,29.545,78,6.0032,1,19,20
2011-08-05 06:00:00,3,0,1,1,26.24,29.545,78,8.9981,8,92,100
2011-08-05 07:00:00,3,0,1,1,27.06,30.305,78,8.9981,24,248,272
2011-08-05 08:00:00,3,0,1,1,28.7,32.575,65,15.0013,39,418,457
2011-08-05 09:00:00,3,0,1,1,29.52,33.335,58,7.0015,42,188,230
2011-08-05 10:00:00,3,0,1,1,30.34,34.09,55,8.9981,51,110,161
2011-08-05 11:00:00,3,0,1,2,31.16,34.85,52,16.9979,42,95,137
2011-08-05 12:00:00,3,0,1,1,31.16,34.85,52,16.9979,56,157,213
2011-08-05 13:00:00,3,0,1,1,31.98,35.605,52,16.9979,38,167,205
2011-08-05 14:00:00,3,0,1,2,31.98,35.605,52,16.9979,80,166,246
2011-08-05 15:00:00,3,0,1,1,31.16,34.85,55,16.9979,50,152,202
2011-08-05 16:00:00,3,0,1,1,32.8,37.12,49,16.9979,77,255,332
2011-08-05 17:00:00,3,0,1,1,31.98,35.605,49,19.9995,84,473,557
2011-08-05 18:00:00,3,0,1,1,31.16,34.85,52,16.9979,104,361,465
2011-08-05 19:00:00,3,0,1,1,30.34,34.09,55,16.9979,89,282,371
2011-08-05 20:00:00,3,0,1,1,29.52,33.335,58,15.0013,69,224,293
2011-08-05 21:00:00,3,0,1,1,28.7,32.575,65,12.998,52,113,165
2011-08-05 22:00:00,3,0,1,1,28.7,32.575,65,15.0013,50,136,186
2011-08-05 23:00:00,3,0,1,1,27.88,31.82,69,15.0013,36,102,138
2011-08-06 00:00:00,3,0,0,1,27.06,30.305,78,12.998,28,104,132
2011-08-06 01:00:00,3,0,0,1,27.06,30.305,78,11.0014,16,51,67
2011-08-06 02:00:00,3,0,0,1,27.06,30.305,78,15.0013,15,36,51
2011-08-06 03:00:00,3,0,0,2,27.06,30.305,78,11.0014,12,26,38
2011-08-06 04:00:00,3,0,0,2,27.06,30.305,83,11.0014,4,0,4
2011-08-06 05:00:00,3,0,0,1,26.24,28.79,89,6.0032,2,4,6
2011-08-06 06:00:00,3,0,0,1,26.24,28.79,89,7.0015,4,21,25
2011-08-06 07:00:00,3,0,0,1,27.88,31.82,83,11.0014,12,49,61
2011-08-06 08:00:00,3,0,0,1,27.88,31.82,83,11.0014,25,90,115
2011-08-06 09:00:00,3,0,0,1,30.34,34.85,70,15.0013,60,154,214
2011-08-06 10:00:00,3,0,0,2,30.34,34.85,70,19.0012,91,197,288
2011-08-06 11:00:00,3,0,0,1,31.98,37.12,62,15.0013,139,215,354
2011-08-06 12:00:00,3,0,0,1,32.8,37.88,55,15.0013,128,250,378
2011-08-06 13:00:00,3,0,0,2,32.8,38.635,59,22.0028,177,272,449
2011-08-06 14:00:00,3,0,0,1,33.62,38.635,52,16.9979,174,201,375
2011-08-06 15:00:00,3,0,0,2,34.44,40.15,53,16.9979,131,226,357
2011-08-06 16:00:00,3,0,0,3,30.34,35.605,79,11.0014,153,188,341
2011-08-06 17:00:00,3,0,0,3,30.34,35.605,79,11.0014,60,86,146
2011-08-06 18:00:00,3,0,0,2,29.52,34.85,79,30.0026,81,132,213
2011-08-06 19:00:00,3,0,0,3,29.52,35.605,84,16.9979,58,115,173
2011-08-06 20:00:00,3,0,0,3,29.52,34.85,79,19.0012,57,77,134
2011-08-06 21:00:00,3,0,0,2,28.7,33.335,84,22.0028,29,84,113
2011-08-06 22:00:00,3,0,0,2,28.7,33.335,84,22.0028,23,88,111
2011-08-06 23:00:00,3,0,0,3,28.7,33.335,84,19.0012,28,79,107
2011-08-07 00:00:00,3,0,0,2,28.7,33.335,84,19.0012,15,69,84
2011-08-07 01:00:00,3,0,0,2,28.7,33.335,84,16.9979,9,63,72
2011-08-07 02:00:00,3,0,0,2,28.7,33.335,84,15.0013,18,42,60
2011-08-07 03:00:00,3,0,0,2,28.7,33.335,84,8.9981,9,27,36
2011-08-07 04:00:00,3,0,0,1,28.7,33.335,84,8.9981,0,1,1
2011-08-07 05:00:00,3,0,0,1,28.7,33.335,89,12.998,0,-4,-4
2011-08-07 06:00:00,3,0,0,1,28.7,33.335,89,11.0014,3,11,14
2011-08-07 07:00:00,3,0,0,1,28.7,33.335,84,12.998,12,33,45
2011-08-07 08:00:00,3,0,0,1,29.52,34.85,79,12.998,23,64,87
2011-08-07 09:00:00,3,0,0,1,31.16,37.12,75,7.0015,81,103,184
2011-08-07 10:00:00,3,0,0,1,32.8,40.15,66,8.9981,90,176,266
2011-08-07 11:00:00,3,0,0,1,33.62,41.665,63,0.0,113,157,270
2011-08-07 12:00:00,3,0,0,1,36.9,42.425,42,19.9995,162,210,372
2011-08-07 13:00:00,3,0,0,1,36.9,42.425,42,19.9995,118,202,320
2011-08-07 14:00:00,3,0,0,1,35.26,40.15,47,12.998,130,187,317
2011-08-07 15:00:00,3,0,0,3,29.52,34.85,74,19.9995,116,206,322
2011-08-07 16:00:00,3,0,0,3,29.52,34.85,74,19.9995,75,116,191
2011-08-07 17:00:00,3,0,0,3,30.34,35.605,74,43.0006,61,127,188
2011-08-07 18:00:00,3,0,0,1,29.52,34.85,74,6.0032,75,153,228
2011-08-07 19:00:00,3,0,0,1,29.52,34.85,79,11.0014,68,161,229
2011-08-07 20:00:00,3,0,0,1,29.52,35.605,84,8.9981,49,133,182
2011-08-07 21:00:00,3,0,0,1,29.52,35.605,84,7.0015,36,105,141
2011-08-07 22:00:00,3,0,0,1,28.7,33.335,89,12.998,20,83,103
2011-08-07 23:00:00,3,0,0,1,28.7,33.335,79,7.0015,13,43,56
2011-08-08 00:00:00,3,0,1,1,28.7,33.335,79,7.0015,13,15,28
2011-08-08 01:00:00,3,0,1,1,27.88,31.82,83,8.9981,3,11,14
2011-08-08 02:00:00,3,0,1,1,27.06,29.545,89,0.0,5,5,10
2011-08-08 03:00:00,3,0,1,1,27.06,29.545,89,0.0,1,-1,0
2011-08-08 04:00:00,3,0,1,1,27.06,29.545,89,7.0015,0,5,5
2011-08-08 05:00:00,3,0,1,1,28.7,33.335,79,6.0032,0,12,12
2011-08-08 06:00:00,3,0,1,1,28.7,32.575,65,19.0012,8,85,93
2011-08-08 07:00:00,3,0,1,1,29.52,34.09,62,19.9995,19,249,268
2011-08-08 08:00:00,3,0,1,1,30.34,34.09,58,22.0028,28,325,353
2011-08-08 09:00:00,3,0,1,1,31.16,34.85,55,26.0027,36,149,185
2011-08-08 10:00:00,3,0,1,1,32.8,37.12,52,26.0027,59,59,118
2011-08-08 11:00:00,3,0,1,1,33.62,37.12,48,23.9994,91,90,181
2011-08-08 12:00:00,3,0,1,1,33.62,37.88,46,16.9979,48,134,182
2011-08-08 13:00:00,3,0,1,1,34.44,37.88,44,19.9995,43,113,156
2011-08-08 14:00:00,3,0,1,1,33.62,37.12,43,19.9995,40,107,147
2011-08-08 15:00:00,3,0,1,1,34.44,37.88,41,19.9995,38,86,124
2011-08-08 16:00:00,3,0,1,1,35.26,38.635,39,19.0012,65,215,280
2011-08-08 17:00:00,3,0,1,1,35.26,38.635,39,11.0014,67,457,524
2011-08-08 18:00:00,3,0,1,1,34.44,37.88,41,8.9981,63,465,528
2011-08-08 19:00:00,3,0,1,1,33.62,37.12,43,7.0015,63,355,418
2011-08-08 20:00:00,3,0,1,1,32.8,37.88,55,0.0,69,212,281
2011-08-08 21:00:00,3,0,1,1,31.16,35.605,58,6.0032,28,150,178
2011-08-08 22:00:00,3,0,1,1,31.16,35.605,58,7.0015,26,125,151
2011-08-08 23:00:00,3,0,1,1,30.34,34.85,66,7.0015,19,50,69
2011-08-09 00:00:00,3,0,1,1,29.52,34.85,79,8.9981,10,33,43
2011-08-09 01:00:00,3,0,1,1,29.52,34.09,66,0.0,4,12,16
2011-08-09 02:00:00,3,0,1,1,29.52,34.09,70,0.0,6,8,14
2011-08-09 03:00:00,3,0,1,1,29.52,34.09,62,0.0,-1,1,0
2011-08-09 04:00:00,3,0,1,1,28.7,33.335,74,0.0,1,5,6
2011-08-09 05:00:00,3,0,1,1,28.7,32.575,65,6.0032,4,23,27
2011-08-09 06:00:00,3,0,1,1,29.52,33.335,64,0.0,5,95,100
2011-08-09 07:00:00,3,0,1,1,29.52,34.85,74,7.0015,28,309,337
2011-08-09 08:00:00,3,0,1,1,30.34,34.85,66,0.0,41,350,391
2011-08-09 09:00:00,3,0,1,2,31.98,37.12,62,8.9981,33,139,172
2011-08-09 10:00:00,3,0,1,2,32.8,38.635,59,15.0013,55,91,146
2011-08-09 11:00:00,3,0,1,1,32.8,38.635,59,15.0013,60,87,147
2011-08-09 12:00:00,3,0,1,1,33.62,39.395,56,12.998,60,131,191
2011-08-09 13:00:00,3,0,1,1,34.44,39.395,49,11.0014,46,121,167
2011-08-09 14:00:00,3,0,1,1,35.26,39.395,44,19.0012,53,97,150
2011-08-09 15:00:00,3,0,1,1,35.26,38.635,39,19.0012,59,105,164
2011-08-09 16:00:00,3,0,1,1,35.26,38.635,39,19.9995,56,227,283
2011-08-09 17:00:00,3,0,1,1,32.8,37.88,55,11.0014,78,451,529
2011-08-09 18:00:00,3,0,1,1,32.8,37.88,55,12.998,96,488,584
2011-08-09 19:00:00,3,0,1,1,32.8,37.12,49,7.0015,68,305,373
2011-08-09 20:00:00,3,0,1,1,32.8,36.365,43,12.998,33,259,292
2011-08-09 21:00:00,3,0,1,1,31.98,34.85,46,16.9979,46,187,233
2011-08-09 22:00:00,3,0,1,1,31.98,34.85,46,19.9995,27,129,156
2011-08-09 23:00:00,3,0,1,1,31.16,34.09,48,19.0012,23,55,78
2011-08-10 00:00:00,3,0,1,1,30.34,33.335,51,15.0013,19,21,40
2011-08-10 01:00:00,3,0,1,1,29.52,33.335,54,12.998,7,13,20
2011-08-10 02:00:00,3,0,1,1,29.52,33.335,54,11.0014,0,8,8
2011-08-10 03:00:00,3,0,1,1,28.7,32.575,58,11.0014,0,0,0
2011-08-10 04:00:00,3,0,1,1,28.7,32.575,54,8.9981,0,3,3
2011-08-10 05:00:00,3,0,1,1,27.88,31.82,61,6.0032,2,28,30
2011-08-10 06:00:00,3,0,1,1,27.88,31.82,61,0.0,8,112,120
2011-08-10 07:00:00,3,0,1,1,28.7,32.575,58,6.0032,15,293,308
2011-08-10 08:00:00,3,0,1,1,30.34,33.335,51,12.998,37,358,395
2011-08-10 09:00:00,3,0,1,1,31.16,34.09,48,15.0013,31,146,177
2011-08-10 10:00:00,3,0,1,1,32.8,36.365,43,15.0013,41,76,117
2011-08-10 11:00:00,3,0,1,1,32.8,35.605,41,26.0027,54,93,147
2011-08-10 12:00:00,3,0,1,1,33.62,36.365,38,19.9995,74,165,239
2011-08-10 13:00:00,3,0,1,1,33.62,36.365,38,19.0012,40,146,186
2011-08-10 14:00:00,3,0,1,1,34.44,36.365,34,22.0028,61,121,182
2011-08-10 15:00:00,3,0,1,1,35.26,37.12,30,22.0028,51,137,188
2011-08-10 16:00:00,3,0,1,1,35.26,37.12,26,19.9995,76,202,278
2011-08-10 17:00:00,3,0,1,1,34.44,35.605,26,19.9995,71,514,585
2011-08-10 18:00:00,3,0,1,1,33.62,35.605,28,19.9995,69,490,559
2011-08-10 19:00:00,3,0,1,1,32.8,34.85,26,16.9979,79,330,409
2011-08-10 20:00:00,3,0,1,1,31.16,33.335,31,8.9981,59,253,312
2011-08-10 21:00:00,3,0,1,1,31.16,33.335,33,7.0015,48,158,206
2011-08-10 22:00:00,3,0,1,1,30.34,32.575,37,0.0,18,121,139
2011-08-10 23:00:00,3,0,1,1,30.34,32.575,37,6.0032,14,89,103
2011-08-11 00:00:00,3,0,1,1,28.7,31.82,45,7.0015,5,41,46
2011-08-11 01:00:00,3,0,1,1,28.7,31.82,45,8.9981,11,17,28
2011-08-11 02:00:00,3,0,1,1,27.06,31.06,54,8.9981,3,6,9
2011-08-11 03:00:00,3,0,1,1,26.24,31.06,57,8.9981,1,8,9
2011-08-11 04:00:00,3,0,1,1,26.24,31.06,57,11.0014,1,6,7
2011-08-11 05:00:00,3,0,1,1,26.24,31.06,61,12.998,4,26,30
2011-08-11 06:00:00,3,0,1,1,25.42,30.305,65,11.0014,4,103,107
2011-08-11 07:00:00,3,0,1,1,27.06,31.06,54,8.9981,14,287,301
2011-08-11 08:00:00,3,0,1,1,28.7,31.82,45,11.0014,29,357,386
2011-08-11 09:00:00,3,0,1,1,29.52,32.575,39,15.0013,31,169,200
2011-08-11 10:00:00,3,0,1,1,30.34,32.575,37,16.9979,36,93,129
2011-08-11 11:00:00,3,0,1,1,31.16,33.335,35,16.9979,58,134,192
2011-08-11 12:00:00,3,0,1,1,31.98,34.09,31,16.9979,49,161,210
2011-08-11 13:00:00,3,0,1,1,31.16,33.335,31,15.0013,52,162,214
2011-08-11 14:00:00,3,0,1,1,32.8,34.85,29,0.0,39,103,142
2011-08-11 15:00:00,3,0,1,1,32.8,34.85,29,19.9995,52,123,175
2011-08-11 16:00:00,3,0,1,1,32.8,34.85,27,12.998,55,241,296
2011-08-11 17:00:00,3,0,1,1,32.8,34.85,29,16.9979,95,484,579
2011-08-11 18:00:00,3,0,1,1,31.98,34.09,29,6.0032,73,498,571
2011-08-11 19:00:00,3,0,1,1,30.34,32.575,35,12.998,47,321,368
2011-08-11 20:00:00,3,0,1,1,29.52,32.575,37,8.9981,57,234,291
2011-08-11 21:00:00,3,0,1,1,28.7,32.575,48,6.0032,34,172,206
2011-08-11 22:00:00,3,0,1,1,28.7,32.575,48,0.0,33,124,157
2011-08-11 23:00:00,3,0,1,1,27.06,31.06,50,11.0014,22,105,127
2011-08-12 00:00:00,3,0,1,1,26.24,31.06,53,11.0014,11,53,64
2011-08-12 01:00:00,3,0,1,1,26.24,31.06,53,8.9981,3,23,26
2011-08-12 02:00:00,3,0,1,1,25.42,31.06,57,12.998,0,11,11
2011-08-12 03:00:00,3,0,1,1,25.42,31.06,53,11.0014,1,10,11
2011-08-12 04:00:00,3,0,1,1,25.42,31.06,53,8.9981,0,5,5
2011-08-12 05:00:00,3,0,1,1,24.6,31.06,56,8.9981,2,31,33
2011-08-12 06:00:00,3,0,1,1,25.42,31.06,50,8.9981,1,74,75
2011-08-12 07:00:00,3,0,1,1,26.24,31.06,44,11.0014,16,245,261
2011-08-12 08:00:00,3,0,1,1,27.88,31.82,39,15.0013,29,398,427
2011-08-12 09:00:00,3,0,1,1,29.52,32.575,34,8.9981,26,174,200
2011-08-12 10:00:00,3,0,1,1,30.34,32.575,33,7.0015,44,83,127
2011-08-12 11:00:00,3,0,1,1,31.16,33.335,29,0.0,46,111,157
2011-08-12 12:00:00,3,0,1,1,32.8,34.85,27,0.0,54,164,218
2011-08-12 13:00:00,3,0,1,1,31.98,34.09,29,6.0032,73,180,253
2011-08-12 14:00:00,3,0,1,1,32.8,34.85,29,12.998,52,137,189
2011-08-12 15:00:00,3,0,1,1,32.8,34.85,29,11.0014,60,195,255
2011-08-12 16:00:00,3,0,1,1,33.62,35.605,28,0.0,67,267,334
2011-08-12 17:00:00,3,0,1,1,33.62,35.605,26,0.0,94,423,517
2011-08-12 18:00:00,3,0,1,1,31.16,34.09,40,19.9995,90,377,467
2011-08-12 19:00:00,3,0,1,1,30.34,33.335,42,15.0013,101,287,388
2011-08-12 20:00:00,3,0,1,1,29.52,32.575,42,15.0013,77,206,283
2011-08-12 21:00:00,3,0,1,1,28.7,32.575,48,8.9981,73,152,225
2011-08-12 22:00:00,3,0,1,1,27.88,31.82,51,0.0,74,157,231
2011-08-12 23:00:00,3,0,1,1,27.88,31.82,51,0.0,50,96,146
2011-08-13 00:00:00,3,0,0,1,27.88,31.82,51,7.0015,15,69,84
2011-08-13 01:00:00,3,0,0,2,27.88,31.82,57,6.0032,11,66,77
2011-08-13 02:00:00,3,0,0,1,27.88,31.82,57,0.0,15,61,76
2011-08-13 03:00:00,3,0,0,1,27.06,31.06,65,8.9981,9,18,27
2011-08-13 04:00:00,3,0,0,2,26.24,30.305,73,8.9981,4,2,6
2011-08-13 05:00:00,3,0,0,1,26.24,30.305,73,7.0015,3,17,20
2011-08-13 06:00:00,3,0,0,1,26.24,30.305,73,6.0032,3,16,19
2011-08-13 07:00:00,3,0,0,2,27.06,31.06,74,12.998,10,29,39
2011-08-13 08:00:00,3,0,0,2,28.7,32.575,65,11.0014,28,93,121
2011-08-13 09:00:00,3,0,0,2,28.7,33.335,74,11.0014,70,135,205
2011-08-13 10:00:00,3,0,0,2,29.52,34.85,74,15.0013,95,162,257
2011-08-13 11:00:00,3,0,0,2,30.34,34.85,70,12.998,120,189,309
2011-08-13 12:00:00,3,0,0,2,27.06,29.545,89,11.0014,175,242,417
2011-08-13 13:00:00,3,0,0,2,30.34,35.605,74,22.0028,60,88,148
2011-08-13 14:00:00,3,0,0,1,30.34,34.85,70,16.9979,113,139,252
2011-08-13 15:00:00,3,0,0,3,27.88,31.82,79,23.9994,150,209,359
2011-08-13 16:00:00,3,0,0,2,28.7,33.335,74,19.0012,147,131,278
2011-08-13 17:00:00,3,0,0,2,29.52,34.85,74,16.9979,96,169,265
2011-08-13 18:00:00,3,0,0,1,28.7,33.335,74,15.0013,123,167,290
2011-08-13 19:00:00,3,0,0,2,27.88,31.82,79,19.0012,68,172,240
2011-08-13 20:00:00,3,0,0,2,27.88,31.82,83,15.0013,79,106,185
2011-08-13 21:00:00,3,0,0,2,27.88,31.82,83,26.0027,40,123,163
2011-08-13 22:00:00,3,0,0,2,27.88,31.82,83,26.0027,35,117,152
2011-08-13 23:00:00,3,0,0,2,27.06,30.305,83,22.0028,23,92,115
2011-08-14 00:00:00,3,0,0,3,27.06,30.305,83,19.9995,18,68,86
2011-08-14 01:00:00,3,0,0,3,26.24,28.79,89,15.0013,17,55,72
2011-08-14 02:00:00,3,0,0,3,26.24,28.79,89,15.0013,13,46,59
2011-08-14 03:00:00,3,0,0,2,26.24,28.03,94,16.9979,3,18,21
2011-08-14 04:00:00,3,0,0,3,26.24,28.03,94,12.998,0,0,0
2011-08-14 05:00:00,3,0,0,2,26.24,28.03,94,11.0014,0,9,9
2011-08-14 06:00:00,3,0,0,2,26.24,28.03,94,7.0015,2,9,11
2011-08-14 07:00:00,3,0,0,2,27.06,29.545,89,12.998,5,21,26
2011-08-14 08:00:00,3,0,0,2,27.06,29.545,89,19.0012,22,19,41
2011-08-14 09:00:00,3,0,0,3,27.06,29.545,89,19.0012,27,78,105
2011-08-14 10:00:00,3,0,0,1,28.7,33.335,79,15.0013,66,115,181
2011-08-14 11:00:00,3,0,0,1,28.7,33.335,79,12.998,81,113,194
2011-08-14 12:00:00,3,0,0,2,28.7,33.335,79,15.0013,96,185,281
2011-08-14 13:00:00,3,0,0,1,29.52,34.85,74,16.9979,144,235,379
2011-08-14 14:00:00,3,0,0,1,30.34,34.85,70,12.998,126,244,370
2011-08-14 15:00:00,3,0,0,1,30.34,34.85,66,12.998,128,202,330
2011-08-14 16:00:00,3,0,0,1,30.34,34.85,66,11.0014,116,179,295
2011-08-14 17:00:00,3,0,0,1,31.16,35.605,62,8.9981,133,197,330
2011-08-14 18:00:00,3,0,0,1,30.34,34.85,66,11.0014,124,221,345
2011-08-14 19:00:00,3,0,0,1,29.52,34.85,74,15.0013,74,186,260
2011-08-14 20:00:00,3,0,0,1,28.7,33.335,84,11.0014,67,121,188
2011-08-14 21:00:00,3,0,0,3,24.6,27.275,88,32.9975,52,100,152
2011-08-14 22:00:00,3,0,0,3,24.6,27.275,88,32.9975,14,22,36
2011-08-14 23:00:00,3,0,0,3,24.6,28.03,83,0.0,5,24,29
2011-08-15 00:00:00,3,0,1,3,24.6,27.275,88,6.0032,9,17,26
2011-08-15 01:00:00,3,0,1,2,24.6,27.275,88,8.9981,0,8,8
2011-08-15 02:00:00,3,0,1,2,24.6,28.03,83,0.0,0,4,4
2011-08-15 03:00:00,3,0,1,1,24.6,28.03,83,12.998,1,0,1
2011-08-15 04:00:00,3,0,1,1,24.6,28.03,83,8.9981,1,0,1
2011-08-15 05:00:00,3,0,1,2,24.6,27.275,88,12.998,1,11,12
2011-08-15 06:00:00,3,0,1,1,24.6,27.275,88,16.9979,3,85,88
2011-08-15 07:00:00,3,0,1,1,24.6,27.275,88,16.9979,7,254,261
2011-08-15 08:00:00,3,0,1,1,26.24,29.545,78,22.0028,27,326,353
2011-08-15 09:00:00,3,0,1,1,26.24,29.545,78,22.0028,53,170,223
2011-08-15 10:00:00,3,0,1,1,27.88,31.82,69,19.0012,53,85,138
2011-08-15 11:00:00,3,0,1,2,29.52,34.09,62,16.9979,40,114,154
2011-08-15 12:00:00,3,0,1,1,30.34,34.09,58,19.0012,62,113,175
2011-08-15 13:00:00,3,0,1,1,31.98,35.605,52,19.0012,51,137,188
2011-08-15 14:00:00,3,0,1,1,30.34,34.09,55,6.0032,55,88,143
2011-08-15 15:00:00,3,0,1,3,30.34,34.09,55,19.9995,47,134,181
2011-08-15 16:00:00,3,0,1,1,30.34,34.09,55,22.0028,57,227,284
2011-08-15 17:00:00,3,0,1,1,30.34,33.335,51,19.0012,60,468,528
2011-08-15 18:00:00,3,0,1,1,28.7,32.575,65,12.998,70,412,482
2011-08-15 19:00:00,3,0,1,1,28.7,32.575,65,0.0,54,344,398
2011-08-15 20:00:00,3,0,1,1,27.06,31.06,74,8.9981,43,241,284
2011-08-15 21:00:00,3,0,1,1,27.06,31.06,65,12.998,31,153,184
2011-08-15 22:00:00,3,0,1,1,27.06,31.06,69,16.9979,22,71,93
2011-08-15 23:00:00,3,0,1,1,26.24,30.305,69,15.0013,12,73,85
2011-08-16 00:00:00,3,0,1,1,26.24,30.305,69,7.0015,7,23,30
2011-08-16 01:00:00,3,0,1,1,26.24,30.305,69,11.0014,4,15,19
2011-08-16 02:00:00,3,0,1,1,25.42,29.545,73,15.0013,2,4,6
2011-08-16 03:00:00,3,0,1,1,25.42,29.545,73,15.0013,0,2,2
2011-08-16 04:00:00,3,0,1,1,26.24,30.305,69,19.9995,0,7,7
2011-08-16 05:00:00,3,0,1,1,25.42,29.545,73,19.0012,2,30,32
2011-08-16 06:00:00,3,0,1,1,25.42,29.545,73,22.0028,4,112,116
2011-08-16 07:00:00,3,0,1,1,26.24,30.305,69,16.9979,19,333,352
2011-08-16 08:00:00,3,0,1,1,28.7,32.575,58,30.0026,22,416,438
2011-08-16 09:00:00,3,0,1,1,27.88,31.82,61,19.0012,27,169,196
2011-08-16 10:00:00,3,0,1,1,28.7,32.575,58,26.0027,28,76,104
2011-08-16 11:00:00,3,0,1,1,30.34,33.335,51,15.0013,39,105,144
2011-08-16 12:00:00,3,0,1,1,31.16,34.09,48,22.0028,40,118,158
2011-08-16 13:00:00,3,0,1,1,31.16,34.09,48,19.9995,45,150,195
2011-08-16 14:00:00,3,0,1,1,31.16,34.09,45,27.9993,65,119,184
2011-08-16 15:00:00,3,0,1,1,32.8,35.605,41,19.9995,36,125,161
2011-08-16 16:00:00,3,0,1,1,32.8,35.605,41,15.0013,55,245,300
2011-08-16 17:00:00,3,0,1,1,31.16,34.09,45,22.0028,73,525,598
2011-08-16 18:00:00,3,0,1,1,31.16,34.09,45,15.0013,56,516,572
2011-08-16 19:00:00,3,0,1,1,30.34,33.335,48,12.998,55,322,377
2011-08-16 20:00:00,3,0,1,1,30.34,33.335,51,0.0,48,231,279
2011-08-16 21:00:00,3,0,1,1,29.52,33.335,54,0.0,39,182,221
2011-08-16 22:00:00,3,0,1,1,28.7,32.575,61,0.0,31,125,156
2011-08-16 23:00:00,3,0,1,1,27.06,31.06,65,8.9981,20,54,74
2011-08-17 00:00:00,3,0,1,1,27.06,31.06,69,6.0032,5,13,18
2011-08-17 01:00:00,3,0,1,1,26.24,30.305,73,11.0014,0,16,16
2011-08-17 02:00:00,3,0,1,1,27.06,31.06,69,0.0,-1,5,4
2011-08-17 03:00:00,3,0,1,1,26.24,29.545,78,0.0,0,5,5
2011-08-17 04:00:00,3,0,1,1,26.24,30.305,73,0.0,0,4,4
2011-08-17 05:00:00,3,0,1,1,26.24,30.305,73,0.0,0,28,28
2011-08-17 06:00:00,3,0,1,1,25.42,29.545,78,0.0,2,107,109
2011-08-17 07:00:00,3,0,1,1,27.06,31.06,65,6.0032,11,294,305
2011-08-17 08:00:00,3,0,1,1,28.7,32.575,54,11.0014,33,449,482
2011-08-17 09:00:00,3,0,1,1,30.34,33.335,48,6.0032,31,179,210
2011-08-17 10:00:00,3,0,1,1,31.16,34.09,43,6.0032,27,93,120
2011-08-17 11:00:00,3,0,1,1,31.98,34.85,43,7.0015,18,111,129
2011-08-17 12:00:00,3,0,1,1,32.8,36.365,43,19.0012,25,161,186
2011-08-17 13:00:00,3,0,1,1,32.8,35.605,41,12.998,37,136,173
2011-08-17 14:00:00,3,0,1,1,33.62,36.365,36,11.0014,54,146,200
2011-08-17 15:00:00,3,0,1,1,32.8,36.365,43,8.9981,41,120,161
2011-08-17 16:00:00,3,0,1,1,33.62,37.12,43,15.0013,62,234,296
2011-08-17 17:00:00,3,0,1,1,32.8,37.12,49,15.0013,45,509,554
2011-08-17 18:00:00,3,0,1,1,31.16,34.85,55,16.9979,85,469,554
2011-08-17 19:00:00,3,0,1,1,31.16,34.85,55,15.0013,48,301,349
2011-08-17 20:00:00,3,0,1,1,30.34,34.09,58,16.9979,36,245,281
2011-08-17 21:00:00,3,0,1,1,29.52,34.09,62,15.0013,35,191,226
2011-08-17 22:00:00,3,0,1,1,28.7,32.575,65,12.998,28,139,167
2011-08-17 23:00:00,3,0,1,1,28.7,32.575,65,19.0012,21,84,105
2011-08-18 00:00:00,3,0,1,1,27.88,31.82,65,8.9981,18,34,52
2011-08-18 01:00:00,3,0,1,2,27.06,31.06,65,11.0014,11,14,25
2011-08-18 02:00:00,3,0,1,1,27.06,31.06,65,15.0013,3,5,8
2011-08-18 03:00:00,3,0,1,1,27.06,31.06,69,19.0012,0,6,6
2011-08-18 04:00:00,3,0,1,1,26.24,30.305,73,15.0013,-1,9,8
2011-08-18 05:00:00,3,0,1,1,26.24,29.545,78,19.0012,0,28,28
2011-08-18 06:00:00,3,0,1,2,26.24,29.545,78,16.9979,6,97,103
2011-08-18 07:00:00,3,0,1,1,26.24,29.545,78,19.9995,18,288,306
2011-08-18 08:00:00,3,0,1,1,27.06,31.06,74,19.0012,26,397,423
2011-08-18 09:00:00,3,0,1,1,29.52,34.09,66,16.9979,42,182,224
2011-08-18 10:00:00,3,0,1,1,30.34,34.85,66,16.9979,35,93,128
2011-08-18 11:00:00,3,0,1,1,31.16,35.605,58,16.9979,43,101,144
2011-08-18 12:00:00,3,0,1,1,32.8,37.12,52,19.0012,33,137,170
2011-08-18 13:00:00,3,0,1,1,32.8,37.12,52,23.9994,33,152,185
2011-08-18 14:00:00,3,0,1,1,33.62,37.88,46,22.0028,66,114,180
2011-08-18 15:00:00,3,0,1,1,32.8,36.365,46,23.9994,54,118,172
2011-08-18 16:00:00,3,0,1,1,32.8,36.365,46,23.9994,51,198,249
2011-08-18 17:00:00,3,0,1,3,32.8,36.365,46,19.9995,43,362,405
2011-08-18 18:00:00,3,0,1,3,31.16,34.85,55,16.9979,47,229,276
2011-08-18 19:00:00,3,0,1,1,27.06,30.305,83,7.0015,25,116,141
2011-08-18 20:00:00,3,0,1,1,27.06,30.305,83,7.0015,26,142,168
2011-08-18 21:00:00,3,0,1,2,27.88,31.82,79,0.0,14,134,148
2011-08-18 22:00:00,3,0,1,2,28.7,33.335,74,7.0015,16,114,130
2011-08-18 23:00:00,3,0,1,2,28.7,33.335,74,8.9981,20,87,107
2011-08-19 00:00:00,3,0,1,3,27.88,31.82,69,12.998,8,48,56
2011-08-19 01:00:00,3,0,1,3,26.24,28.79,89,0.0,1,19,20
2011-08-19 02:00:00,3,0,1,3,26.24,28.79,83,0.0,0,10,10
2011-08-19 03:00:00,3,0,1,1,26.24,29.545,78,0.0,3,3,6
2011-08-19 04:00:00,3,0,1,1,26.24,28.79,83,0.0,1,3,4
2011-08-19 05:00:00,3,0,1,1,26.24,28.79,83,0.0,1,17,18
2011-08-19 06:00:00,3,0,1,1,26.24,28.79,83,0.0,4,89,93
2011-08-19 07:00:00,3,0,1,2,27.06,30.305,83,6.0032,12,253,265
2011-08-19 08:00:00,3,0,1,2,27.06,30.305,83,0.0,29,367,396
2011-08-19 09:00:00,3,0,1,1,28.7,32.575,65,8.9981,29,186,215
2011-08-19 10:00:00,3,0,1,1,29.52,34.09,62,6.0032,57,104,161
2011-08-19 11:00:00,3,0,1,2,29.52,34.09,66,6.0032,44,116,160
2011-08-19 12:00:00,3,0,1,2,30.34,34.09,62,6.0032,54,163,217
2011-08-19 13:00:00,3,0,1,2,31.16,35.605,62,12.998,60,169,229
2011-08-19 14:00:00,3,0,1,1,31.98,36.365,55,12.998,76,141,217
2011-08-19 15:00:00,3,0,1,1,32.8,37.12,49,7.0015,66,157,223
2011-08-19 16:00:00,3,0,1,1,32.8,37.12,49,0.0,67,263,330
2011-08-19 17:00:00,3,0,1,1,31.16,35.605,58,35.0008,84,435,519
2011-08-19 18:00:00,3,0,1,1,31.16,35.605,58,35.0008,89,341,430
2011-08-19 19:00:00,3,0,1,3,25.42,29.545,73,31.0009,31,127,158
2011-08-19 20:00:00,3,0,1,3,25.42,28.79,83,19.9995,10,46,56
2011-08-19 21:00:00,3,0,1,1,25.42,28.79,83,8.9981,16,89,105
2011-08-19 22:00:00,3,0,1,1,24.6,27.275,88,8.9981,25,99,124
2011-08-19 23:00:00,3,0,1,2,24.6,27.275,88,6.0032,17,92,109
2011-09-01 00:00:00,3,0,1,1,24.6,28.79,78,7.0015,18,31,49
2011-09-01 01:00:00,3,0,1,1,24.6,29.545,73,6.0032,7,12,19
2011-09-01 02:00:00,3,0,1,1,23.78,27.275,78,6.0032,14,15,29
2011-09-01 03:00:00,3,0,1,1,23.78,27.275,78,6.0032,6,14,20
2011-09-01 04:00:00,3,0,1,1,22.96,26.515,83,6.0032,0,6,6
2011-09-01 05:00:00,3,0,1,1,22.96,26.515,73,6.0032,0,15,15
2011-09-01 06:00:00,3,0,1,1,24.6,28.79,78,0.0,0,107,107
2011-09-01 07:00:00,3,0,1,1,24.6,28.79,78,0.0,7,336,343
2011-09-01 08:00:00,3,0,1,1,25.42,29.545,73,8.9981,30,460,490
2011-09-01 09:00:00,3,0,1,1,26.24,30.305,69,7.0015,28,180,208
2011-09-01 10:00:00,3,0,1,1,27.88,31.82,61,8.9981,46,91,137
2011-09-01 11:00:00,3,0,1,1,29.52,33.335,51,8.9981,50,142,192
2011-09-01 12:00:00,3,0,1,2,29.52,33.335,51,8.9981,65,157,222
2011-09-01 13:00:00,3,0,1,2,29.52,33.335,48,6.0032,51,165,216
2011-09-01 14:00:00,3,0,1,3,29.52,33.335,54,16.9979,53,141,194
2011-09-01 15:00:00,3,0,1,1,29.52,33.335,51,8.9981,39,138,177
2011-09-01 16:00:00,3,0,1,1,30.34,33.335,51,12.998,55,257,312
2011-09-01 17:00:00,3,0,1,1,29.52,33.335,54,16.9979,60,566,626
2011-09-01 18:00:00,3,0,1,1,29.52,33.335,54,15.0013,68,467,535
2011-09-01 19:00:00,3,0,1,1,28.7,32.575,58,11.0014,79,360,439
2011-09-01 20:00:00,3,0,1,1,27.06,31.06,61,15.0013,32,251,283
2011-09-01 21:00:00,3,0,1,2,27.06,31.06,57,12.998,17,156,173
2011-09-01 22:00:00,3,0,1,2,27.06,31.06,57,15.0013,33,153,186
2011-09-01 23:00:00,3,0,1,1,26.24,30.305,65,16.9979,14,110,124
2011-09-02 00:00:00,3,0,1,1,26.24,30.305,65,12.998,7,54,61
2011-09-02 01:00:00,3,0,1,3,25.42,29.545,73,7.0015,6,34,40
2011-09-02 02:00:00,3,0,1,3,25.42,29.545,73,7.0015,8,10,18
2011-09-02 03:00:00,3,0,1,2,24.6,28.03,83,11.0014,4,4,8
2011-09-02 04:00:00,3,0,1,1,24.6,28.03,83,6.0032,2,-6,-4
2011-09-02 05:00:00,3,0,1,2,24.6,28.03,83,8.9981,0,20,20
2011-09-02 06:00:00,3,0,1,1,24.6,28.03,83,8.9981,4,70,74
2011-09-02 07:00:00,3,0,1,1,24.6,28.03,83,7.0015,5,245,250
2011-09-02 08:00:00,3,0,1,1,25.42,29.545,78,12.998,20,432,452
2011-09-02 09:00:00,3,0,1,2,25.42,28.79,83,7.0015,30,189,219
2011-09-02 10:00:00,3,0,1,2,26.24,30.305,76,11.0014,35,104,139
2011-09-02 11:00:00,3,0,1,2,27.06,31.06,74,7.0015,50,143,193
2011-09-02 12:00:00,3,0,1,2,27.06,31.06,69,15.0013,81,180,261
2011-09-02 13:00:00,3,0,1,2,27.88,31.82,65,8.9981,74,201,275
2011-09-02 14:00:00,3,0,1,2,28.7,32.575,61,7.0015,74,208,282
2011-09-02 15:00:00,3,0,1,2,28.7,32.575,61,16.9979,69,280,349
2011-09-02 16:00:00,3,0,1,2,28.7,32.575,61,8.9981,80,299,379
2011-09-02 17:00:00,3,0,1,2,27.88,31.82,65,11.0014,80,377,457
2011-09-02 18:00:00,3,0,1,2,27.88,31.82,65,12.998,48,303,351
2011-09-02 19:00:00,3,0,1,1,27.06,31.06,69,8.9981,67,217,284
2011-09-02 20:00:00,3,0,1,1,26.24,30.305,73,0.0,37,154,191
2011-09-02 21:00:00,3,0,1,2,26.24,30.305,73,6.0032,27,113,140
2011-09-02 22:00:00,3,0,1,2,26.24,30.305,73,11.0014,32,111,143
2011-09-02 23:00:00,3,0,1,2,26.24,30.305,73,11.0014,30,70,100
2011-09-03 00:00:00,3,0,0,2,26.24,30.305,73,7.0015,22,66,88
2011-09-03 01:00:00,3,0,0,2,26.24,30.305,69,16.9979,18,55,73
2011-09-03 02:00:00,3,0,0,2,26.24,30.305,69,15.0013,14,27,41
2011-09-03 03:00:00,3,0,0,1,25.42,29.545,73,11.0014,18,13,31
2011-09-03 04:00:00,3,0,0,1,25.42,29.545,73,11.0014,2,4,6
2011-09-03 05:00:00,3,0,0,1,25.42,30.305,69,12.998,1,15,16
2011-09-03 06:00:00,3,0,0,1,25.42,29.545,73,11.0014,4,15,19
2011-09-03 07:00:00,3,0,0,1,25.42,29.545,73,12.998,4,30,34
2011-09-03 08:00:00,3,0,0,1,26.24,30.305,69,11.0014,23,63,86
2011-09-03 09:00:00,3,0,0,2,27.06,31.06,69,16.9979,82,124,206
2011-09-03 10:00:00,3,0,0,3,27.06,31.06,65,16.9979,89,171,260
2011-09-03 11:00:00,3,0,0,3,27.06,31.06,69,19.0012,65,124,189
2011-09-03 12:00:00,3,0,0,1,28.7,32.575,61,15.0013,98,160,258
2011-09-03 13:00:00,3,0,0,1,28.7,32.575,65,15.0013,153,203,356
2011-09-03 14:00:00,3,0,0,2,29.52,34.09,66,11.0014,204,178,382
2011-09-03 15:00:00,3,0,0,1,29.52,34.09,70,11.0014,186,206,392
2011-09-03 16:00:00,3,0,0,1,29.52,34.09,70,12.998,186,191,377
2011-09-03 17:00:00,3,0,0,1,29.52,34.09,70,15.0013,168,199,367
2011-09-03 18:00:00,3,0,0,1,29.52,34.09,70,11.0014,160,178,338
2011-09-03 19:00:00,3,0,0,1,28.7,33.335,74,8.9981,146,148,294
2011-09-03 20:00:00,3,0,0,1,28.7,33.335,79,11.0014,100,122,222
2011-09-03 21:00:00,3,0,0,1,27.88,31.82,83,8.9981,72,96,168
2011-09-03 22:00:00,3,0,0,1,27.88,31.82,83,7.0015,64,98,162
2011-09-03 23:00:00,3,0,0,1,27.06,31.06,85,8.9981,46,76,122
2011-09-04 00:00:00,3,0,0,1,27.06,29.545,89,12.998,33,71,104
2011-09-04 01:00:00,3,0,0,1,27.06,30.305,83,8.9981,37,39,76
2011-09-04 02:00:00,3,0,0,1,27.06,30.305,83,12.998,16,44,60
2011-09-04 03:00:00,3,0,0,1,26.24,28.79,89,12.998,19,19,38
2011-09-04 04:00:00,3,0,0,1,26.24,28.79,83,11.0014,-2,1,-1
2011-09-04 05:00:00,3,0,0,1,26.24,28.79,83,8.9981,0,4,4
2011-09-04 06:00:00,3,0,0,1,26.24,28.79,84,15.0013,0,3,3
2011-09-04 07:00:00,3,0,0,1,27.06,30.305,78,12.998,9,21,30
2011-09-04 08:00:00,3,0,0,1,27.06,30.305,78,11.0014,20,46,66
2011-09-04 09:00:00,3,0,0,1,27.06,30.305,78,11.0014,85,104,189
2011-09-04 10:00:00,3,0,0,1,28.7,33.335,74,8.9981,149,140,289
2011-09-04 11:00:00,3,0,0,1,30.34,34.85,70,11.0014,172,164,336
2011-09-04 12:00:00,3,0,0,1,31.16,36.365,66,11.0014,213,221,434
2011-09-04 13:00:00,3,0,0,2,31.98,37.12,62,19.0012,243,172,415
2011-09-04 14:00:00,3,0,0,1,31.98,37.88,66,22.0028,203,152,355
2011-09-04 15:00:00,3,0,0,1,31.98,37.88,66,19.0012,219,191,410
2011-09-04 16:00:00,3,0,0,1,32.8,38.635,59,15.0013,196,142,338
2011-09-04 17:00:00,3,0,0,1,31.16,36.365,66,15.0013,203,170,373
2011-09-04 18:00:00,3,0,0,1,31.16,36.365,66,12.998,186,168,354
2011-09-04 19:00:00,3,0,0,1,30.34,34.85,70,12.998,175,147,322
2011-09-04 20:00:00,3,0,0,1,30.34,34.85,70,19.9995,105,125,230
2011-09-04 21:00:00,3,0,0,1,29.52,34.85,74,16.9979,105,99,204
2011-09-04 22:00:00,3,0,0,2,29.52,34.85,74,19.0012,69,82,151
2011-09-04 23:00:00,3,0,0,2,29.52,34.09,70,11.0014,44,49,93
2011-09-05 00:00:00,3,1,0,2,28.7,33.335,74,15.0013,30,67,97
2011-09-05 01:00:00,3,1,0,2,27.88,31.82,79,7.0015,18,37,55
2011-09-05 02:00:00,3,1,0,2,27.88,31.82,79,11.0014,18,15,33
2011-09-05 03:00:00,3,1,0,2,27.88,31.82,74,19.9995,4,9,13
2011-09-05 04:00:00,3,1,0,2,27.88,31.82,69,19.0012,2,11,13
2011-09-05 05:00:00,3,1,0,2,27.06,31.06,74,11.0014,1,4,5
2011-09-05 06:00:00,3,1,0,2,27.06,31.06,74,8.9981,6,6,12
2011-09-05 07:00:00,3,1,0,1,27.06,31.06,74,11.0014,11,30,41
2011-09-05 08:00:00,3,1,0,2,27.06,30.305,78,12.998,44,57,101
2011-09-05 09:00:00,3,1,0,3,27.88,31.82,74,11.0014,62,88,150
2011-09-05 10:00:00,3,1,0,2,28.7,32.575,70,11.0014,106,136,242
2011-09-05 11:00:00,3,1,0,2,28.7,33.335,74,11.0014,101,205,306
2011-09-05 12:00:00,3,1,0,2,29.52,34.09,70,12.998,138,207,345
2011-09-05 13:00:00,3,1,0,2,30.34,34.85,70,8.9981,154,232,386
2011-09-05 14:00:00,3,1,0,1,30.34,34.85,70,11.0014,145,211,356
2011-09-05 15:00:00,3,1,0,2,27.88,31.82,79,19.0012,111,141,252
2011-09-05 16:00:00,3,1,0,2,27.88,31.82,79,19.0012,93,193,286
2011-09-05 17:00:00,3,1,0,2,27.06,29.545,89,7.0015,36,71,107
2011-09-05 18:00:00,3,1,0,1,27.06,29.545,89,6.0032,33,90,123
2011-09-05 19:00:00,3,1,0,3,27.06,29.545,94,7.0015,52,123,175
2011-09-05 20:00:00,3,1,0,3,27.06,29.545,94,16.9979,26,53,79
2011-09-05 21:00:00,3,1,0,2,27.06,29.545,94,19.9995,19,37,56
2011-09-05 22:00:00,3,1,0,2,24.6,27.275,88,39.0007,15,42,57
2011-09-05 23:00:00,3,1,0,3,22.96,26.515,88,26.0027,4,14,18
2011-09-06 00:00:00,3,0,1,3,22.14,25.76,94,23.9994,0,4,4
2011-09-06 02:00:00,3,0,1,3,22.14,25.76,94,16.9979,0,3,3
2011-09-06 03:00:00,3,0,1,3,22.14,25.76,94,19.9995,1,2,3
2011-09-06 04:00:00,3,0,1,2,22.14,25.76,94,19.9995,0,7,7
2011-09-06 05:00:00,3,0,1,3,22.14,25.76,88,23.9994,0,25,25
2011-09-06 06:00:00,3,0,1,2,22.14,25.76,88,22.0028,-1,73,72
2011-09-06 07:00:00,3,0,1,2,22.14,25.76,83,23.9994,6,162,168
2011-09-06 08:00:00,3,0,1,3,22.14,25.76,83,26.0027,15,345,360
2011-09-06 09:00:00,3,0,1,2,22.14,25.76,81,27.9993,18,162,180
2011-09-06 10:00:00,3,0,1,3,22.14,25.76,83,23.9994,17,91,108
2011-09-06 11:00:00,3,0,1,3,22.14,25.76,83,26.0027,11,79,90
2011-09-06 12:00:00,3,0,1,3,22.14,25.76,83,26.0027,18,57,75
2011-09-06 13:00:00,3,0,1,3,22.14,25.76,88,19.9995,4,25,29
2011-09-06 14:00:00,3,0,1,3,22.14,25.76,88,19.0012,2,19,21
2011-09-06 15:00:00,3,0,1,3,22.14,25.76,94,26.0027,17,71,88
2011-09-06 16:00:00,3,0,1,3,22.14,25.76,94,26.0027,10,96,106
2011-09-06 17:00:00,3,0,1,2,22.14,25.76,88,26.0027,14,274,288
2011-09-06 18:00:00,3,0,1,2,22.14,25.76,88,26.0027,21,349,370
2011-09-06 19:00:00,3,0,1,2,22.14,25.76,88,27.9993,13,273,286
2011-09-06 20:00:00,3,0,1,3,22.14,25.76,88,19.9995,11,149,160
2011-09-06 21:00:00,3,0,1,3,22.14,25.76,88,19.0012,13,104,117
2011-09-06 22:00:00,3,0,1,2,22.14,25.76,94,22.0028,6,75,81
2011-09-06 23:00:00,3,0,1,3,22.14,25.76,94,16.9979,2,56,58
2011-09-07 00:00:00,3,0,1,2,22.14,25.76,94,15.0013,0,14,14
2011-09-07 01:00:00,3,0,1,3,22.14,25.76,94,16.9979,2,2,4
2011-09-07 02:00:00,3,0,1,2,22.14,25.76,94,15.0013,0,8,8
2011-09-07 03:00:00,3,0,1,3,22.96,26.515,94,8.9981,3,2,5
2011-09-07 04:00:00,3,0,1,3,22.96,26.515,94,11.0014,0,2,2
2011-09-07 05:00:00,3,0,1,2,22.96,26.515,100,8.9981,1,14,15
2011-09-07 06:00:00,3,0,1,3,24.6,27.275,88,7.0015,1,77,78
2011-09-07 07:00:00,3,0,1,3,24.6,27.275,88,6.0032,3,81,84
2011-09-07 08:00:00,3,0,1,3,25.42,27.275,94,6.0032,8,319,327
2011-09-07 09:00:00,3,0,1,3,24.6,27.275,88,8.9981,12,171,183
2011-09-07 10:00:00,3,0,1,3,24.6,27.275,88,8.9981,3,64,67
2011-09-07 11:00:00,3,0,1,3,24.6,25.76,94,0.0,0,6,6
2011-09-07 12:00:00,3,0,1,3,22.96,26.515,94,0.0,1,19,20
2011-09-07 13:00:00,3,0,1,3,24.6,27.275,88,0.0,3,13,16
2011-09-07 14:00:00,3,0,1,3,24.6,25.76,93,0.0,2,28,30
2011-09-07 15:00:00,3,0,1,3,25.42,27.275,94,7.0015,3,62,65
2011-09-07 16:00:00,3,0,1,1,26.24,28.79,89,0.0,7,132,139
2011-09-07 17:00:00,3,0,1,3,26.24,28.79,89,0.0,21,264,285
2011-09-07 18:00:00,3,0,1,3,26.24,28.79,89,0.0,16,219,235
2011-09-07 19:00:00,3,0,1,2,26.24,28.79,89,0.0,14,204,218
2011-09-07 20:00:00,3,0,1,3,26.24,28.79,89,6.0032,3,92,95
2011-09-07 21:00:00,3,0,1,3,26.24,28.79,89,6.0032,5,37,42
2011-09-07 22:00:00,3,0,1,3,25.42,27.275,94,11.0014,1,19,20
2011-09-07 23:00:00,3,0,1,3,25.42,27.275,94,12.998,1,25,26
2011-09-08 00:00:00,3,0,1,3,24.6,25.0,100,12.998,5,12,17
2011-09-08 01:00:00,3,0,1,3,25.42,27.275,94,7.0015,-1,1,0
2011-09-08 03:00:00,3,0,1,3,25.42,27.275,94,0.0,0,0,0
2011-09-08 04:00:00,3,0,1,2,25.42,27.275,94,6.0032,-1,6,5
2011-09-08 05:00:00,3,0,1,3,25.42,27.275,94,6.0032,0,14,14
2011-09-08 06:00:00,3,0,1,3,25.42,27.275,94,11.0014,1,54,55
2011-09-08 07:00:00,3,0,1,3,25.42,27.275,94,7.0015,7,169,176
2011-09-08 08:00:00,3,0,1,3,25.42,27.275,94,8.9981,7,187,194
2011-09-08 09:00:00,3,0,1,2,25.42,25.76,100,16.9979,3,70,73
2011-09-08 10:00:00,3,0,1,2,26.24,28.03,94,7.0015,8,61,69
2011-09-08 11:00:00,3,0,1,2,26.24,28.03,94,15.0013,14,80,94
2011-09-08 12:00:00,3,0,1,2,27.06,29.545,94,15.0013,17,83,100
2011-09-08 13:00:00,3,0,1,2,27.88,31.82,83,26.0027,13,113,126
2011-09-08 14:00:00,3,0,1,2,28.7,33.335,79,23.9994,15,105,120
2011-09-08 15:00:00,3,0,1,3,27.06,29.545,89,19.9995,23,120,143
2011-09-08 16:00:00,3,0,1,3,26.24,28.03,94,19.0012,4,153,157
2011-09-08 17:00:00,3,0,1,3,26.24,28.03,94,19.0012,12,101,113
2011-09-08 18:00:00,3,0,1,3,26.24,28.03,94,23.9994,4,67,71
2011-09-08 19:00:00,3,0,1,3,25.42,25.76,100,22.0028,0,51,51
2011-09-08 20:00:00,3,0,1,2,25.42,27.275,94,11.0014,6,86,92
2011-09-08 21:00:00,3,0,1,3,26.24,28.03,94,7.0015,6,72,78
2011-09-08 22:00:00,3,0,1,3,25.42,25.76,100,6.0032,6,68,74
2011-09-08 23:00:00,3,0,1,3,25.42,25.76,100,6.0032,3,21,24
2011-09-09 00:00:00,3,0,1,3,26.24,28.03,94,12.998,0,13,13
2011-09-09 01:00:00,3,0,1,2,25.42,25.76,100,11.0014,0,9,9
2011-09-09 02:00:00,3,0,1,2,25.42,25.76,100,16.9979,1,11,12
2011-09-09 03:00:00,3,0,1,2,25.42,27.275,94,16.9979,0,4,4
2011-09-09 04:00:00,3,0,1,3,25.42,27.275,94,11.0014,0,1,1
2011-09-09 05:00:00,3,0,1,2,25.42,27.275,94,8.9981,0,10,10
2011-09-09 06:00:00,3,0,1,2,25.42,25.76,100,8.9981,2,47,49
2011-09-09 07:00:00,3,0,1,3,25.42,25.76,100,16.9979,5,99,104
2011-09-09 08:00:00,3,0,1,3,25.42,27.275,94,11.0014,13,277,290
2011-09-09 09:00:00,3,0,1,3,25.42,27.275,94,11.0014,5,131,136
2011-09-09 10:00:00,3,0,1,2,25.42,25.76,100,0.0,1,25,26
2011-09-09 11:00:00,3,0,1,2,25.42,27.275,94,0.0,6,67,73
2011-09-09 12:00:00,3,0,1,1,26.24,28.03,94,0.0,2,68,70
2011-09-09 13:00:00,3,0,1,1,28.7,33.335,79,6.0032,12,108,120
2011-09-09 14:00:00,3,0,1,1,29.52,34.85,74,6.0032,28,118,146
2011-09-09 15:00:00,3,0,1,1,30.34,34.85,66,0.0,26,163,189
2011-09-09 16:00:00,3,0,1,1,30.34,34.85,66,8.9981,40,240,280
2011-09-09 17:00:00,3,0,1,1,28.7,33.335,79,16.9979,53,448,501
2011-09-09 18:00:00,3,0,1,1,28.7,33.335,79,12.998,32,378,410
2011-09-09 19:00:00,3,0,1,1,27.06,29.545,89,11.0014,34,316,350
2011-09-09 20:00:00,3,0,1,1,26.24,28.03,94,6.0032,31,178,209
2011-09-09 21:00:00,3,0,1,1,27.06,29.545,89,0.0,49,157,206
2011-09-09 22:00:00,3,0,1,1,25.42,27.275,94,0.0,30,120,150
2011-09-09 23:00:00,3,0,1,1,25.42,27.275,94,6.0032,34,113,147
2011-09-10 00:00:00,3,0,0,1,25.42,27.275,94,0.0,33,82,115
2011-09-10 01:00:00,3,0,0,2,25.42,27.275,94,0.0,16,69,85
2011-09-10 02:00:00,3,0,0,2,24.6,25.0,97,7.0015,18,46,64
2011-09-10 03:00:00,3,0,0,1,23.78,27.275,100,8.9981,7,28,35
2011-09-10 04:00:00,3,0,0,1,23.78,27.275,94,6.0032,2,3,5
2011-09-10 05:00:00,3,0,0,1,23.78,27.275,94,8.9981,1,9,10
2011-09-10 06:00:00,3,0,0,1,23.78,27.275,94,11.0014,0,7,7
2011-09-10 07:00:00,3,0,0,1,24.6,27.275,88,8.9981,7,46,53
2011-09-10 08:00:00,3,0,0,1,25.42,28.79,83,11.0014,17,102,119
2011-09-10 09:00:00,3,0,0,1,26.24,29.545,78,19.9995,38,165,203
2011-09-10 10:00:00,3,0,0,1,28.7,32.575,65,16.9979,86,231,317
2011-09-10 11:00:00,3,0,0,1,29.52,34.09,62,16.9979,109,246,355
2011-09-10 12:00:00,3,0,0,1,29.52,34.09,62,15.0013,144,262,406
2011-09-10 13:00:00,3,0,0,1,30.34,34.09,55,19.0012,132,239,371
2011-09-10 14:00:00,3,0,0,1,30.34,34.09,55,19.0012,128,232,360
2011-09-10 15:00:00,3,0,0,1,30.34,34.09,55,15.0013,217,265,482
2011-09-10 16:00:00,3,0,0,1,30.34,34.09,55,12.998,169,256,425
2011-09-10 17:00:00,3,0,0,1,30.34,34.09,55,15.0013,184,278,462
2011-09-10 18:00:00,3,0,0,1,29.52,33.335,58,12.998,120,239,359
2011-09-10 19:00:00,3,0,0,1,28.7,32.575,58,8.9981,101,213,314
2011-09-10 20:00:00,3,0,0,1,27.06,31.06,69,7.0015,77,173,250
2011-09-10 21:00:00,3,0,0,1,26.24,29.545,78,6.0032,58,168,226
2011-09-10 22:00:00,3,0,0,1,26.24,29.545,78,0.0,49,127,176
2011-09-10 23:00:00,3,0,0,2,25.42,28.03,88,0.0,31,109,140
2011-09-11 00:00:00,3,0,0,1,25.42,28.03,88,0.0,28,78,106
2011-09-11 01:00:00,3,0,0,2,25.42,28.03,88,0.0,21,63,84
2011-09-11 02:00:00,3,0,0,2,25.42,29.545,78,12.998,15,59,74
2011-09-11 03:00:00,3,0,0,2,25.42,29.545,78,6.0032,15,26,41
2011-09-11 04:00:00,3,0,0,1,24.6,28.03,83,8.9981,3,2,5
2011-09-11 05:00:00,3,0,0,1,24.6,28.03,83,8.9981,14,26,40
2011-09-11 06:00:00,3,0,0,1,23.78,27.275,88,7.0015,4,15,19
2011-09-11 07:00:00,3,0,0,1,24.6,27.275,88,0.0,8,32,40
2011-09-11 08:00:00,3,0,0,1,26.24,29.545,78,0.0,24,67,91
2011-09-11 09:00:00,3,0,0,1,27.06,31.06,74,0.0,57,171,228
2011-09-11 10:00:00,3,0,0,1,28.7,32.575,65,0.0,119,212,331
2011-09-11 11:00:00,3,0,0,1,28.7,32.575,65,0.0,144,260,404
2011-09-11 12:00:00,3,0,0,1,28.7,32.575,65,0.0,113,302,415
2011-09-11 13:00:00,3,0,0,1,30.34,34.09,58,7.0015,119,230,349
2011-09-11 14:00:00,3,0,0,1,29.52,33.335,58,19.0012,120,224,344
2011-09-11 15:00:00,3,0,0,1,30.34,33.335,51,19.9995,134,265,399
2011-09-11 16:00:00,3,0,0,1,29.52,33.335,51,19.9995,180,306,486
2011-09-11 17:00:00,3,0,0,1,29.52,33.335,51,8.9981,152,226,378
2011-09-11 18:00:00,3,0,0,1,27.88,31.82,65,19.9995,109,222,331
2011-09-11 19:00:00,3,0,0,1,26.24,30.305,69,7.0015,101,228,329
2011-09-11 20:00:00,3,0,0,1,25.42,29.545,73,7.0015,64,154,218
2011-09-11 21:00:00,3,0,0,1,26.24,30.305,69,0.0,44,115,159
2011-09-11 22:00:00,3,0,0,1,25.42,30.305,69,26.0027,21,71,92
2011-09-11 23:00:00,3,0,0,3,23.78,27.275,78,6.0032,12,34,46
2011-09-12 00:00:00,3,0,1,1,22.96,26.515,88,6.0032,4,4,8
2011-09-12 01:00:00,3,0,1,1,22.96,26.515,88,0.0,1,14,15
2011-09-12 02:00:00,3,0,1,1,22.96,26.515,88,0.0,1,0,1
2011-09-12 04:00:00,3,0,1,1,22.14,25.76,94,7.0015,0,5,5
2011-09-12 05:00:00,3,0,1,1,22.96,26.515,83,0.0,0,30,30
2011-09-12 06:00:00,3,0,1,1,22.96,26.515,83,0.0,1,109,110
2011-09-12 07:00:00,3,0,1,1,23.78,27.275,83,0.0,12,301,313
2011-09-12 08:00:00,3,0,1,1,24.6,28.79,78,6.0032,27,379,406
2011-09-12 09:00:00,3,0,1,1,26.24,30.305,69,0.0,20,155,175
2011-09-12 10:00:00,3,0,1,1,27.88,31.82,62,11.0014,39,87,126
2011-09-12 11:00:00,3,0,1,1,28.7,32.575,58,12.998,33,131,164
2011-09-12 12:00:00,3,0,1,1,29.52,33.335,51,12.998,35,150,185
2011-09-12 13:00:00,3,0,1,1,29.52,33.335,54,7.0015,43,114,157
2011-09-12 14:00:00,3,0,1,1,30.34,33.335,51,11.0014,59,129,188
2011-09-12 15:00:00,3,0,1,1,30.34,33.335,48,6.0032,59,151,210
2011-09-12 16:00:00,3,0,1,1,29.52,33.335,48,0.0,60,236,296
2011-09-12 17:00:00,3,0,1,1,29.52,33.335,51,11.0014,75,518,593
2011-09-12 18:00:00,3,0,1,1,28.7,32.575,54,12.998,56,520,576
2011-09-12 19:00:00,3,0,1,1,27.88,31.82,57,8.9981,61,372,433
2011-09-12 20:00:00,3,0,1,1,27.06,31.06,65,0.0,39,256,295
2011-09-12 21:00:00,3,0,1,1,26.24,30.305,73,6.0032,30,161,191
2011-09-12 22:00:00,3,0,1,1,25.42,28.79,83,11.0014,17,127,144
2011-09-12 23:00:00,3,0,1,1,25.42,28.79,83,7.0015,8,59,67
2011-09-13 00:00:00,3,0,1,1,24.6,27.275,88,7.0015,7,18,25
2011-09-13 01:00:00,3,0,1,1,23.78,27.275,83,7.0015,3,2,5
2011-09-13 02:00:00,3,0,1,1,24.6,28.79,78,0.0,2,-1,1
2011-09-13 03:00:00,3,0,1,1,23.78,27.275,83,0.0,0,0,0
2011-09-13 04:00:00,3,0,1,1,22.96,26.515,88,0.0,1,0,1
2011-09-13 05:00:00,3,0,1,1,22.96,26.515,88,0.0,0,15,15
2011-09-13 06:00:00,3,0,1,1,22.96,26.515,88,7.0015,5,116,121
2011-09-13 07:00:00,3,0,1,1,23.78,27.275,83,6.0032,14,346,360
2011-09-13 08:00:00,3,0,1,1,24.6,28.03,81,7.0015,27,401,428
2011-09-13 09:00:00,3,0,1,1,26.24,30.305,69,6.0032,36,177,213
2011-09-13 10:00:00,3,0,1,1,27.88,31.82,69,8.9981,45,90,135
2011-09-13 11:00:00,3,0,1,1,28.7,32.575,61,11.0014,34,119,153
2011-09-13 12:00:00,3,0,1,1,29.52,33.335,58,15.0013,43,145,188
2011-09-13 13:00:00,3,0,1,1,30.34,33.335,51,19.0012,47,134,181
2011-09-13 14:00:00,3,0,1,1,30.34,33.335,51,22.0028,50,141,191
2011-09-13 15:00:00,3,0,1,1,30.34,33.335,51,19.9995,34,144,178
2011-09-13 16:00:00,3,0,1,1,30.34,33.335,51,15.0013,41,256,297
2011-09-13 17:00:00,3,0,1,1,30.34,33.335,51,15.0013,71,509,580
2011-09-13 18:00:00,3,0,1,1,28.7,32.575,61,11.0014,67,474,541
2011-09-13 19:00:00,3,0,1,1,27.88,31.82,69,11.0014,54,333,387
2011-09-13 20:00:00,3,0,1,1,27.06,31.06,74,12.998,30,243,273
2011-09-13 21:00:00,3,0,1,1,26.24,29.545,78,11.0014,44,196,240
2011-09-13 22:00:00,3,0,1,1,26.24,29.545,78,8.9981,22,124,146
2011-09-13 23:00:00,3,0,1,1,26.24,29.545,78,7.0015,14,57,71
2011-09-14 00:00:00,3,0,1,1,25.42,29.545,78,6.0032,5,27,32
2011-09-14 01:00:00,3,0,1,1,25.42,29.545,78,6.0032,1,5,6
2011-09-14 02:00:00,3,0,1,1,24.6,28.03,83,0.0,0,1,1
2011-09-14 03:00:00,3,0,1,1,24.6,27.275,88,8.9981,0,5,5
2011-09-14 04:00:00,3,0,1,1,24.6,28.03,83,6.0032,2,9,11
2011-09-14 05:00:00,3,0,1,1,23.78,27.275,88,7.0015,0,30,30
2011-09-14 06:00:00,3,0,1,1,23.78,27.275,88,7.0015,8,138,146
2011-09-14 07:00:00,3,0,1,1,24.6,28.03,83,7.0015,20,353,373
2011-09-14 08:00:00,3,0,1,1,25.42,28.79,83,11.0014,31,392,423
2011-09-14 09:00:00,3,0,1,1,26.24,29.545,78,11.0014,19,177,196
2011-09-14 10:00:00,3,0,1,1,28.7,32.575,70,8.9981,27,116,143
2011-09-14 11:00:00,3,0,1,1,29.52,34.09,66,11.0014,43,126,169
2011-09-14 12:00:00,3,0,1,1,30.34,34.09,58,15.0013,55,155,210
2011-09-14 13:00:00,3,0,1,1,31.16,34.85,55,16.9979,38,136,174
2011-09-14 14:00:00,3,0,1,1,31.98,35.605,52,15.0013,20,107,127
2011-09-14 15:00:00,3,0,1,1,31.98,35.605,49,16.9979,31,150,181
2011-09-14 16:00:00,3,0,1,1,31.16,34.85,52,19.0012,34,243,277
2011-09-14 17:00:00,3,0,1,1,31.16,34.85,52,19.0012,87,514,601
2011-09-14 18:00:00,3,0,1,1,29.52,34.09,62,11.0014,83,507,590
2011-09-14 19:00:00,3,0,1,2,28.7,32.575,70,7.0015,42,334,376
2011-09-14 20:00:00,3,0,1,2,29.52,33.335,58,27.9993,39,223,262
2011-09-14 21:00:00,3,0,1,2,27.06,31.06,65,15.0013,23,187,210
2011-09-14 22:00:00,3,0,1,2,27.06,31.06,65,8.9981,21,141,162
2011-09-14 23:00:00,3,0,1,2,26.24,30.305,69,7.0015,8,65,73
2011-09-15 00:00:00,3,0,1,1,26.24,30.305,69,8.9981,1,30,31
2011-09-15 01:00:00,3,0,1,1,26.24,30.305,69,11.0014,0,26,26
2011-09-15 02:00:00,3,0,1,1,25.42,29.545,73,7.0015,-2,2,0
2011-09-15 03:00:00,3,0,1,1,25.42,29.545,73,6.0032,1,2,3
2011-09-15 04:00:00,3,0,1,1,24.6,28.79,78,7.0015,2,4,6
2011-09-15 05:00:00,3,0,1,1,24.6,28.79,78,0.0,0,36,36
2011-09-15 06:00:00,3,0,1,2,24.6,28.03,83,16.9979,4,119,123
2011-09-15 07:00:00,3,0,1,2,25.42,29.545,78,12.998,15,321,336
2011-09-15 08:00:00,3,0,1,1,26.24,30.305,73,8.9981,25,360,385
2011-09-15 09:00:00,3,0,1,2,26.24,30.305,73,23.9994,24,189,213
2011-09-15 10:00:00,3,0,1,2,27.06,31.06,69,16.9979,25,98,123
2011-09-15 11:00:00,3,0,1,2,27.88,31.82,65,8.9981,39,121,160
2011-09-15 12:00:00,3,0,1,2,27.06,31.06,69,19.9995,30,142,172
2011-09-15 13:00:00,3,0,1,2,26.24,30.305,65,19.0012,38,148,186
2011-09-15 14:00:00,3,0,1,2,26.24,30.305,65,27.9993,35,130,165
2011-09-15 15:00:00,3,0,1,2,24.6,29.545,69,27.9993,25,109,134
2011-09-15 16:00:00,3,0,1,2,22.14,25.76,77,31.0009,29,192,221
2011-09-15 17:00:00,3,0,1,3,19.68,23.485,82,31.0009,30,227,257
2011-09-15 18:00:00,3,0,1,3,19.68,23.485,67,40.9973,20,217,237
2011-09-15 19:00:00,3,0,1,1,18.86,22.725,67,31.0009,18,208,226
2011-09-15 20:00:00,3,0,1,1,18.86,22.725,63,22.0028,26,219,245
2011-09-15 21:00:00,3,0,1,1,18.86,22.725,63,22.0028,10,132,142
2011-09-15 22:00:00,3,0,1,1,18.04,21.97,67,19.0012,8,109,117
2011-09-15 23:00:00,3,0,1,1,18.04,21.97,67,15.0013,9,66,75
2011-09-16 00:00:00,3,0,1,1,17.22,21.21,71,15.0013,4,42,46
2011-09-16 01:00:00,3,0,1,1,17.22,21.21,67,12.998,6,26,32
2011-09-16 02:00:00,3,0,1,1,16.4,20.455,71,19.0012,2,7,9
2011-09-16 03:00:00,3,0,1,1,16.4,20.455,71,16.9979,2,3,5
2011-09-16 04:00:00,3,0,1,1,16.4,20.455,71,19.0012,1,5,6
2011-09-16 05:00:00,3,0,1,1,15.58,19.695,76,12.998,3,26,29
2011-09-16 06:00:00,3,0,1,1,15.58,19.695,71,15.0013,5,91,96
2011-09-16 07:00:00,3,0,1,1,16.4,20.455,71,19.0012,16,282,298
2011-09-16 08:00:00,3,0,1,1,17.22,21.21,67,15.0013,21,384,405
2011-09-16 09:00:00,3,0,1,1,18.86,22.725,55,16.9979,21,192,213
2011-09-16 10:00:00,3,0,1,2,20.5,24.24,51,19.0012,35,106,141
2011-09-16 11:00:00,3,0,1,2,20.5,24.24,51,8.9981,40,142,182
2011-09-16 12:00:00,3,0,1,2,21.32,25.0,45,0.0,38,204,242
2011-09-16 13:00:00,3,0,1,2,22.14,25.76,42,0.0,53,166,219
2011-09-16 14:00:00,3,0,1,2,22.14,25.76,45,11.0014,50,175,225
2011-09-16 15:00:00,3,0,1,2,22.14,25.76,45,15.0013,37,168,205
2011-09-16 16:00:00,3,0,1,2,21.32,25.0,48,11.0014,67,291,358
2011-09-16 17:00:00,3,0,1,2,21.32,25.0,48,8.9981,86,481,567
2011-09-16 18:00:00,3,0,1,2,21.32,25.0,52,11.0014,56,422,478
2011-09-16 19:00:00,3,0,1,2,20.5,24.24,55,11.0014,59,255,314
2011-09-16 20:00:00,3,0,1,2,20.5,24.24,55,0.0,40,183,223
2011-09-16 21:00:00,3,0,1,2,20.5,24.24,63,0.0,39,125,164
2011-09-16 22:00:00,3,0,1,1,19.68,23.485,67,6.0032,31,136,167
2011-09-16 23:00:00,3,0,1,1,20.5,24.24,59,0.0,20,109,129
2011-09-17 00:00:00,3,0,0,1,18.86,22.725,72,11.0014,28,79,107
2011-09-17 01:00:00,3,0,0,1,18.86,22.725,72,7.0015,28,56,84
2011-09-17 02:00:00,3,0,0,1,18.86,22.725,82,6.0032,17,65,82
2011-09-17 03:00:00,3,0,0,1,18.86,22.725,72,8.9981,6,21,27
2011-09-17 04:00:00,3,0,0,1,18.86,22.725,72,8.9981,0,4,4
2011-09-17 05:00:00,3,0,0,1,18.86,22.725,72,11.0014,3,9,12
2011-09-17 06:00:00,3,0,0,2,18.86,22.725,72,15.0013,5,13,18
2011-09-17 07:00:00,3,0,0,2,18.86,22.725,77,12.998,5,30,35
2011-09-17 08:00:00,3,0,0,2,18.86,22.725,77,16.9979,27,79,106
2011-09-17 09:00:00,3,0,0,2,19.68,23.485,67,15.0013,31,149,180
2011-09-17 10:00:00,3,0,0,2,20.5,24.24,68,19.0012,71,175,246
2011-09-17 11:00:00,3,0,0,2,21.32,25.0,68,15.0013,116,248,364
2011-09-17 12:00:00,3,0,0,2,21.32,25.0,67,15.0013,116,260,376
2011-09-17 13:00:00,3,0,0,2,21.32,25.0,68,12.998,124,226,350
2011-09-17 14:00:00,3,0,0,2,21.32,25.0,72,12.998,124,169,293
2011-09-17 15:00:00,3,0,0,2,21.32,25.0,72,12.998,149,206,355
2011-09-17 16:00:00,3,0,0,1,22.14,25.76,68,16.9979,116,194,310
2011-09-17 17:00:00,3,0,0,1,21.32,25.0,72,15.0013,139,221,360
2011-09-17 18:00:00,3,0,0,2,21.32,25.0,72,15.0013,95,238,333
2011-09-17 19:00:00,3,0,0,1,21.32,25.0,68,8.9981,71,189,260
2011-09-17 20:00:00,3,0,0,1,21.32,25.0,68,8.9981,44,134,178
2011-09-17 21:00:00,3,0,0,2,20.5,24.24,72,12.998,50,119,169
2011-09-17 22:00:00,3,0,0,1,20.5,24.24,72,15.0013,31,106,137
2011-09-17 23:00:00,3,0,0,1,18.86,22.725,82,11.0014,36,98,134
2011-09-18 00:00:00,3,0,0,1,18.86,22.725,77,15.0013,22,85,107
2011-09-18 01:00:00,3,0,0,1,18.86,22.725,77,15.0013,13,69,82
2011-09-18 02:00:00,3,0,0,1,18.04,21.97,82,16.9979,22,72,94
2011-09-18 03:00:00,3,0,0,1,18.04,21.97,82,12.998,9,24,33
2011-09-18 04:00:00,3,0,0,1,18.04,21.97,77,15.0013,1,0,1
2011-09-18 05:00:00,3,0,0,1,18.04,21.97,77,15.0013,0,3,3
2011-09-18 06:00:00,3,0,0,1,18.04,21.97,77,16.9979,2,7,9
2011-09-18 07:00:00,3,0,0,1,18.86,22.725,72,15.0013,14,27,41
2011-09-18 08:00:00,3,0,0,1,18.86,22.725,72,16.9979,14,54,68
2011-09-18 09:00:00,3,0,0,1,19.68,23.485,67,16.9979,45,89,134
2011-09-18 10:00:00,3,0,0,1,20.5,24.24,72,11.0014,82,177,259
2011-09-18 11:00:00,3,0,0,1,21.32,25.0,68,15.0013,115,197,312
2011-09-18 12:00:00,3,0,0,1,22.14,25.76,64,8.9981,135,223,358
2011-09-18 13:00:00,3,0,0,1,22.96,26.515,60,8.9981,161,209,370
2011-09-18 14:00:00,3,0,0,2,23.78,27.275,56,8.9981,127,183,310
2011-09-18 15:00:00,3,0,0,2,23.78,27.275,60,8.9981,132,227,359
2011-09-18 16:00:00,3,0,0,2,22.96,26.515,64,11.0014,134,234,368
2011-09-18 17:00:00,3,0,0,2,22.96,26.515,64,12.998,94,227,321
2011-09-18 18:00:00,3,0,0,2,22.96,26.515,60,7.0015,68,222,290
2011-09-18 19:00:00,3,0,0,2,22.14,25.76,68,7.0015,52,195,247
2011-09-18 20:00:00,3,0,0,2,22.14,25.76,68,6.0032,44,141,185
2011-09-18 21:00:00,3,0,0,2,22.14,25.76,68,6.0032,36,112,148
2011-09-18 22:00:00,3,0,0,2,22.14,25.76,68,6.0032,9,77,86
2011-09-18 23:00:00,3,0,0,1,22.14,25.76,68,12.998,10,41,51
2011-09-19 00:00:00,3,0,1,2,21.32,25.0,72,11.0014,14,21,35
2011-09-19 01:00:00,3,0,1,2,21.32,25.0,72,7.0015,2,0,2
2011-09-19 02:00:00,3,0,1,2,21.32,25.0,72,8.9981,5,7,12
2011-09-19 03:00:00,3,0,1,2,20.5,24.24,77,8.9981,0,0,0
2011-09-19 04:00:00,3,0,1,2,20.5,24.24,77,11.0014,2,8,10
2011-09-19 05:00:00,3,0,1,2,20.5,24.24,77,12.998,0,25,25
2011-09-19 06:00:00,3,0,1,1,20.5,24.24,77,15.0013,7,107,114
2011-09-19 07:00:00,3,0,1,2,20.5,24.24,82,15.0013,19,310,329
2011-09-19 08:00:00,3,0,1,2,21.32,25.0,77,8.9981,30,387,417
2011-09-19 09:00:00,3,0,1,2,22.14,25.76,68,11.0014,33,185,218
2011-09-19 10:00:00,3,0,1,2,22.96,26.515,64,8.9981,19,82,101
2011-09-19 11:00:00,3,0,1,2,23.78,27.275,64,11.0014,40,96,136
2011-09-19 12:00:00,3,0,1,2,23.78,27.275,60,6.0032,50,140,190
2011-09-19 13:00:00,3,0,1,2,24.6,30.305,60,0.0,52,126,178
2011-09-19 14:00:00,3,0,1,2,24.6,30.305,60,12.998,45,138,183
2011-09-19 15:00:00,3,0,1,2,24.6,30.305,60,15.0013,45,144,189
2011-09-19 16:00:00,3,0,1,2,24.6,30.305,60,11.0014,54,213,267
2011-09-19 17:00:00,3,0,1,2,23.78,27.275,64,8.9981,84,485,569
2011-09-19 18:00:00,3,0,1,2,22.96,26.515,68,8.9981,55,483,538
2011-09-19 19:00:00,3,0,1,2,22.96,26.515,68,7.0015,41,333,374
2011-09-19 20:00:00,3,0,1,2,22.96,26.515,68,8.9981,25,201,226
2011-09-19 21:00:00,3,0,1,2,22.96,26.515,68,11.0014,17,183,200
2011-09-19 22:00:00,3,0,1,2,22.96,26.515,68,11.0014,23,108,131
2011-09-19 23:00:00,3,0,1,2,22.96,26.515,73,12.998,11,51,62
2011-10-01 00:00:00,4,0,0,1,20.5,24.24,63,26.0027,24,102,126
2011-10-01 01:00:00,4,0,0,1,19.68,23.485,67,22.0028,10,45,55
2011-10-01 02:00:00,4,0,0,1,18.86,22.725,63,27.9993,21,38,59
2011-10-01 03:00:00,4,0,0,1,18.86,22.725,59,27.9993,6,17,23
2011-10-01 04:00:00,4,0,0,1,18.04,21.97,58,27.9993,1,4,5
2011-10-01 05:00:00,4,0,0,2,18.04,21.97,62,19.9995,2,-2,0
2011-10-01 06:00:00,4,0,0,1,17.22,21.21,67,22.0028,4,17,21
2011-10-01 07:00:00,4,0,0,3,17.22,21.21,67,16.9979,6,32,38
2011-10-01 08:00:00,4,0,0,2,16.4,20.455,76,22.0028,9,55,64
2011-10-01 09:00:00,4,0,0,3,16.4,20.455,82,23.9994,14,107,121
2011-10-01 10:00:00,4,0,0,3,16.4,20.455,76,23.9994,19,91,110
2011-10-01 11:00:00,4,0,0,3,15.58,19.695,82,22.0028,29,98,127
2011-10-01 12:00:00,4,0,0,2,16.4,20.455,82,16.9979,28,135,163
2011-10-01 13:00:00,4,0,0,2,16.4,20.455,82,22.0028,26,95,121
2011-10-01 14:00:00,4,0,0,2,17.22,21.21,71,23.9994,35,147,182
2011-10-01 15:00:00,4,0,0,2,17.22,21.21,71,19.0012,41,156,197
2011-10-01 16:00:00,4,0,0,2,16.4,20.455,76,19.9995,60,165,225
2011-10-01 17:00:00,4,0,0,3,16.4,20.455,76,12.998,58,166,224
2011-10-01 18:00:00,4,0,0,3,15.58,19.695,87,15.0013,22,117,139
2011-10-01 19:00:00,4,0,0,2,15.58,19.695,82,12.998,27,99,126
2011-10-01 20:00:00,4,0,0,3,14.76,18.18,87,7.0015,7,58,65
2011-10-01 21:00:00,4,0,0,3,14.76,18.18,87,7.0015,3,50,53
2011-10-01 22:00:00,4,0,0,2,14.76,17.425,93,15.0013,10,56,66
2011-10-01 23:00:00,4,0,0,3,14.76,17.425,93,15.0013,7,56,63
2011-10-02 00:00:00,4,0,0,3,14.76,16.665,93,19.9995,5,39,44
2011-10-02 01:00:00,4,0,0,3,13.94,15.91,87,16.9979,0,24,24
2011-10-02 02:00:00,4,0,0,3,13.94,15.15,87,19.9995,2,27,29
2011-10-02 03:00:00,4,0,0,3,13.94,15.91,87,19.0012,4,0,4
2011-10-02 04:00:00,4,0,0,2,13.94,15.91,87,16.9979,2,2,4
2011-10-02 05:00:00,4,0,0,1,13.12,15.15,87,19.0012,0,10,10
2011-10-02 06:00:00,4,0,0,1,13.12,15.91,81,11.0014,0,14,14
2011-10-02 07:00:00,4,0,0,1,13.94,16.665,76,12.998,5,18,23
2011-10-02 08:00:00,4,0,0,2,13.94,16.665,76,12.998,13,45,58
2011-10-02 09:00:00,4,0,0,1,14.76,16.665,76,23.9994,20,97,117
2011-10-02 10:00:00,4,0,0,2,14.76,16.665,71,19.0012,58,181,239
2011-10-02 11:00:00,4,0,0,2,15.58,19.695,66,16.9979,72,218,290
2011-10-02 12:00:00,4,0,0,2,16.4,20.455,62,12.998,78,243,321
2011-10-02 13:00:00,4,0,0,3,16.4,20.455,62,15.0013,83,218,301
2011-10-02 14:00:00,4,0,0,3,14.76,17.425,81,11.0014,60,197,257
2011-10-02 15:00:00,4,0,0,3,14.76,16.665,81,16.9979,29,151,180
2011-10-02 16:00:00,4,0,0,3,14.76,17.425,87,12.998,43,165,208
2011-10-02 17:00:00,4,0,0,3,14.76,17.425,87,11.0014,33,138,171
2011-10-02 18:00:00,4,0,0,2,14.76,17.425,81,12.998,17,153,170
2011-10-02 19:00:00,4,0,0,2,15.58,19.695,76,11.0014,35,129,164
2011-10-02 20:00:00,4,0,0,2,14.76,16.665,76,16.9979,16,69,85
2011-10-02 21:00:00,4,0,0,1,14.76,17.425,71,15.0013,17,70,87
2011-10-02 22:00:00,4,0,0,3,14.76,18.18,81,6.0032,8,58,66
2011-10-02 23:00:00,4,0,0,1,14.76,18.18,81,6.0032,6,20,26
2011-10-03 00:00:00,4,0,1,1,13.94,17.425,87,7.0015,4,14,18
2011-10-03 01:00:00,4,0,1,1,14.76,18.18,81,6.0032,0,6,6
2011-10-03 02:00:00,4,0,1,1,14.76,18.18,76,7.0015,0,0,0
2011-10-03 03:00:00,4,0,1,1,14.76,18.94,81,0.0,1,6,7
2011-10-03 04:00:00,4,0,1,1,13.94,17.425,87,7.0015,0,1,1
2011-10-03 05:00:00,4,0,1,2,14.76,18.18,76,7.0015,4,12,16
2011-10-03 06:00:00,4,0,1,2,14.76,18.94,71,0.0,3,89,92
2011-10-03 07:00:00,4,0,1,2,14.76,17.425,71,8.9981,7,244,251
2011-10-03 08:00:00,4,0,1,2,14.76,18.18,71,7.0015,14,364,378
2011-10-03 09:00:00,4,0,1,2,16.4,20.455,66,6.0032,13,143,156
2011-10-03 10:00:00,4,0,1,2,16.4,20.455,66,7.0015,20,80,100
2011-10-03 11:00:00,4,0,1,2,16.4,20.455,71,15.0013,25,103,128
2011-10-03 12:00:00,4,0,1,2,16.4,20.455,71,8.9981,29,117,146
2011-10-03 13:00:00,4,0,1,3,17.22,21.21,67,11.0014,16,99,115
2011-10-03 14:00:00,4,0,1,3,16.4,20.455,76,0.0,25,95,120
2011-10-03 15:00:00,4,0,1,3,16.4,20.455,76,0.0,22,74,96
2011-10-03 16:00:00,4,0,1,2,16.4,20.455,76,7.0015,17,201,218
2011-10-03 17:00:00,4,0,1,2,16.4,20.455,76,11.0014,41,449,490
2011-10-03 18:00:00,4,0,1,2,16.4,20.455,76,11.0014,26,387,413
2011-10-03 19:00:00,4,0,1,1,16.4,20.455,76,0.0,14,300,314
2011-10-03 20:00:00,4,0,1,3,16.4,20.455,82,0.0,12,193,205
2011-10-03 21:00:00,4,0,1,2,16.4,20.455,82,0.0,9,130,139
2011-10-03 22:00:00,4,0,1,2,16.4,20.455,82,0.0,12,79,91
2011-10-03 23:00:00,4,0,1,2,16.4,20.455,82,7.0015,11,42,53
2011-10-04 00:00:00,4,0,1,2,16.4,20.455,87,6.0032,3,22,25
2011-10-04 01:00:00,4,0,1,2,16.4,20.455,87,7.0015,0,13,13
2011-10-04 02:00:00,4,0,1,2,16.4,20.455,87,0.0,0,6,6
2011-10-04 03:00:00,4,0,1,1,16.4,20.455,82,7.0015,2,8,10
2011-10-04 04:00:00,4,0,1,1,16.4,20.455,82,6.0032,1,2,3
2011-10-04 05:00:00,4,0,1,1,16.4,20.455,82,8.9981,1,24,25
2011-10-04 06:00:00,4,0,1,1,16.4,20.455,82,7.0015,2,113,115
2011-10-04 07:00:00,4,0,1,1,17.22,21.21,82,19.0012,9,303,312
2011-10-04 08:00:00,4,0,1,1,18.04,21.97,77,15.0013,26,372,398
2011-10-04 09:00:00,4,0,1,1,18.86,22.725,67,16.9979,19,164,183
2011-10-04 10:00:00,4,0,1,1,19.68,23.485,67,19.0012,19,111,130
2011-10-04 11:00:00,4,0,1,1,22.14,25.76,64,19.0012,23,101,124
2011-10-04 12:00:00,4,0,1,1,22.96,26.515,56,19.9995,39,161,200
2011-10-04 13:00:00,4,0,1,1,22.96,26.515,56,19.9995,19,146,165
2011-10-04 14:00:00,4,0,1,1,23.78,27.275,53,16.9979,25,159,184
2011-10-04 15:00:00,4,0,1,1,23.78,27.275,56,19.0012,26,169,195
2011-10-04 16:00:00,4,0,1,1,23.78,27.275,56,22.0028,35,277,312
2011-10-04 17:00:00,4,0,1,1,22.96,26.515,60,26.0027,55,531,586
2011-10-04 18:00:00,4,0,1,1,22.14,25.76,64,19.0012,66,460,526
2011-10-04 19:00:00,4,0,1,1,21.32,25.0,68,15.0013,35,312,347
2011-10-04 20:00:00,4,0,1,1,21.32,25.0,68,15.0013,25,235,260
2011-10-04 21:00:00,4,0,1,1,20.5,24.24,72,8.9981,22,145,167
2011-10-04 22:00:00,4,0,1,1,20.5,24.24,72,8.9981,8,109,117
2011-10-04 23:00:00,4,0,1,1,19.68,23.485,77,8.9981,6,51,57
2011-10-05 00:00:00,4,0,1,1,19.68,23.485,77,8.9981,8,39,47
2011-10-05 01:00:00,4,0,1,1,19.68,23.485,77,11.0014,4,11,15
2011-10-05 02:00:00,4,0,1,1,18.86,22.725,82,11.0014,0,-5,-5
2011-10-05 03:00:00,4,0,1,1,18.86,22.725,82,7.0015,0,-1,-1
2011-10-05 04:00:00,4,0,1,1,18.04,21.97,88,0.0,2,5,7
2011-10-05 05:00:00,4,0,1,1,18.04,21.97,82,8.9981,2,32,34
2011-10-05 06:00:00,4,0,1,1,18.04,21.97,82,7.0015,5,110,115
2011-10-05 07:00:00,4,0,1,1,18.86,22.725,77,7.0015,10,289,299
2011-10-05 08:00:00,4,0,1,1,21.32,25.0,63,0.0,25,435,460
2011-10-05 09:00:00,4,0,1,1,22.14,25.76,60,19.9995,30,186,216
2011-10-05 10:00:00,4,0,1,1,22.96,26.515,56,26.0027,29,104,133
2011-10-05 11:00:00,4,0,1,1,24.6,31.06,46,19.0012,32,134,166
2011-10-05 12:00:00,4,0,1,1,25.42,31.06,43,22.0028,33,179,212
2011-10-05 13:00:00,4,0,1,1,26.24,31.06,41,15.0013,30,191,221
2011-10-05 14:00:00,4,0,1,1,26.24,31.06,41,19.0012,34,151,185
2011-10-05 15:00:00,4,0,1,1,26.24,31.06,47,19.0012,36,143,179
2011-10-05 16:00:00,4,0,1,1,26.24,31.06,47,22.0028,38,248,286
2011-10-05 17:00:00,4,0,1,1,26.24,31.06,47,16.9979,65,520,585
2011-10-05 18:00:00,4,0,1,1,24.6,31.06,53,11.0014,55,538,593
2011-10-05 19:00:00,4,0,1,1,23.78,27.275,56,8.9981,40,339,379
2011-10-05 20:00:00,4,0,1,1,21.32,25.0,77,11.0014,18,232,250
2011-10-05 21:00:00,4,0,1,1,20.5,24.24,82,7.0015,24,174,198
2011-10-05 22:00:00,4,0,1,1,21.32,25.0,72,0.0,20,127,147
2011-10-05 23:00:00,4,0,1,1,20.5,24.24,77,7.0015,11,63,74
2011-10-06 00:00:00,4,0,1,1,20.5,24.24,72,12.998,5,30,35
2011-10-06 01:00:00,4,0,1,1,19.68,23.485,63,12.998,5,12,17
2011-10-06 02:00:00,4,0,1,1,18.86,22.725,67,12.998,0,6,6
2011-10-06 03:00:00,4,0,1,1,18.04,21.97,67,15.0013,2,0,2
2011-10-06 04:00:00,4,0,1,1,18.04,21.97,62,19.0012,-2,6,4
2011-10-06 05:00:00,4,0,1,1,17.22,21.21,62,12.998,0,27,27
2011-10-06 06:00:00,4,0,1,1,16.4,20.455,66,12.998,1,111,112
2011-10-06 07:00:00,4,0,1,1,17.22,21.21,62,12.998,15,288,303
2011-10-06 08:00:00,4,0,1,1,18.04,21.97,62,11.0014,19,435,454
2011-10-06 09:00:00,4,0,1,1,18.86,22.725,63,12.998,21,187,208
2011-10-06 10:00:00,4,0,1,1,21.32,25.0,52,0.0,24,105,129
2011-10-06 11:00:00,4,0,1,1,22.14,25.76,49,0.0,29,110,139
2011-10-06 12:00:00,4,0,1,1,22.96,26.515,49,6.0032,44,172,216
2011-10-06 13:00:00,4,0,1,1,22.96,26.515,46,6.0032,33,157,190
2011-10-06 14:00:00,4,0,1,1,23.78,27.275,43,6.0032,56,137,193
2011-10-06 15:00:00,4,0,1,1,23.78,27.275,46,8.9981,61,155,216
2011-10-06 16:00:00,4,0,1,1,23.78,27.275,49,12.998,50,273,323
2011-10-06 17:00:00,4,0,1,1,22.96,26.515,52,8.9981,61,506,567
2011-10-06 18:00:00,4,0,1,1,22.14,25.76,64,6.0032,58,487,545
2011-10-06 19:00:00,4,0,1,1,21.32,25.0,59,7.0015,36,302,338
2011-10-06 20:00:00,4,0,1,1,20.5,24.24,77,7.0015,28,234,262
2011-10-06 21:00:00,4,0,1,1,18.86,22.725,88,6.0032,33,157,190
2011-10-06 22:00:00,4,0,1,1,18.86,22.725,82,0.0,24,116,140
2011-10-06 23:00:00,4,0,1,1,18.04,21.97,88,6.0032,20,77,97
2011-10-07 00:00:00,4,0,1,1,18.04,21.97,88,0.0,17,46,63
2011-10-07 01:00:00,4,0,1,1,18.04,21.97,88,0.0,2,25,27
2011-10-07 02:00:00,4,0,1,1,17.22,21.21,88,0.0,0,0,0
2011-10-07 03:00:00,4,0,1,1,16.4,20.455,87,0.0,0,9,9
2011-10-07 04:00:00,4,0,1,1,16.4,20.455,87,7.0015,0,3,3
2011-10-07 05:00:00,4,0,1,1,17.22,21.21,82,0.0,4,20,24
2011-10-07 06:00:00,4,0,1,1,17.22,21.21,88,0.0,5,86,91
2011-10-07 07:00:00,4,0,1,1,17.22,21.21,94,0.0,6,236,242
2011-10-07 08:00:00,4,0,1,1,18.86,22.725,82,0.0,30,388,418
2011-10-07 09:00:00,4,0,1,1,19.68,23.485,77,0.0,31,207,238
2011-10-07 10:00:00,4,0,1,1,21.32,25.0,68,6.0032,46,125,171
2011-10-07 11:00:00,4,0,1,1,22.96,26.515,63,0.0,80,148,228
2011-10-07 12:00:00,4,0,1,1,24.6,31.06,53,0.0,61,172,233
2011-10-07 13:00:00,4,0,1,1,24.6,31.06,46,0.0,96,209,305
2011-10-07 14:00:00,4,0,1,1,25.42,31.06,50,0.0,77,175,252
2011-10-07 15:00:00,4,0,1,1,27.06,31.06,41,0.0,68,196,264
2011-10-07 16:00:00,4,0,1,1,26.24,31.06,44,0.0,74,348,422
2011-10-07 17:00:00,4,0,1,1,24.6,31.06,56,16.9979,99,464,563
2011-10-07 18:00:00,4,0,1,1,22.96,26.515,60,6.0032,92,371,463
2011-10-07 19:00:00,4,0,1,1,22.96,26.515,52,0.0,50,243,293
2011-10-07 20:00:00,4,0,1,1,22.14,25.76,49,0.0,29,163,192
2011-10-07 21:00:00,4,0,1,1,20.5,24.24,68,0.0,23,141,164
2011-10-07 22:00:00,4,0,1,1,20.5,24.24,68,0.0,26,121,147
2011-10-07 23:00:00,4,0,1,1,20.5,24.24,63,0.0,23,112,135
2011-10-08 00:00:00,4,0,0,1,19.68,23.485,72,0.0,14,72,86
2011-10-08 01:00:00,4,0,0,1,18.86,22.725,82,0.0,12,48,60
2011-10-08 02:00:00,4,0,0,1,18.86,22.725,82,0.0,5,42,47
2011-10-08 03:00:00,4,0,0,1,18.04,21.97,88,0.0,2,15,17
2011-10-08 04:00:00,4,0,0,1,17.22,21.21,94,8.9981,2,6,8
2011-10-08 05:00:00,4,0,0,1,17.22,21.21,88,7.0015,1,4,5
2011-10-08 06:00:00,4,0,0,1,17.22,21.21,94,0.0,7,17,24
2011-10-08 07:00:00,4,0,0,1,17.22,21.21,94,6.0032,27,43,70
2011-10-08 08:00:00,4,0,0,1,18.86,22.725,82,0.0,13,84,97
2011-10-08 09:00:00,4,0,0,1,20.5,24.24,77,0.0,53,160,213
2011-10-08 10:00:00,4,0,0,1,21.32,25.0,77,0.0,122,214,336
2011-10-08 11:00:00,4,0,0,1,23.78,27.275,56,0.0,176,225,401
2011-10-08 12:00:00,4,0,0,1,25.42,31.06,35,0.0,189,258,447
2011-10-08 13:00:00,4,0,0,1,25.42,31.06,46,7.0015,257,228,485
2011-10-08 14:00:00,4,0,0,1,25.42,31.06,50,6.0032,250,220,470
2011-10-08 15:00:00,4,0,0,1,27.06,31.06,39,0.0,261,232,493
2011-10-08 16:00:00,4,0,0,1,26.24,31.06,44,6.0032,220,234,454
2011-10-08 17:00:00,4,0,0,1,25.42,31.06,50,8.9981,174,220,394
2011-10-08 18:00:00,4,0,0,1,24.6,31.06,46,7.0015,135,221,356
2011-10-08 19:00:00,4,0,0,1,22.14,25.76,68,8.9981,75,172,247
2011-10-08 20:00:00,4,0,0,1,21.32,25.0,77,7.0015,77,118,195
2011-10-08 21:00:00,4,0,0,1,21.32,25.0,77,0.0,55,130,185
2011-10-08 22:00:00,4,0,0,1,20.5,24.24,77,0.0,45,102,147
2011-10-08 23:00:00,4,0,0,1,19.68,23.485,88,0.0,52,89,141
2011-10-09 00:00:00,4,0,0,1,18.86,22.725,88,6.0032,45,81,126
2011-10-09 01:00:00,4,0,0,1,18.86,22.725,88,0.0,14,58,72
2011-10-09 02:00:00,4,0,0,1,18.86,22.725,88,0.0,18,36,54
2011-10-09 03:00:00,4,0,0,1,18.04,21.97,88,0.0,9,19,28
2011-10-09 04:00:00,4,0,0,1,18.04,21.97,88,0.0,6,7,13
2011-10-09 05:00:00,4,0,0,1,18.04,21.97,88,0.0,1,19,20
2011-10-09 06:00:00,4,0,0,1,18.04,21.97,88,0.0,7,15,22
2011-10-09 07:00:00,4,0,0,1,18.04,21.97,86,0.0,19,21,40
2011-10-09 08:00:00,4,0,0,1,18.86,22.725,88,0.0,25,86,111
2011-10-09 09:00:00,4,0,0,1,20.5,24.24,77,0.0,64,125,189
2011-10-09 10:00:00,4,0,0,1,22.96,26.515,68,6.0032,153,207,360
2011-10-09 11:00:00,4,0,0,1,25.42,31.06,53,6.0032,186,238,424
2011-10-09 12:00:00,4,0,0,1,26.24,31.06,44,6.0032,211,243,454
2011-10-09 13:00:00,4,0,0,1,27.06,31.06,44,6.0032,225,190,415
2011-10-09 14:00:00,4,0,0,1,27.88,31.82,47,11.0014,270,227,497
2011-10-09 15:00:00,4,0,0,1,27.88,31.82,51,11.0014,198,207,405
2011-10-09 16:00:00,4,0,0,1,27.06,31.06,50,8.9981,224,249,473
2011-10-09 17:00:00,4,0,0,1,25.42,30.305,61,7.0015,206,228,434
2011-10-09 18:00:00,4,0,0,1,26.24,31.06,50,7.0015,186,225,411
2011-10-09 19:00:00,4,0,0,1,22.96,26.515,73,6.0032,116,189,305
2011-10-09 20:00:00,4,0,0,1,22.96,26.515,73,7.0015,58,132,190
2011-10-09 21:00:00,4,0,0,1,22.14,25.76,83,7.0015,52,116,168
2011-10-09 22:00:00,4,0,0,2,21.32,25.0,94,0.0,48,107,155
2011-10-09 23:00:00,4,0,0,1,20.5,24.24,88,7.0015,37,89,126
2011-10-10 00:00:00,4,1,0,1,20.5,24.24,94,0.0,10,40,50
2011-10-10 01:00:00,4,1,0,1,19.68,23.485,88,0.0,3,31,34
2011-10-10 02:00:00,4,1,0,1,19.68,23.485,88,0.0,4,14,18
2011-10-10 03:00:00,4,1,0,1,18.86,22.725,88,0.0,4,13,17
2011-10-10 04:00:00,4,1,0,1,18.86,22.725,94,0.0,2,7,9
2011-10-10 05:00:00,4,1,0,1,18.86,22.725,94,0.0,0,16,16
2011-10-10 06:00:00,4,1,0,1,18.04,21.97,94,0.0,5,38,43
2011-10-10 07:00:00,4,1,0,1,18.86,22.725,88,0.0,11,103,114
2011-10-10 08:00:00,4,1,0,1,21.32,25.0,83,0.0,25,227,252
2011-10-10 09:00:00,4,1,0,1,22.14,25.76,77,0.0,58,162,220
2011-10-10 10:00:00,4,1,0,1,22.96,26.515,73,11.0014,106,161,267
2011-10-10 11:00:00,4,1,0,1,25.42,30.305,69,6.0032,140,184,324
2011-10-10 12:00:00,4,1,0,2,28.7,32.575,48,6.0032,164,201,365
2011-10-10 13:00:00,4,1,0,1,29.52,32.575,37,0.0,147,212,359
2011-10-10 14:00:00,4,1,0,1,30.34,32.575,37,0.0,146,222,368
2011-10-10 15:00:00,4,1,0,2,29.52,32.575,42,7.0015,128,253,381
2011-10-10 16:00:00,4,1,0,2,28.7,31.82,45,6.0032,153,249,402
2011-10-10 17:00:00,4,1,0,2,27.06,31.06,54,7.0015,125,334,459
2011-10-10 18:00:00,4,1,0,2,26.24,31.06,53,0.0,106,364,470
2011-10-10 19:00:00,4,1,0,2,23.78,27.275,78,6.0032,69,269,338
2011-10-10 20:00:00,4,1,0,1,24.6,29.545,73,0.0,37,183,220
2011-10-10 21:00:00,4,1,0,1,22.96,26.515,88,6.0032,25,146,171
2011-10-10 22:00:00,4,1,0,1,22.96,26.515,88,6.0032,20,102,122
2011-10-10 23:00:00,4,1,0,2,22.14,25.76,88,7.0015,12,60,72
2011-10-11 00:00:00,4,0,1,2,22.14,25.76,88,0.0,14,13,27
2011-10-11 01:00:00,4,0,1,2,21.32,25.0,94,6.0032,0,3,3
2011-10-11 02:00:00,4,0,1,2,21.32,25.0,94,8.9981,1,8,9
2011-10-11 03:00:00,4,0,1,2,21.32,25.0,88,7.0015,1,0,1
2011-10-11 04:00:00,4,0,1,2,21.32,25.0,88,8.9981,-2,5,3
2011-10-11 05:00:00,4,0,1,2,21.32,25.0,88,0.0,-1,20,19
2011-10-11 06:00:00,4,0,1,1,21.32,25.0,83,6.0032,9,118,127
2011-10-11 07:00:00,4,0,1,2,21.32,25.0,88,6.0032,18,330,348
2011-10-11 08:00:00,4,0,1,2,22.96,26.515,83,7.0015,31,374,405
2011-10-11 09:00:00,4,0,1,2,24.6,29.545,69,0.0,40,197,237
2011-10-11 10:00:00,4,0,1,2,24.6,29.545,69,8.9981,37,111,148
2011-10-11 11:00:00,4,0,1,2,24.6,29.545,73,11.0014,30,94,124
2011-10-11 12:00:00,4,0,1,2,24.6,29.545,73,11.0014,50,130,180
2011-10-11 13:00:00,4,0,1,2,24.6,29.545,73,12.998,42,133,175
2011-10-11 14:00:00,4,0,1,3,24.6,29.545,73,7.0015,51,119,170
2011-10-11 15:00:00,4,0,1,2,24.6,28.79,78,11.0014,34,139,173
2011-10-11 16:00:00,4,0,1,2,24.6,29.545,73,11.0014,63,256,319
2011-10-11 17:00:00,4,0,1,2,24.6,28.79,78,16.9979,70,528,598
2011-10-11 18:00:00,4,0,1,2,24.6,28.79,78,15.0013,44,496,540
2011-10-11 19:00:00,4,0,1,2,23.78,27.275,83,15.0013,34,284,318
2011-10-11 20:00:00,4,0,1,2,23.78,27.275,83,15.0013,32,198,230
2011-10-11 21:00:00,4,0,1,2,23.78,27.275,78,12.998,17,159,176
2011-10-11 22:00:00,4,0,1,2,22.96,26.515,83,12.998,27,119,146
2011-10-11 23:00:00,4,0,1,2,22.96,26.515,83,19.0012,10,48,58
2011-10-12 00:00:00,4,0,1,2,22.96,26.515,83,8.9981,1,19,20
2011-10-12 01:00:00,4,0,1,3,22.96,26.515,83,8.9981,0,3,3
2011-10-12 02:00:00,4,0,1,2,22.96,26.515,83,19.0012,0,10,10
2011-10-12 03:00:00,4,0,1,3,22.14,25.76,94,19.9995,1,5,6
2011-10-12 04:00:00,4,0,1,3,22.14,25.76,94,26.0027,1,9,10
2011-10-12 05:00:00,4,0,1,2,22.14,25.76,88,22.0028,0,23,23
2011-10-12 06:00:00,4,0,1,2,22.14,25.76,88,16.9979,4,105,109
2011-10-12 07:00:00,4,0,1,2,22.14,25.76,88,26.0027,16,243,259
2011-10-12 08:00:00,4,0,1,2,22.14,25.76,88,26.0027,25,383,408
2011-10-12 09:00:00,4,0,1,2,22.14,25.76,88,30.0026,14,183,197
2011-10-12 10:00:00,4,0,1,2,22.14,25.76,88,26.0027,15,97,112
2011-10-12 11:00:00,4,0,1,3,22.14,25.76,94,22.0028,17,105,122
2011-10-12 12:00:00,4,0,1,3,22.14,25.76,88,22.0028,10,52,62
2011-10-12 13:00:00,4,0,1,3,22.14,25.76,88,15.0013,23,76,99
2011-10-12 14:00:00,4,0,1,3,22.14,25.76,94,19.0012,6,66,72
2011-10-12 15:00:00,4,0,1,3,22.14,25.76,94,16.9979,2,44,46
2011-10-12 16:00:00,4,0,1,2,22.96,26.515,88,15.0013,5,53,58
2011-10-12 17:00:00,4,0,1,3,22.14,25.76,94,15.0013,16,237,253
2011-10-12 18:00:00,4,0,1,3,22.14,25.76,94,8.9981,11,159,170
2011-10-12 19:00:00,4,0,1,3,22.14,25.76,94,8.9981,7,105,112
2011-10-12 20:00:00,4,0,1,3,22.14,25.76,94,7.0015,8,78,86
2011-10-12 21:00:00,4,0,1,3,22.14,25.76,100,7.0015,8,73,81
2011-10-12 22:00:00,4,0,1,3,22.14,25.76,94,6.0032,5,42,47
2011-10-12 23:00:00,4,0,1,3,22.14,25.76,94,6.0032,11,37,48
2011-10-13 00:00:00,4,0,1,2,22.14,25.76,94,8.9981,0,12,12
2011-10-13 01:00:00,4,0,1,2,22.14,25.76,94,0.0,3,12,15
2011-10-13 02:00:00,4,0,1,2,22.14,25.76,94,0.0,0,0,0
2011-10-13 03:00:00,4,0,1,2,22.14,25.76,100,12.998,3,6,9
2011-10-13 04:00:00,4,0,1,2,22.14,25.76,100,7.0015,0,5,5
2011-10-13 05:00:00,4,0,1,2,22.14,25.76,100,7.0015,0,12,12
2011-10-13 06:00:00,4,0,1,3,22.14,25.76,100,6.0032,1,45,46
2011-10-13 07:00:00,4,0,1,3,22.14,25.76,100,8.9981,3,71,74
2011-10-13 08:00:00,4,0,1,3,22.14,25.76,100,6.0032,9,202,211
2011-10-13 09:00:00,4,0,1,3,22.96,26.515,100,7.0015,2,106,108
2011-10-13 10:00:00,4,0,1,3,22.96,26.515,100,8.9981,16,60,76
2011-10-13 11:00:00,4,0,1,2,25.42,28.79,83,0.0,8,76,84
2011-10-13 12:00:00,4,0,1,2,25.42,28.03,88,0.0,11,92,103
2011-10-13 13:00:00,4,0,1,2,26.24,28.79,83,11.0014,20,137,157
2011-10-13 14:00:00,4,0,1,1,27.06,30.305,78,12.998,22,112,134
2011-10-13 15:00:00,4,0,1,1,27.06,30.305,78,12.998,29,130,159
2011-10-13 16:00:00,4,0,1,1,27.06,31.06,74,15.0013,36,243,279
2011-10-13 17:00:00,4,0,1,3,25.42,28.79,83,16.9979,46,426,472
2011-10-13 18:00:00,4,0,1,3,25.42,28.79,83,16.9979,19,249,268
2011-10-13 19:00:00,4,0,1,2,25.42,28.79,83,11.0014,17,190,207
2011-10-13 20:00:00,4,0,1,1,25.42,28.79,83,19.0012,13,166,179
2011-10-13 21:00:00,4,0,1,1,25.42,28.79,83,12.998,8,112,120
2011-10-13 22:00:00,4,0,1,1,25.42,28.79,83,12.998,13,97,110
2011-10-13 23:00:00,4,0,1,2,23.78,27.275,88,12.998,2,49,51
2011-10-14 00:00:00,4,0,1,1,23.78,27.275,94,6.0032,9,25,34
2011-10-14 01:00:00,4,0,1,1,23.78,27.275,94,8.9981,9,18,27
2011-10-14 02:00:00,4,0,1,1,22.96,26.515,94,11.0014,0,1,1
2011-10-14 03:00:00,4,0,1,1,22.96,26.515,94,8.9981,0,2,2
2011-10-14 04:00:00,4,0,1,1,22.96,26.515,94,12.998,0,5,5
2011-10-14 05:00:00,4,0,1,2,22.96,26.515,94,11.0014,2,14,16
2011-10-14 06:00:00,4,0,1,3,22.96,26.515,88,12.998,4,93,97
2011-10-14 07:00:00,4,0,1,3,22.96,26.515,88,12.998,10,142,152
2011-10-14 08:00:00,4,0,1,2,22.96,26.515,90,11.0014,23,191,214
2011-10-14 09:00:00,4,0,1,2,22.96,26.515,94,15.0013,14,165,179
2011-10-14 10:00:00,4,0,1,3,22.14,25.76,88,23.9994,14,108,122
2011-10-14 11:00:00,4,0,1,3,21.32,25.0,88,11.0014,9,75,84
2011-10-14 12:00:00,4,0,1,3,21.32,25.0,88,11.0014,11,58,69
2011-10-14 13:00:00,4,0,1,1,22.96,26.515,73,23.9994,16,109,125
2011-10-14 14:00:00,4,0,1,1,25.42,31.06,43,23.9994,37,117,154
2011-10-14 15:00:00,4,0,1,1,25.42,31.06,43,19.0012,62,167,229
2011-10-14 16:00:00,4,0,1,1,24.6,31.06,43,15.0013,78,257,335
2011-10-14 17:00:00,4,0,1,1,23.78,27.275,46,27.9993,55,424,479
2011-10-14 18:00:00,4,0,1,1,22.14,25.76,39,19.0012,59,357,416
2011-10-14 19:00:00,4,0,1,1,22.14,25.76,39,22.0028,26,223,249
2011-10-14 20:00:00,4,0,1,1,21.32,25.0,42,12.998,19,177,196
2011-10-14 21:00:00,4,0,1,1,20.5,24.24,45,12.998,21,155,176
2011-10-14 22:00:00,4,0,1,1,18.86,22.725,59,15.0013,18,116,134
2011-10-14 23:00:00,4,0,1,1,18.86,22.725,59,11.0014,14,82,96
2011-10-15 00:00:00,4,0,0,1,18.86,22.725,55,7.0015,17,86,103
2011-10-15 01:00:00,4,0,0,1,18.86,22.725,55,16.9979,8,63,71
2011-10-15 02:00:00,4,0,0,1,18.86,22.725,59,12.998,17,37,54
2011-10-15 03:00:00,4,0,0,1,18.04,21.97,62,12.998,6,14,20
2011-10-15 04:00:00,4,0,0,1,17.22,21.21,67,8.9981,0,7,7
2011-10-15 05:00:00,4,0,0,1,17.22,21.21,71,11.0014,0,5,5
2011-10-15 06:00:00,4,0,0,1,16.4,20.455,71,0.0,5,16,21
2011-10-15 07:00:00,4,0,0,1,16.4,20.455,76,7.0015,17,35,52
2011-10-15 08:00:00,4,0,0,1,18.86,22.725,59,19.0012,24,102,126
2011-10-15 09:00:00,4,0,0,1,21.32,25.0,48,19.9995,51,156,207
2011-10-15 10:00:00,4,0,0,1,22.14,25.76,45,30.0026,114,204,318
2011-10-15 11:00:00,4,0,0,1,22.96,26.515,40,26.0027,154,222,376
2011-10-15 12:00:00,4,0,0,1,23.78,27.275,35,36.9974,193,257,450
2011-10-15 13:00:00,4,0,0,1,24.6,31.06,35,31.0009,170,219,389
2011-10-15 14:00:00,4,0,0,1,24.6,31.06,33,31.0009,242,238,480
2011-10-15 15:00:00,4,0,0,1,25.42,31.06,31,32.9975,165,211,376
2011-10-15 16:00:00,4,0,0,1,25.42,31.06,29,26.0027,178,266,444
2011-10-15 17:00:00,4,0,0,1,23.78,27.275,32,19.0012,177,260,437
2011-10-15 18:00:00,4,0,0,1,22.14,25.76,39,12.998,120,244,364
2011-10-15 19:00:00,4,0,0,1,20.5,24.24,51,8.9981,60,175,235
2011-10-15 20:00:00,4,0,0,1,20.5,24.24,48,8.9981,40,134,174
2011-10-15 21:00:00,4,0,0,1,20.5,24.24,42,15.0013,53,120,173
2011-10-15 22:00:00,4,0,0,1,20.5,24.24,36,8.9981,44,116,160
2011-10-15 23:00:00,4,0,0,1,19.68,23.485,41,11.0014,34,105,139
2011-10-16 00:00:00,4,0,0,1,18.86,22.725,44,8.9981,22,87,109
2011-10-16 01:00:00,4,0,0,1,18.04,21.97,47,8.9981,12,65,77
2011-10-16 02:00:00,4,0,0,1,17.22,21.21,54,8.9981,13,56,69
2011-10-16 03:00:00,4,0,0,1,17.22,21.21,54,8.9981,10,33,43
2011-10-16 04:00:00,4,0,0,1,17.22,21.21,54,12.998,5,6,11
2011-10-16 05:00:00,4,0,0,1,17.22,21.21,54,11.0014,0,2,2
2011-10-16 06:00:00,4,0,0,1,15.58,19.695,66,11.0014,3,12,15
2011-10-16 07:00:00,4,0,0,1,16.4,20.455,62,8.9981,9,36,45
2011-10-16 08:00:00,4,0,0,1,18.04,21.97,62,12.998,26,68,94
2011-10-16 09:00:00,4,0,0,1,20.5,24.24,45,15.0013,39,154,193
2011-10-16 10:00:00,4,0,0,1,22.14,25.76,45,16.9979,122,229,351
2011-10-16 11:00:00,4,0,0,1,22.96,26.515,35,19.0012,158,216,374
2011-10-16 12:00:00,4,0,0,1,23.78,27.275,35,16.9979,166,278,444
2011-10-16 13:00:00,4,0,0,1,24.6,31.06,35,19.9995,170,266,436
2011-10-16 14:00:00,4,0,0,1,24.6,31.06,40,19.9995,202,259,461
2011-10-16 15:00:00,4,0,0,1,25.42,31.06,35,26.0027,182,231,413
2011-10-16 16:00:00,4,0,0,1,24.6,31.06,46,26.0027,177,287,464
2011-10-16 17:00:00,4,0,0,1,23.78,27.275,49,31.0009,151,254,405
2011-10-16 18:00:00,4,0,0,1,22.96,26.515,49,30.0026,101,224,325
2011-10-16 19:00:00,4,0,0,1,22.14,25.76,52,26.0027,51,184,235
2011-10-16 20:00:00,4,0,0,1,22.14,25.76,52,31.0009,49,128,177
2011-10-16 21:00:00,4,0,0,1,22.14,25.76,52,26.0027,12,88,100
2011-10-16 22:00:00,4,0,0,1,22.96,26.515,49,27.9993,41,92,133
2011-10-16 23:00:00,4,0,0,1,22.96,26.515,52,27.9993,14,48,62
2011-10-17 00:00:00,4,0,1,1,22.14,25.76,56,22.0028,13,26,39
2011-10-17 01:00:00,4,0,1,1,22.96,26.515,54,26.0027,2,17,19
2011-10-17 02:00:00,4,0,1,1,22.96,26.515,54,26.0027,6,-1,5
2011-10-17 03:00:00,4,0,1,1,22.96,26.515,49,12.998,-1,0,-1
2011-10-17 04:00:00,4,0,1,1,21.32,25.0,59,11.0014,0,3,3
2011-10-17 05:00:00,4,0,1,1,20.5,24.24,63,19.9995,1,23,24
2011-10-17 06:00:00,4,0,1,1,20.5,24.24,55,16.9979,6,107,113
2011-10-17 07:00:00,4,0,1,2,20.5,24.24,55,11.0014,11,304,315
2011-10-17 08:00:00,4,0,1,2,20.5,24.24,51,16.9979,31,387,418
2011-10-17 09:00:00,4,0,1,2,20.5,24.24,45,19.0012,26,178,204
2011-10-17 10:00:00,4,0,1,1,21.32,25.0,45,11.0014,43,92,135
2011-10-17 11:00:00,4,0,1,1,22.96,26.515,43,0.0,34,129,163
2011-10-17 12:00:00,4,0,1,1,22.96,26.515,40,6.0032,38,159,197
2011-10-17 13:00:00,4,0,1,1,22.96,26.515,46,6.0032,46,156,202
2011-10-17 14:00:00,4,0,1,1,23.78,27.275,49,12.998,44,119,163
2011-10-17 15:00:00,4,0,1,1,22.96,26.515,60,16.9979,66,141,207
2011-10-17 16:00:00,4,0,1,1,23.78,27.275,56,16.9979,66,239,305
2011-10-17 17:00:00,4,0,1,1,22.96,26.515,64,8.9981,80,538,618
2011-10-17 18:00:00,4,0,1,1,22.96,26.515,60,0.0,48,471,519
2011-10-17 19:00:00,4,0,1,1,22.14,25.76,68,7.0015,45,285,330
2011-10-17 20:00:00,4,0,1,1,21.32,25.0,77,7.0015,39,194,233
2011-10-17 21:00:00,4,0,1,1,20.5,24.24,77,7.0015,35,141,176
2011-10-17 22:00:00,4,0,1,1,20.5,24.24,77,0.0,14,92,106
2011-10-17 23:00:00,4,0,1,2,19.68,23.485,88,0.0,9,54,63
2011-10-18 00:00:00,4,0,1,1,19.68,23.485,82,0.0,8,15,23
2011-10-18 01:00:00,4,0,1,2,18.86,22.725,88,0.0,4,3,7
2011-10-18 02:00:00,4,0,1,1,18.04,21.97,94,6.0032,0,3,3
2011-10-18 03:00:00,4,0,1,1,18.04,21.97,94,6.0032,0,2,2
2011-10-18 04:00:00,4,0,1,2,18.04,21.97,94,7.0015,0,0,0
2011-10-18 05:00:00,4,0,1,2,18.86,22.725,88,0.0,2,20,22
2011-10-18 06:00:00,4,0,1,1,18.86,22.725,82,6.0032,3,108,111
2011-10-18 07:00:00,4,0,1,1,18.86,22.725,88,6.0032,14,322,336
2011-10-18 08:00:00,4,0,1,1,20.5,24.24,77,6.0032,23,479,502
2011-10-18 09:00:00,4,0,1,2,21.32,25.0,77,6.0032,28,199,227
2011-10-18 10:00:00,4,0,1,2,22.96,26.515,68,0.0,27,74,101
2011-10-18 11:00:00,4,0,1,2,24.6,31.06,49,7.0015,35,118,153
2011-10-18 12:00:00,4,0,1,2,25.42,31.06,43,6.0032,41,161,202
2011-10-18 13:00:00,4,0,1,2,26.24,31.06,38,12.998,47,178,225
2011-10-18 14:00:00,4,0,1,2,25.42,31.06,41,11.0014,32,132,164
2011-10-18 15:00:00,4,0,1,1,25.42,31.06,50,12.998,65,135,200
2011-10-18 16:00:00,4,0,1,1,25.42,31.06,57,16.9979,56,248,304
2011-10-18 17:00:00,4,0,1,1,24.6,30.305,60,8.9981,72,552,624
2011-10-18 18:00:00,4,0,1,1,22.96,26.515,68,7.0015,57,509,566
2011-10-18 19:00:00,4,0,1,1,22.96,26.515,60,7.0015,31,285,316
2011-10-18 20:00:00,4,0,1,1,22.14,25.76,64,11.0014,26,204,230
2011-10-18 21:00:00,4,0,1,2,22.14,25.76,68,8.9981,29,180,209
2011-10-18 22:00:00,4,0,1,2,21.32,25.0,77,11.0014,22,112,134
2011-10-18 23:00:00,4,0,1,2,21.32,25.0,77,12.998,7,63,70
2011-10-19 00:00:00,4,0,1,2,21.32,25.0,77,12.998,11,20,31
2011-10-19 01:00:00,4,0,1,2,21.32,25.0,77,12.998,6,7,13
2011-10-19 02:00:00,4,0,1,2,21.32,25.0,77,12.998,1,8,9
2011-10-19 04:00:00,4,0,1,3,20.5,24.24,94,12.998,0,1,1
2011-10-19 05:00:00,4,0,1,3,20.5,24.24,100,7.0015,0,-2,-2
2011-10-19 06:00:00,4,0,1,3,21.32,25.0,83,16.9979,0,25,25
2011-10-19 07:00:00,4,0,1,3,21.32,25.0,77,16.9979,1,70,71
2011-10-19 08:00:00,4,0,1,3,22.14,25.76,70,32.9975,8,201,209
2011-10-19 09:00:00,4,0,1,3,21.32,25.0,88,32.9975,17,189,206
2011-10-19 10:00:00,4,0,1,3,21.32,25.0,88,32.9975,15,106,121
2011-10-19 11:00:00,4,0,1,3,21.32,25.0,94,16.9979,33,117,150
2011-10-19 12:00:00,4,0,1,3,21.32,25.0,94,22.0028,12,118,130
2011-10-19 13:00:00,4,0,1,2,22.14,25.76,94,19.0012,17,85,102
2011-10-19 14:00:00,4,0,1,3,22.14,25.76,94,11.0014,18,77,95
2011-10-19 15:00:00,4,0,1,3,22.14,25.76,100,8.9981,19,99,118
2011-10-19 16:00:00,4,0,1,3,22.96,26.515,94,11.0014,19,182,201
2011-10-19 17:00:00,4,0,1,3,22.96,26.515,94,11.0014,12,169,181
2011-10-19 18:00:00,4,0,1,3,22.96,26.515,100,11.0014,5,133,138
2011-10-19 19:00:00,4,0,1,2,24.6,27.275,88,8.9981,9,186,195
2011-10-19 20:00:00,4,0,1,3,24.6,25.76,94,6.0032,3,140,143
2011-10-19 21:00:00,4,0,1,2,23.78,27.275,94,8.9981,6,82,88
2011-10-19 22:00:00,4,0,1,2,23.78,27.275,94,23.9994,12,98,110
2011-10-19 23:00:00,4,0,1,2,23.78,27.275,94,23.9994,14,51,65
2011-11-01 00:00:00,4,0,1,2,14.76,17.425,87,11.0014,4,19,23
2011-11-01 01:00:00,4,0,1,1,14.76,17.425,81,8.9981,1,7,8
2011-11-01 02:00:00,4,0,1,2,14.76,17.425,81,11.0014,0,12,12
2011-11-01 03:00:00,4,0,1,2,14.76,17.425,81,8.9981,0,0,0
2011-11-01 04:00:00,4,0,1,1,13.94,15.91,81,15.0013,-1,0,-1
2011-11-01 05:00:00,4,0,1,1,13.12,15.91,81,12.998,3,17,20
2011-11-01 06:00:00,4,0,1,1,13.12,15.91,81,12.998,2,87,89
2011-11-01 07:00:00,4,0,1,1,13.94,16.665,76,12.998,6,248,254
2011-11-01 08:00:00,4,0,1,1,14.76,16.665,71,16.9979,17,399,416
2011-11-01 09:00:00,4,0,1,1,16.4,20.455,66,11.0014,15,204,219
2011-11-01 10:00:00,4,0,1,1,18.04,21.97,62,8.9981,22,114,136
2011-11-01 11:00:00,4,0,1,1,18.86,22.725,63,7.0015,15,100,115
2011-11-01 12:00:00,4,0,1,1,20.5,24.24,48,6.0032,23,159,182
2011-11-01 13:00:00,4,0,1,1,19.68,23.485,55,12.998,19,150,169
2011-11-01 14:00:00,4,0,1,1,20.5,24.24,48,16.9979,32,115,147
2011-11-01 15:00:00,4,0,1,1,20.5,24.24,45,8.9981,36,148,184
2011-11-01 16:00:00,4,0,1,1,19.68,23.485,44,11.0014,46,256,302
2011-11-01 17:00:00,4,0,1,1,18.04,21.97,54,11.0014,36,473,509
2011-11-01 18:00:00,4,0,1,1,17.22,21.21,58,7.0015,39,418,457
2011-11-01 19:00:00,4,0,1,1,17.22,21.21,58,6.0032,38,272,310
2011-11-01 20:00:00,4,0,1,1,16.4,20.455,71,0.0,17,186,203
2011-11-01 21:00:00,4,0,1,1,14.76,18.94,81,0.0,13,112,125
2011-11-01 22:00:00,4,0,1,1,14.76,18.94,81,0.0,4,88,92
2011-11-01 23:00:00,4,0,1,1,13.94,18.18,87,0.0,10,59,69
2011-11-02 00:00:00,4,0,1,1,13.12,17.425,87,0.0,0,22,22
2011-11-02 01:00:00,4,0,1,1,12.3,16.665,87,0.0,2,8,10
2011-11-02 02:00:00,4,0,1,1,12.3,16.665,87,0.0,1,4,5
2011-11-02 03:00:00,4,0,1,1,12.3,16.665,75,0.0,1,2,3
2011-11-02 04:00:00,4,0,1,1,12.3,16.665,87,0.0,0,0,0
2011-11-02 05:00:00,4,0,1,1,12.3,16.665,81,0.0,0,31,31
2011-11-02 06:00:00,4,0,1,1,12.3,16.665,81,0.0,1,93,94
2011-11-02 07:00:00,4,0,1,1,12.3,16.665,81,0.0,12,242,254
2011-11-02 08:00:00,4,0,1,1,13.12,17.425,87,0.0,18,454,472
2011-11-02 09:00:00,4,0,1,1,13.94,18.18,87,0.0,13,214,227
2011-11-02 10:00:00,4,0,1,1,16.4,20.455,71,6.0032,25,112,137
2011-11-02 11:00:00,4,0,1,1,17.22,21.21,71,8.9981,27,115,142
2011-11-02 12:00:00,4,0,1,1,18.86,22.725,55,11.0014,33,160,193
2011-11-02 13:00:00,4,0,1,1,19.68,23.485,48,11.0014,22,135,157
2011-11-02 14:00:00,4,0,1,1,20.5,24.24,45,11.0014,40,132,172
2011-11-02 15:00:00,4,0,1,1,19.68,23.485,51,11.0014,26,163,189
2011-11-02 16:00:00,4,0,1,1,19.68,23.485,51,7.0015,36,223,259
2011-11-02 17:00:00,4,0,1,1,18.04,21.97,62,12.998,32,523,555
2011-11-02 18:00:00,4,0,1,1,17.22,21.21,71,11.0014,31,451,482
2011-11-02 19:00:00,4,0,1,1,16.4,20.455,76,8.9981,25,257,282
2011-11-02 20:00:00,4,0,1,1,16.4,20.455,66,8.9981,4,174,178
2011-11-02 21:00:00,4,0,1,1,15.58,19.695,71,8.9981,13,158,171
2011-11-02 22:00:00,4,0,1,1,14.76,17.425,71,8.9981,7,102,109
2011-11-02 23:00:00,4,0,1,1,14.76,18.18,76,6.0032,4,49,53
2011-11-03 00:00:00,4,0,1,1,14.76,18.18,76,6.0032,2,22,24
2011-11-03 01:00:00,4,0,1,1,13.94,16.665,81,8.9981,3,15,18
2011-11-03 02:00:00,4,0,1,1,13.94,16.665,76,8.9981,2,3,5
2011-11-03 03:00:00,4,0,1,1,13.94,16.665,81,8.9981,2,0,2
2011-11-03 04:00:00,4,0,1,1,13.12,16.665,81,6.0032,0,-1,-1
2011-11-03 05:00:00,4,0,1,1,13.12,16.665,81,8.9981,0,23,23
2011-11-03 06:00:00,4,0,1,1,13.94,16.665,76,12.998,4,100,104
2011-11-03 07:00:00,4,0,1,2,13.12,16.665,81,6.0032,12,278,290
2011-11-03 08:00:00,4,0,1,2,13.94,17.425,81,6.0032,9,395,404
2011-11-03 09:00:00,4,0,1,2,14.76,17.425,81,12.998,8,151,159
2011-11-03 10:00:00,4,0,1,2,16.4,20.455,76,12.998,10,98,108
2011-11-03 11:00:00,4,0,1,1,18.04,21.97,67,12.998,11,110,121
2011-11-03 12:00:00,4,0,1,1,20.5,24.24,51,12.998,15,160,175
2011-11-03 13:00:00,4,0,1,2,21.32,25.0,48,16.9979,20,148,168
2011-11-03 14:00:00,4,0,1,1,21.32,25.0,52,11.0014,30,120,150
2011-11-03 15:00:00,4,0,1,1,21.32,25.0,52,11.0014,23,132,155
2011-11-03 16:00:00,4,0,1,1,21.32,25.0,48,12.998,33,241,274
2011-11-03 17:00:00,4,0,1,1,19.68,23.485,55,6.0032,33,463,496
2011-11-03 18:00:00,4,0,1,1,18.86,22.725,63,8.9981,24,406,430
2011-11-03 19:00:00,4,0,1,1,18.04,21.97,67,6.0032,17,235,252
2011-11-03 20:00:00,4,0,1,1,17.22,21.21,71,7.0015,10,195,205
2011-11-03 21:00:00,4,0,1,1,16.4,20.455,76,8.9981,2,138,140
2011-11-03 22:00:00,4,0,1,1,16.4,20.455,82,0.0,21,114,135
2011-11-03 23:00:00,4,0,1,1,16.4,20.455,82,6.0032,17,84,101
2011-11-04 00:00:00,4,0,1,2,16.4,20.455,82,0.0,12,30,42
2011-11-04 01:00:00,4,0,1,2,16.4,20.455,82,0.0,1,14,15
2011-11-04 02:00:00,4,0,1,2,16.4,20.455,76,0.0,1,0,1
2011-11-04 03:00:00,4,0,1,2,15.58,19.695,87,11.0014,1,7,8
2011-11-04 04:00:00,4,0,1,2,15.58,19.695,87,6.0032,0,9,9
2011-11-04 05:00:00,4,0,1,2,15.58,19.695,87,0.0,0,26,26
2011-11-04 06:00:00,4,0,1,2,15.58,19.695,87,6.0032,2,65,67
2011-11-04 07:00:00,4,0,1,2,16.4,20.455,86,15.0013,9,238,247
2011-11-04 08:00:00,4,0,1,2,16.4,20.455,87,23.9994,8,388,396
2011-11-04 09:00:00,4,0,1,2,17.22,21.21,71,31.0009,15,239,254
2011-11-04 10:00:00,4,0,1,2,17.22,21.21,71,22.0028,18,113,131
2011-11-04 11:00:00,4,0,1,2,18.04,21.97,67,30.0026,35,129,164
2011-11-04 12:00:00,4,0,1,2,19.68,23.485,55,32.9975,45,154,199
2011-11-04 13:00:00,4,0,1,1,18.04,21.97,51,27.9993,32,160,192
2011-11-04 14:00:00,4,0,1,1,18.04,21.97,47,19.9995,54,149,203
2011-11-04 15:00:00,4,0,1,1,18.86,22.725,44,26.0027,44,191,235
2011-11-04 16:00:00,4,0,1,1,18.86,22.725,36,26.0027,51,235,286
2011-11-04 17:00:00,4,0,1,1,17.22,21.21,38,23.9994,41,435,476
2011-11-04 18:00:00,4,0,1,1,17.22,21.21,32,31.0009,34,335,369
2011-11-04 19:00:00,4,0,1,1,16.4,20.455,37,23.9994,13,181,194
2011-11-04 20:00:00,4,0,1,1,14.76,16.665,43,19.0012,16,169,185
2011-11-04 21:00:00,4,0,1,1,13.94,15.91,46,16.9979,6,115,121
2011-11-04 22:00:00,4,0,1,1,13.94,15.15,46,22.0028,4,108,112
2011-11-04 23:00:00,4,0,1,1,13.12,15.15,49,22.0028,17,71,88
2011-11-05 00:00:00,4,0,0,1,13.12,14.395,45,23.9994,3,53,56
2011-11-05 01:00:00,4,0,0,1,13.12,15.15,45,19.9995,3,59,62
2011-11-05 02:00:00,4,0,0,1,12.3,13.635,52,22.0028,7,26,33
2011-11-05 03:00:00,4,0,0,1,12.3,13.635,52,19.9995,-2,7,5
2011-11-05 04:00:00,4,0,0,1,11.48,12.88,56,22.0028,2,7,9
2011-11-05 05:00:00,4,0,0,1,10.66,11.365,60,22.0028,-1,1,0
2011-11-05 06:00:00,4,0,0,1,10.66,12.12,60,16.9979,2,24,26
2011-11-05 07:00:00,4,0,0,1,10.66,12.12,60,19.0012,2,29,31
2011-11-05 08:00:00,4,0,0,1,11.48,12.88,56,22.0028,4,81,85
2011-11-05 09:00:00,4,0,0,1,12.3,13.635,56,19.9995,30,118,148
2011-11-05 10:00:00,4,0,0,1,13.12,15.15,53,16.9979,55,169,224
2011-11-05 11:00:00,4,0,0,1,14.76,18.18,46,7.0015,68,160,228
2011-11-05 12:00:00,4,0,0,1,14.76,17.425,46,11.0014,137,236,373
2011-11-05 13:00:00,4,0,0,1,16.4,20.455,37,7.0015,149,201,350
2011-11-05 14:00:00,4,0,0,1,17.22,21.21,35,8.9981,159,226,385
2011-11-05 15:00:00,4,0,0,1,16.4,20.455,37,12.998,141,209,350
2011-11-05 16:00:00,4,0,0,1,16.4,20.455,40,15.0013,128,210,338
2011-11-05 17:00:00,4,0,0,1,15.58,19.695,40,11.0014,99,237,336
2011-11-05 18:00:00,4,0,0,1,14.76,18.18,50,6.0032,52,187,239
2011-11-05 19:00:00,4,0,0,1,13.94,18.18,53,0.0,43,159,202
2011-11-05 20:00:00,4,0,0,1,13.12,17.425,66,0.0,29,139,168
2011-11-05 21:00:00,4,0,0,1,13.12,17.425,66,0.0,19,99,118
2011-11-05 22:00:00,4,0,0,1,12.3,16.665,65,0.0,10,80,90
2011-11-05 23:00:00,4,0,0,1,11.48,15.91,70,0.0,3,83,86
2011-11-06 00:00:00,4,0,0,1,11.48,15.91,75,0.0,11,65,76
2011-11-06 01:00:00,4,0,0,1,10.66,15.15,81,0.0,11,101,112
2011-11-06 02:00:00,4,0,0,1,10.66,15.15,81,0.0,6,20,26
2011-11-06 03:00:00,4,0,0,1,9.84,14.395,87,0.0,3,4,7
2011-11-06 04:00:00,4,0,0,1,9.84,14.395,87,0.0,-1,6,5
2011-11-06 05:00:00,4,0,0,1,9.84,12.12,87,8.9981,0,4,4
2011-11-06 06:00:00,4,0,0,1,10.66,14.395,81,6.0032,3,16,19
2011-11-06 07:00:00,4,0,0,1,10.66,13.635,87,7.0015,3,24,27
2011-11-06 08:00:00,4,0,0,2,11.48,15.15,87,6.0032,19,78,97
2011-11-06 09:00:00,4,0,0,2,12.3,15.91,75,6.0032,35,132,167
2011-11-06 10:00:00,4,0,0,1,14.76,18.18,66,6.0032,74,183,257
2011-11-06 11:00:00,4,0,0,1,17.22,21.21,58,6.0032,102,215,317
2011-11-06 12:00:00,4,0,0,1,18.04,21.97,54,0.0,118,227,345
2011-11-06 13:00:00,4,0,0,1,18.86,22.725,51,11.0014,105,207,312
2011-11-06 14:00:00,4,0,0,1,18.86,22.725,55,12.998,100,215,315
2011-11-06 15:00:00,4,0,0,1,19.68,23.485,51,12.998,96,210,306
2011-11-06 16:00:00,4,0,0,1,18.86,22.725,55,15.0013,85,264,349
2011-11-06 17:00:00,4,0,0,1,18.04,21.97,62,11.0014,70,181,251
2011-11-06 18:00:00,4,0,0,1,17.22,21.21,71,7.0015,39,144,183
2011-11-06 19:00:00,4,0,0,1,15.58,19.695,76,12.998,21,131,152
2011-11-06 20:00:00,4,0,0,1,14.76,18.18,81,7.0015,16,100,116
2011-11-06 21:00:00,4,0,0,1,14.76,18.18,81,6.0032,10,73,83
2011-11-06 22:00:00,4,0,0,1,14.76,18.94,87,0.0,5,39,44
2011-11-06 23:00:00,4,0,0,1,13.94,17.425,87,6.0032,5,45,50
2011-11-07 00:00:00,4,0,1,1,13.94,18.18,87,0.0,1,10,11
2011-11-07 01:00:00,4,0,1,1,13.94,18.18,87,0.0,0,8,8
2011-11-07 02:00:00,4,0,1,1,13.12,17.425,93,0.0,0,4,4
2011-11-07 03:00:00,4,0,1,1,13.12,17.425,93,0.0,1,-1,0
2011-11-07 04:00:00,4,0,1,1,13.12,17.425,93,0.0,1,6,7
2011-11-07 05:00:00,4,0,1,1,12.3,16.665,93,0.0,1,25,26
2011-11-07 06:00:00,4,0,1,2,11.48,15.91,93,0.0,1,95,96
2011-11-07 07:00:00,4,0,1,2,11.48,15.91,93,0.0,4,309,313
2011-11-07 08:00:00,4,0,1,2,12.3,15.91,100,6.0032,13,394,407
2011-11-07 09:00:00,4,0,1,2,13.94,16.665,100,8.9981,17,159,176
2011-11-07 10:00:00,4,0,1,1,14.76,17.425,93,8.9981,30,98,128
2011-11-07 11:00:00,4,0,1,1,17.22,21.21,77,7.0015,26,104,130
2011-11-07 12:00:00,4,0,1,1,18.86,22.725,67,0.0,21,160,181
2011-11-07 13:00:00,4,0,1,1,22.14,25.76,49,6.0032,31,155,186
2011-11-07 14:00:00,4,0,1,1,22.96,26.515,37,11.0014,28,105,133
2011-11-07 15:00:00,4,0,1,1,22.96,26.515,37,7.0015,36,130,166
2011-11-07 16:00:00,4,0,1,1,21.32,25.0,45,0.0,38,255,293
2011-11-07 17:00:00,4,0,1,1,20.5,24.24,45,11.0014,39,485,524
2011-11-07 18:00:00,4,0,1,1,18.86,22.725,59,7.0015,17,405,422
2011-11-07 19:00:00,4,0,1,1,18.86,22.725,59,0.0,19,280,299
2011-11-07 20:00:00,4,0,1,1,16.4,20.455,71,0.0,17,184,201
2011-11-07 21:00:00,4,0,1,1,15.58,19.695,82,7.0015,10,125,135
2011-11-07 22:00:00,4,0,1,1,14.76,18.18,81,6.0032,9,102,111
2011-11-07 23:00:00,4,0,1,1,14.76,18.18,87,6.0032,1,52,53
2011-11-08 00:00:00,4,0,1,1,13.94,17.425,87,6.0032,-1,16,15
2011-11-08 01:00:00,4,0,1,1,13.12,16.665,93,7.0015,2,8,10
2011-11-08 02:00:00,4,0,1,1,13.12,17.425,87,0.0,1,0,1
2011-11-08 03:00:00,4,0,1,1,13.12,17.425,87,0.0,0,1,1
2011-11-08 04:00:00,4,0,1,1,12.3,16.665,87,0.0,0,5,5
2011-11-08 05:00:00,4,0,1,1,12.3,15.91,87,6.0032,0,13,13
2011-11-08 06:00:00,4,0,1,1,12.3,16.665,87,0.0,3,96,99
2011-11-08 07:00:00,4,0,1,1,12.3,15.91,87,7.0015,5,317,322
2011-11-08 08:00:00,4,0,1,1,13.12,16.665,93,7.0015,11,451,462
2011-11-08 09:00:00,4,0,1,1,14.76,18.94,87,0.0,14,179,193
2011-11-08 10:00:00,4,0,1,1,17.22,21.21,71,6.0032,24,97,121
2011-11-08 11:00:00,4,0,1,1,18.86,22.725,63,8.9981,21,126,147
2011-11-08 12:00:00,4,0,1,1,21.32,25.0,52,8.9981,28,168,196
2011-11-08 13:00:00,4,0,1,1,22.14,25.76,49,11.0014,30,165,195
2011-11-08 14:00:00,4,0,1,1,22.96,26.515,46,7.0015,30,126,156
2011-11-08 15:00:00,4,0,1,1,23.78,27.275,46,7.0015,33,153,186
2011-11-08 16:00:00,4,0,1,1,22.96,26.515,46,8.9981,39,247,286
2011-11-08 17:00:00,4,0,1,1,21.32,25.0,43,11.0014,39,459,498
2011-11-08 18:00:00,4,0,1,1,19.68,23.485,55,8.9981,30,437,467
2011-11-08 19:00:00,4,0,1,1,18.86,22.725,59,0.0,14,266,280
2011-11-08 20:00:00,4,0,1,1,16.4,20.455,76,0.0,12,168,180
2011-11-08 21:00:00,4,0,1,1,16.4,20.455,76,0.0,16,166,182
2011-11-08 22:00:00,4,0,1,1,14.76,18.94,87,0.0,11,93,104
2011-11-08 23:00:00,4,0,1,1,14.76,18.94,81,0.0,3,41,44
2011-11-09 00:00:00,4,0,1,1,14.76,18.94,87,0.0,1,8,9
2011-11-09 01:00:00,4,0,1,1,13.94,18.18,87,0.0,-1,3,2
2011-11-09 02:00:00,4,0,1,1,13.12,17.425,93,0.0,0,2,2
2011-11-09 03:00:00,4,0,1,1,13.12,17.425,93,0.0,1,4,5
2011-11-09 04:00:00,4,0,1,1,13.12,17.425,87,0.0,0,-3,-3
2011-11-09 05:00:00,4,0,1,1,12.3,16.665,87,0.0,-1,25,24
2011-11-09 06:00:00,4,0,1,1,12.3,16.665,87,0.0,1,98,99
2011-11-09 07:00:00,4,0,1,1,12.3,16.665,87,0.0,0,301,301
2011-11-09 08:00:00,4,0,1,1,13.12,17.425,93,0.0,17,436,453
2011-11-09 09:00:00,4,0,1,1,13.94,18.18,93,0.0,23,196,219
2011-11-09 10:00:00,4,0,1,1,16.4,20.455,76,7.0015,17,86,103
2011-11-09 11:00:00,4,0,1,1,18.86,22.725,67,11.0014,21,136,157
2011-11-09 12:00:00,4,0,1,1,20.5,24.24,51,11.0014,25,156,181
2011-11-09 13:00:00,4,0,1,1,20.5,24.24,51,11.0014,32,137,169
2011-11-09 14:00:00,4,0,1,1,21.32,25.0,48,11.0014,26,159,185
2011-11-09 15:00:00,4,0,1,1,21.32,25.0,45,15.0013,20,132,152
2011-11-09 16:00:00,4,0,1,1,21.32,25.0,48,12.998,22,261,283
2011-11-09 17:00:00,4,0,1,1,18.86,22.725,63,7.0015,27,457,484
2011-11-09 18:00:00,4,0,1,1,18.04,21.97,67,7.0015,21,387,408
2011-11-09 19:00:00,4,0,1,1,18.04,21.97,72,7.0015,10,292,302
2011-11-09 20:00:00,4,0,1,1,18.04,21.97,77,0.0,17,200,217
2011-11-09 21:00:00,4,0,1,1,16.4,20.455,87,0.0,9,154,163
2011-11-09 22:00:00,4,0,1,1,16.4,20.455,87,0.0,9,102,111
2011-11-09 23:00:00,4,0,1,1,15.58,19.695,87,0.0,6,58,64
2011-11-10 00:00:00,4,0,1,1,16.4,20.455,87,0.0,-1,22,21
2011-11-10 01:00:00,4,0,1,2,16.4,20.455,87,0.0,2,9,11
2011-11-10 02:00:00,4,0,1,2,15.58,19.695,94,0.0,0,6,6
2011-11-10 03:00:00,4,0,1,1,15.58,19.695,94,6.0032,0,16,16
2011-11-10 04:00:00,4,0,1,1,15.58,19.695,94,6.0032,0,-2,-2
2011-11-10 05:00:00,4,0,1,2,14.76,17.425,100,8.9981,2,23,25
2011-11-10 06:00:00,4,0,1,2,14.76,17.425,100,8.9981,3,106,109
2011-11-10 07:00:00,4,0,1,2,15.58,19.695,94,11.0014,6,267,273
2011-11-10 08:00:00,4,0,1,2,16.4,20.455,94,6.0032,19,421,440
2011-11-10 09:00:00,4,0,1,2,17.22,21.21,94,7.0015,24,187,211
2011-11-10 10:00:00,4,0,1,2,18.04,21.97,88,15.0013,16,93,109
2011-11-10 11:00:00,4,0,1,2,18.86,22.725,67,26.0027,8,97,105
2011-11-10 12:00:00,4,0,1,2,17.22,21.21,67,23.9994,17,148,165
2011-11-10 13:00:00,4,0,1,3,14.76,16.665,81,23.9994,7,92,99
2011-11-10 14:00:00,4,0,1,3,14.76,16.665,87,19.0012,5,56,61
2011-11-10 15:00:00,4,0,1,3,14.76,16.665,81,19.9995,6,55,61
2011-11-10 16:00:00,4,0,1,3,14.76,17.425,81,15.0013,7,66,73
2011-11-10 17:00:00,4,0,1,3,14.76,17.425,81,15.0013,8,169,177
2011-11-10 18:00:00,4,0,1,2,14.76,17.425,81,11.0014,10,263,273
2011-11-10 19:00:00,4,0,1,2,14.76,17.425,71,15.0013,19,193,212
2011-11-10 20:00:00,4,0,1,2,14.76,16.665,62,19.0012,6,161,167
2011-11-10 21:00:00,4,0,1,1,14.76,16.665,57,16.9979,5,128,133
2011-11-10 22:00:00,4,0,1,1,14.76,16.665,53,19.0012,5,85,90
2011-11-10 23:00:00,4,0,1,2,13.94,16.665,57,11.0014,9,78,87
2011-11-11 00:00:00,4,1,0,1,13.94,15.91,53,16.9979,11,54,65
2011-11-11 01:00:00,4,1,0,1,13.12,15.15,57,22.0028,3,20,23
2011-11-11 02:00:00,4,1,0,1,13.12,14.395,57,19.0012,0,11,11
2011-11-11 03:00:00,4,1,0,1,12.3,14.395,61,12.998,-1,3,2
2011-11-11 04:00:00,4,1,0,1,12.3,14.395,61,12.998,0,4,4
2011-11-11 05:00:00,4,1,0,1,12.3,14.395,49,16.9979,0,8,8
2011-11-11 06:00:00,4,1,0,1,11.48,12.88,45,22.0028,-1,47,46
2011-11-11 07:00:00,4,1,0,1,11.48,13.635,45,16.9979,4,111,115
2011-11-11 08:00:00,4,1,0,1,12.3,13.635,42,23.9994,9,250,259
2011-11-11 09:00:00,4,1,0,1,13.12,14.395,45,30.0026,15,187,202
2011-11-11 10:00:00,4,1,0,1,13.12,13.635,42,36.9974,38,159,197
2011-11-11 11:00:00,4,1,0,1,13.94,14.395,42,32.9975,18,149,167
2011-11-11 12:00:00,4,1,0,1,13.94,14.395,42,31.0009,39,193,232
2011-11-11 13:00:00,4,1,0,1,15.58,19.695,37,36.9974,55,177,232
2011-11-11 14:00:00,4,1,0,1,15.58,19.695,37,31.0009,66,185,251
2011-11-11 15:00:00,4,1,0,1,14.76,16.665,37,27.9993,28,187,215
2011-11-11 16:00:00,4,1,0,1,14.76,16.665,34,22.0028,47,189,236
2011-11-11 17:00:00,4,1,0,1,13.94,15.15,39,22.0028,23,281,304
2011-11-11 18:00:00,4,1,0,1,13.94,15.91,39,16.9979,24,187,211
2011-11-11 19:00:00,4,1,0,1,13.12,15.91,39,11.0014,16,186,202
2011-11-11 20:00:00,4,1,0,1,13.12,15.91,39,12.998,13,99,112
2011-11-11 21:00:00,4,1,0,1,12.3,15.15,45,11.0014,3,82,85
2011-11-11 22:00:00,4,1,0,1,13.12,15.91,39,12.998,14,81,95
2011-11-11 23:00:00,4,1,0,1,12.3,15.91,45,6.0032,5,70,75
2011-11-12 00:00:00,4,0,0,1,9.84,12.12,60,8.9981,11,53,64
2011-11-12 01:00:00,4,0,0,1,9.84,12.12,60,8.9981,8,45,53
2011-11-12 02:00:00,4,0,0,1,9.84,12.88,65,6.0032,7,38,45
2011-11-12 03:00:00,4,0,0,1,9.84,12.12,70,8.9981,4,12,16
2011-11-12 04:00:00,4,0,0,1,8.2,10.605,80,8.9981,-1,7,6
2011-11-12 05:00:00,4,0,0,1,9.02,12.88,75,6.0032,0,6,6
2011-11-12 06:00:00,4,0,0,1,9.02,11.365,75,11.0014,0,7,7
2011-11-12 07:00:00,4,0,0,1,9.02,11.365,75,12.998,1,28,29
2011-11-12 08:00:00,4,0,0,1,10.66,12.88,70,12.998,13,83,96
2011-11-12 09:00:00,4,0,0,1,12.3,15.15,61,11.0014,19,140,159
2011-11-12 10:00:00,4,0,0,1,13.94,15.91,61,19.0012,61,174,235
2011-11-12 11:00:00,4,0,0,1,15.58,19.695,54,19.0012,101,212,313
2011-11-12 12:00:00,4,0,0,1,18.04,21.97,44,19.0012,142,223,365
2011-11-12 13:00:00,4,0,0,1,19.68,23.485,36,19.0012,127,229,356
2011-11-12 14:00:00,4,0,0,1,20.5,24.24,36,19.9995,191,246,437
2011-11-12 15:00:00,4,0,0,1,21.32,25.0,29,19.0012,165,219,384
2011-11-12 16:00:00,4,0,0,1,21.32,25.0,32,16.9979,136,223,359
2011-11-12 17:00:00,4,0,0,1,20.5,24.24,34,16.9979,91,200,291
2011-11-12 18:00:00,4,0,0,1,17.22,21.21,58,12.998,51,150,201
2011-11-12 19:00:00,4,0,0,1,17.22,21.21,50,16.9979,30,134,164
2011-11-12 20:00:00,4,0,0,1,17.22,21.21,50,19.0012,32,98,130
2011-11-12 21:00:00,4,0,0,1,17.22,21.21,47,19.0012,19,101,120
2011-11-12 22:00:00,4,0,0,1,17.22,21.21,47,16.9979,29,89,118
2011-11-12 23:00:00,4,0,0,1,16.4,20.455,58,11.0014,24,77,101
2011-11-13 00:00:00,4,0,0,2,16.4,20.455,58,12.998,11,60,71
2011-11-13 01:00:00,4,0,0,2,14.76,17.425,66,12.998,12,56,68
2011-11-13 02:00:00,4,0,0,1,14.76,18.18,57,7.0015,10,52,62
2011-11-13 03:00:00,4,0,0,2,14.76,17.425,62,8.9981,6,20,26
2011-11-13 04:00:00,4,0,0,2,14.76,17.425,62,8.9981,1,2,3
2011-11-13 05:00:00,4,0,0,1,13.94,16.665,61,11.0014,1,2,3
2011-11-13 06:00:00,4,0,0,1,13.94,16.665,66,8.9981,5,22,27
2011-11-13 07:00:00,4,0,0,1,13.94,15.91,66,15.0013,12,29,41
2011-11-13 08:00:00,4,0,0,1,13.94,17.425,66,6.0032,23,55,78
2011-11-13 09:00:00,4,0,0,1,16.4,20.455,54,19.0012,37,94,131
2011-11-13 10:00:00,4,0,0,1,18.04,21.97,44,22.0028,63,183,246
2011-11-13 11:00:00,4,0,0,1,18.86,22.725,40,27.9993,108,185,293
2011-11-13 12:00:00,4,0,0,2,21.32,25.0,29,27.9993,111,244,355
2011-11-13 13:00:00,4,0,0,2,21.32,25.0,29,27.9993,106,234,340
2011-11-13 14:00:00,4,0,0,2,22.14,25.76,28,32.9975,107,265,372
2011-11-13 15:00:00,4,0,0,2,20.5,24.24,42,22.0028,89,220,309
2011-11-13 16:00:00,4,0,0,2,22.14,25.76,28,26.0027,92,225,317
2011-11-13 17:00:00,4,0,0,1,21.32,25.0,27,22.0028,44,186,230
2011-11-13 18:00:00,4,0,0,1,21.32,25.0,27,22.0028,34,158,192
2011-11-13 19:00:00,4,0,0,1,20.5,24.24,29,23.9994,35,115,150
2011-11-13 20:00:00,4,0,0,1,20.5,24.24,31,23.9994,24,114,138
2011-11-13 21:00:00,4,0,0,1,19.68,23.485,36,16.9979,18,80,98
2011-11-13 22:00:00,4,0,0,1,19.68,23.485,41,26.0027,24,63,87
2011-11-13 23:00:00,4,0,0,1,18.86,22.725,51,19.9995,19,52,71
2011-11-14 00:00:00,4,0,1,1,18.86,22.725,59,19.0012,7,20,27
2011-11-14 01:00:00,4,0,1,1,18.86,22.725,63,19.9995,4,7,11
2011-11-14 02:00:00,4,0,1,1,18.86,22.725,63,23.9994,7,6,13
2011-11-14 03:00:00,4,0,1,1,18.04,21.97,67,19.0012,3,2,5
2011-11-14 04:00:00,4,0,1,1,18.04,21.97,67,15.0013,0,5,5
2011-11-14 05:00:00,4,0,1,2,18.04,21.97,67,16.9979,0,21,21
2011-11-14 06:00:00,4,0,1,2,18.04,21.97,72,15.0013,9,102,111
2011-11-14 07:00:00,4,0,1,1,18.04,21.97,72,16.9979,11,311,322
2011-11-14 08:00:00,4,0,1,2,18.86,22.725,67,12.998,28,418,446
2011-11-14 09:00:00,4,0,1,2,19.68,23.485,67,22.0028,29,203,232
2011-11-14 10:00:00,4,0,1,2,20.5,24.24,63,19.0012,25,83,108
2011-11-14 11:00:00,4,0,1,2,22.14,25.76,60,19.0012,22,103,125
2011-11-14 12:00:00,4,0,1,1,22.96,26.515,56,19.9995,34,167,201
2011-11-14 13:00:00,4,0,1,1,24.6,31.06,49,26.0027,49,155,204
2011-11-14 14:00:00,4,0,1,1,25.42,31.06,46,30.0026,47,138,185
2011-11-14 15:00:00,4,0,1,1,26.24,31.06,44,22.0028,55,141,196
2011-11-14 16:00:00,4,0,1,1,25.42,31.06,46,27.9993,51,259,310
2011-11-14 17:00:00,4,0,1,1,25.42,31.06,46,16.9979,55,462,517
2011-11-14 18:00:00,4,0,1,1,22.96,26.515,56,19.0012,28,455,483
2011-11-14 19:00:00,4,0,1,1,24.6,31.06,53,19.9995,28,272,300
2011-11-14 20:00:00,4,0,1,1,24.6,31.06,53,23.9994,30,209,239
2011-11-14 21:00:00,4,0,1,1,24.6,31.06,53,23.9994,39,176,215
2011-11-14 22:00:00,4,0,1,1,23.78,27.275,56,23.9994,15,94,109
2011-11-14 23:00:00,4,0,1,1,22.96,26.515,64,19.9995,12,46,58
2011-11-15 00:00:00,4,0,1,1,22.96,26.515,64,23.9994,7,18,25
2011-11-15 01:00:00,4,0,1,1,22.96,26.515,60,19.9995,4,7,11
2011-11-15 02:00:00,4,0,1,1,22.96,26.515,64,16.9979,6,8,14
2011-11-15 03:00:00,4,0,1,2,22.14,25.76,68,22.0028,0,3,3
2011-11-15 04:00:00,4,0,1,1,22.96,26.515,64,19.9995,1,-4,-3
2011-11-15 05:00:00,4,0,1,1,22.14,25.76,68,19.0012,1,30,31
2011-11-15 06:00:00,4,0,1,2,22.96,26.515,64,6.0032,3,102,105
2011-11-15 07:00:00,4,0,1,2,22.14,25.76,68,11.0014,21,295,316
2011-11-15 08:00:00,4,0,1,2,22.14,25.76,68,7.0015,25,448,473
2011-11-15 09:00:00,4,0,1,2,22.96,26.515,64,6.0032,26,171,197
2011-11-15 10:00:00,4,0,1,2,22.96,26.515,64,19.0012,24,115,139
2011-11-15 11:00:00,4,0,1,2,22.96,26.515,64,12.998,16,113,129
2011-11-15 12:00:00,4,0,1,2,22.14,25.76,68,0.0,29,149,178
2011-11-15 13:00:00,4,0,1,3,22.14,25.76,60,15.0013,20,126,146
2011-11-15 14:00:00,4,0,1,2,22.14,25.76,60,19.0012,25,128,153
2011-11-15 15:00:00,4,0,1,2,22.14,25.76,60,8.9981,36,153,189
2011-11-15 16:00:00,4,0,1,2,21.32,25.0,68,8.9981,30,240,270
2011-11-15 17:00:00,4,0,1,2,20.5,24.24,72,12.998,28,421,449
2011-11-15 18:00:00,4,0,1,2,20.5,24.24,72,19.0012,27,417,444
2011-11-15 19:00:00,4,0,1,2,20.5,24.24,72,23.9994,28,257,285
2011-11-15 20:00:00,4,0,1,2,19.68,23.485,82,8.9981,26,213,239
2011-11-15 21:00:00,4,0,1,2,20.5,24.24,77,6.0032,24,148,172
2011-11-15 22:00:00,4,0,1,2,18.86,22.725,88,7.0015,18,102,120
2011-11-15 23:00:00,4,0,1,2,18.86,22.725,94,7.0015,14,65,79
2011-11-16 00:00:00,4,0,1,2,18.86,22.725,94,0.0,4,25,29
2011-11-16 01:00:00,4,0,1,3,18.86,22.725,94,6.0032,0,7,7
2011-11-16 02:00:00,4,0,1,2,18.86,22.725,94,7.0015,4,4,8
2011-11-16 03:00:00,4,0,1,2,18.86,22.725,94,7.0015,3,1,4
2011-11-16 04:00:00,4,0,1,2,18.04,21.97,100,15.0013,0,6,6
2011-11-16 05:00:00,4,0,1,3,18.86,22.725,94,7.0015,1,12,13
2011-11-16 06:00:00,4,0,1,2,18.86,22.725,94,6.0032,3,48,51
2011-11-16 07:00:00,4,0,1,3,18.86,22.725,94,0.0,8,125,133
2011-11-16 08:00:00,4,0,1,3,18.86,22.725,94,0.0,8,222,230
2011-11-16 09:00:00,4,0,1,3,18.86,22.725,94,0.0,5,78,83
2011-11-16 10:00:00,4,0,1,3,18.86,22.725,94,0.0,3,28,31
2011-11-16 11:00:00,4,0,1,3,18.86,22.725,94,6.0032,6,52,58
2011-11-16 12:00:00,4,0,1,3,18.86,22.725,100,0.0,4,52,56
2011-11-16 13:00:00,4,0,1,3,18.86,22.725,94,8.9981,4,51,55
2011-11-16 14:00:00,4,0,1,2,18.86,22.725,100,8.9981,11,51,62
2011-11-16 15:00:00,4,0,1,3,19.68,23.485,94,7.0015,17,48,65
2011-11-16 16:00:00,4,0,1,3,19.68,23.485,94,7.0015,13,108,121
2011-11-16 17:00:00,4,0,1,2,19.68,23.485,88,12.998,15,213,228
2011-11-16 18:00:00,4,0,1,3,18.86,22.725,88,26.0027,12,174,186
2011-11-16 19:00:00,4,0,1,3,18.86,22.725,88,26.0027,4,105,109
2011-11-16 20:00:00,4,0,1,3,18.04,21.97,88,26.0027,4,93,97
2011-11-16 21:00:00,4,0,1,3,18.04,21.97,88,19.0012,2,70,72
2011-11-16 22:00:00,4,0,1,3,17.22,21.21,88,15.0013,0,43,43
2011-11-16 23:00:00,4,0,1,3,17.22,21.21,88,8.9981,2,24,26
2011-11-17 00:00:00,4,0,1,2,17.22,21.21,88,16.9979,1,25,26
2011-11-17 01:00:00,4,0,1,2,17.22,21.21,82,11.0014,0,5,5
2011-11-17 02:00:00,4,0,1,2,17.22,21.21,82,15.0013,0,6,6
2011-11-17 03:00:00,4,0,1,2,17.22,21.21,77,22.0028,1,0,1
2011-11-17 04:00:00,4,0,1,2,16.4,20.455,62,27.9993,1,-1,0
2011-11-17 05:00:00,4,0,1,3,13.94,15.15,71,22.0028,1,27,28
2011-11-17 06:00:00,4,0,1,3,14.76,17.425,57,15.0013,3,68,71
2011-11-17 07:00:00,4,0,1,3,13.94,15.91,61,19.0012,3,160,163
2011-11-17 08:00:00,4,0,1,3,13.94,15.15,61,19.9995,11,347,358
2011-11-17 09:00:00,4,0,1,2,13.94,15.15,61,22.0028,12,179,191
2011-11-17 10:00:00,4,0,1,2,13.94,15.15,61,22.0028,6,70,76
2011-11-17 11:00:00,4,0,1,3,13.12,15.15,66,22.0028,4,91,95
2011-11-17 12:00:00,4,0,1,2,13.94,15.15,53,19.9995,5,114,119
2011-11-17 13:00:00,4,0,1,2,13.94,15.15,49,30.0026,16,106,122
2011-11-17 14:00:00,4,0,1,2,13.94,15.15,49,26.0027,4,106,110
2011-11-17 15:00:00,4,0,1,2,13.94,15.15,49,30.0026,9,101,110
2011-11-17 16:00:00,4,0,1,1,13.12,14.395,39,27.9993,7,188,195
2011-11-17 17:00:00,4,0,1,1,13.12,14.395,42,26.0027,19,373,392
2011-11-17 18:00:00,4,0,1,1,13.12,15.91,39,12.998,8,294,302
2011-11-17 19:00:00,4,0,1,1,12.3,14.395,45,15.0013,6,210,216
2011-11-17 20:00:00,4,0,1,1,12.3,14.395,42,19.0012,7,159,166
2011-11-17 21:00:00,4,0,1,1,12.3,14.395,42,16.9979,3,113,116
2011-11-17 22:00:00,4,0,1,1,10.66,12.12,52,16.9979,0,77,77
2011-11-17 23:00:00,4,0,1,1,10.66,12.88,52,15.0013,2,59,61
2011-11-18 00:00:00,4,0,1,1,10.66,12.88,48,11.0014,3,29,32
2011-11-18 01:00:00,4,0,1,1,10.66,11.365,44,22.0028,0,10,10
2011-11-18 02:00:00,4,0,1,1,9.84,11.365,44,15.0013,1,8,9
2011-11-18 03:00:00,4,0,1,1,9.84,10.605,41,19.0012,-2,0,-2
2011-11-18 04:00:00,4,0,1,1,9.02,11.365,44,11.0014,0,5,5
2011-11-18 05:00:00,4,0,1,1,9.02,11.365,44,8.9981,0,20,20
2011-11-18 06:00:00,4,0,1,1,9.02,12.88,44,6.0032,0,69,69
2011-11-18 07:00:00,4,0,1,1,9.02,11.365,44,11.0014,3,211,214
2011-11-18 08:00:00,4,0,1,1,9.02,11.365,44,12.998,5,362,367
2011-11-18 09:00:00,4,0,1,1,10.66,12.88,41,12.998,3,210,213
2011-11-18 10:00:00,4,0,1,1,10.66,12.12,41,19.0012,9,104,113
2011-11-18 11:00:00,4,0,1,1,12.3,15.15,36,8.9981,17,124,141
2011-11-18 12:00:00,4,0,1,1,13.12,16.665,33,0.0,20,139,159
2011-11-18 13:00:00,4,0,1,1,13.94,15.91,31,15.0013,30,151,181
2011-11-18 14:00:00,4,0,1,1,13.94,16.665,31,8.9981,30,122,152
2011-11-18 15:00:00,4,0,1,1,13.94,16.665,29,8.9981,27,151,178
2011-11-18 16:00:00,4,0,1,1,13.94,16.665,29,8.9981,18,186,204
2011-11-18 17:00:00,4,0,1,1,13.12,16.665,31,8.9981,15,363,378
2011-11-18 18:00:00,4,0,1,1,12.3,15.15,36,11.0014,14,314,328
2011-11-18 19:00:00,4,0,1,1,11.48,13.635,41,11.0014,8,184,192
2011-11-18 20:00:00,4,0,1,1,11.48,13.635,48,12.998,7,127,134
2011-11-18 21:00:00,4,0,1,1,11.48,13.635,48,11.0014,1,105,106
2011-11-18 22:00:00,4,0,1,1,10.66,13.635,52,7.0015,10,85,95
2011-11-18 23:00:00,4,0,1,1,10.66,13.635,60,8.9981,4,49,53
2011-11-19 00:00:00,4,0,0,1,10.66,12.88,56,12.998,3,49,52
2011-11-19 01:00:00,4,0,0,1,10.66,11.365,52,19.9995,0,33,33
2011-11-19 02:00:00,4,0,0,1,9.84,12.12,56,11.0014,11,32,43
2011-11-19 03:00:00,4,0,0,1,10.66,12.12,48,16.9979,4,12,16
2011-11-19 04:00:00,4,0,0,1,10.66,11.365,48,22.0028,2,5,7
2011-11-19 05:00:00,4,0,0,1,9.84,11.365,56,16.9979,0,-1,-1
2011-11-19 06:00:00,4,0,0,1,9.84,10.605,60,22.0028,0,7,7
2011-11-19 07:00:00,4,0,0,1,9.84,11.365,60,16.9979,1,35,36
2011-11-19 08:00:00,4,0,0,1,10.66,12.12,56,16.9979,12,80,92
2011-11-19 09:00:00,4,0,0,1,11.48,12.88,52,19.9995,9,133,142
2011-11-19 10:00:00,4,0,0,1,13.12,15.15,45,16.9979,34,163,197
2011-11-19 11:00:00,4,0,0,1,14.76,18.94,40,0.0,50,181,231
2011-11-19 12:00:00,4,0,0,1,16.4,20.455,35,19.0012,93,216,309
2011-11-19 13:00:00,4,0,0,1,17.22,21.21,30,19.0012,117,242,359
2011-11-19 14:00:00,4,0,0,1,17.22,21.21,32,19.9995,121,231,352
2011-11-19 15:00:00,4,0,0,1,17.22,21.21,41,12.998,122,265,387
2011-11-19 16:00:00,4,0,0,1,17.22,21.21,38,19.9995,98,185,283
2011-11-19 17:00:00,4,0,0,1,16.4,20.455,40,12.998,59,173,232
2011-11-19 18:00:00,4,0,0,1,15.58,19.695,46,8.9981,34,175,209
2011-11-19 19:00:00,4,0,0,2,13.94,16.665,71,8.9981,34,145,179
2011-11-19 20:00:00,4,0,0,2,14.76,18.18,57,7.0015,48,114,162
2011-11-19 21:00:00,4,0,0,2,14.76,17.425,62,12.998,27,81,108
2011-11-19 22:00:00,4,0,0,2,15.58,19.695,62,11.0014,26,73,99
2011-11-19 23:00:00,4,0,0,1,15.58,19.695,62,15.0013,19,75,94
2011-12-01 00:00:00,4,0,1,1,11.48,12.88,52,22.0028,0,18,18
2011-12-01 01:00:00,4,0,1,1,10.66,12.12,60,19.0012,0,8,8
2011-12-01 02:00:00,4,0,1,1,10.66,11.365,56,19.9995,1,14,15
2011-12-01 03:00:00,4,0,1,1,10.66,12.12,56,16.9979,1,2,3
2011-12-01 04:00:00,4,0,1,1,10.66,12.12,56,19.0012,0,3,3
2011-12-01 05:00:00,4,0,1,1,10.66,12.12,56,16.9979,1,24,25
2011-12-01 06:00:00,4,0,1,1,9.84,10.605,65,19.0012,4,91,95
2011-12-01 07:00:00,4,0,1,1,9.84,10.605,65,23.9994,9,262,271
2011-12-01 08:00:00,4,0,1,1,10.66,11.365,60,22.0028,14,461,475
2011-12-01 09:00:00,4,0,1,1,12.3,13.635,52,22.0028,9,212,221
2011-12-01 10:00:00,4,0,1,1,13.12,15.15,53,19.9995,8,84,92
2011-12-01 11:00:00,4,0,1,1,13.94,15.91,49,16.9979,7,95,102
2011-12-01 12:00:00,4,0,1,1,14.76,17.425,46,15.0013,9,137,146
2011-12-01 13:00:00,4,0,1,1,16.4,20.455,40,15.0013,17,139,156
2011-12-01 14:00:00,4,0,1,1,16.4,20.455,40,15.0013,20,127,147
2011-12-01 15:00:00,4,0,1,1,16.4,20.455,40,15.0013,8,144,152
2011-12-01 16:00:00,4,0,1,1,16.4,20.455,40,12.998,8,198,206
2011-12-01 17:00:00,4,0,1,1,14.76,17.425,46,8.9981,8,407,415
2011-12-01 18:00:00,4,0,1,1,14.76,18.18,43,7.0015,10,396,406
2011-12-01 19:00:00,4,0,1,1,13.94,17.425,46,7.0015,8,216,224
2011-12-01 20:00:00,4,0,1,1,13.94,17.425,46,7.0015,10,184,194
2011-12-01 21:00:00,4,0,1,1,12.3,15.91,61,7.0015,7,151,158
2011-12-01 22:00:00,4,0,1,1,12.3,16.665,61,0.0,6,98,104
2011-12-01 23:00:00,4,0,1,1,10.66,14.395,70,6.0032,3,73,76
2011-12-02 00:00:00,4,0,1,1,10.66,14.395,70,6.0032,7,30,37
2011-12-02 01:00:00,4,0,1,1,9.84,14.395,75,0.0,1,11,12
2011-12-02 02:00:00,4,0,1,1,9.84,14.395,75,0.0,-1,7,6
2011-12-02 03:00:00,4,0,1,1,9.02,13.635,80,0.0,0,-1,-1
2011-12-02 04:00:00,4,0,1,1,9.02,13.635,80,0.0,0,5,5
2011-12-02 05:00:00,4,0,1,1,9.02,12.88,80,6.0032,0,24,24
2011-12-02 06:00:00,4,0,1,1,9.02,13.635,80,0.0,1,86,87
2011-12-02 07:00:00,4,0,1,1,9.02,12.88,87,6.0032,6,196,202
2011-12-02 08:00:00,4,0,1,1,9.84,14.395,87,0.0,12,434,446
2011-12-02 09:00:00,4,0,1,1,11.48,15.91,81,0.0,10,231,241
2011-12-02 10:00:00,4,0,1,1,12.3,14.395,75,15.0013,17,86,103
2011-12-02 11:00:00,4,0,1,1,13.94,16.665,66,11.0014,17,141,158
2011-12-02 12:00:00,4,0,1,1,14.76,17.425,57,8.9981,16,189,205
2011-12-02 13:00:00,4,0,1,1,16.4,20.455,47,8.9981,19,184,203
2011-12-02 14:00:00,4,0,1,1,17.22,21.21,44,7.0015,23,149,172
2011-12-02 15:00:00,4,0,1,1,17.22,21.21,41,6.0032,22,175,197
2011-12-02 16:00:00,4,0,1,1,17.22,21.21,41,6.0032,20,251,271
2011-12-02 17:00:00,4,0,1,1,17.22,21.21,38,0.0,17,385,402
2011-12-02 18:00:00,4,0,1,1,16.4,20.455,50,0.0,7,365,372
2011-12-02 19:00:00,4,0,1,1,13.94,15.91,53,16.9979,12,253,265
2011-12-02 20:00:00,4,0,1,1,15.58,19.695,40,19.0012,13,175,188
2011-12-02 21:00:00,4,0,1,1,13.94,16.665,49,12.998,8,101,109
2011-12-02 22:00:00,4,0,1,1,13.12,15.91,53,12.998,6,94,100
2011-12-02 23:00:00,4,0,1,1,13.12,15.15,53,19.0012,13,80,93
2011-12-03 00:00:00,4,0,0,1,12.3,14.395,56,16.9979,9,67,76
2011-12-03 01:00:00,4,0,0,1,10.66,12.88,65,12.998,9,57,66
2011-12-03 02:00:00,4,0,0,1,10.66,12.88,65,11.0014,9,39,48
2011-12-03 03:00:00,4,0,0,1,9.84,12.12,70,8.9981,5,0,5
2011-12-03 04:00:00,4,0,0,1,9.02,11.365,75,8.9981,0,7,7
2011-12-03 05:00:00,4,0,0,1,9.84,12.88,70,6.0032,-2,4,2
2011-12-03 06:00:00,4,0,0,1,9.84,12.88,65,7.0015,0,11,11
2011-12-03 07:00:00,4,0,0,1,9.02,12.88,75,6.0032,1,29,30
2011-12-03 08:00:00,4,0,0,1,9.84,12.88,75,6.0032,1,62,63
2011-12-03 09:00:00,4,0,0,1,10.66,13.635,70,7.0015,26,92,118
2011-12-03 10:00:00,4,0,0,1,13.12,16.665,61,8.9981,22,169,191
2011-12-03 11:00:00,4,0,0,1,13.12,16.665,57,6.0032,48,225,273
2011-12-03 12:00:00,4,0,0,1,14.76,18.94,50,0.0,76,276,352
2011-12-03 13:00:00,4,0,0,1,14.76,18.18,50,6.0032,68,220,288
2011-12-03 14:00:00,4,0,0,1,14.76,18.94,46,0.0,90,249,339
2011-12-03 15:00:00,4,0,0,1,15.58,19.695,46,0.0,100,239,339
2011-12-03 16:00:00,4,0,0,1,15.58,19.695,46,0.0,74,230,304
2011-12-03 17:00:00,4,0,0,1,14.76,18.94,62,0.0,46,181,227
2011-12-03 18:00:00,4,0,0,1,13.94,16.665,53,8.9981,31,193,224
2011-12-03 19:00:00,4,0,0,1,12.3,15.91,61,6.0032,29,145,174
2011-12-03 20:00:00,4,0,0,1,12.3,15.91,61,6.0032,19,113,132
2011-12-03 21:00:00,4,0,0,2,12.3,15.91,61,6.0032,5,109,114
2011-12-03 22:00:00,4,0,0,2,13.12,16.665,61,6.0032,17,97,114
2011-12-03 23:00:00,4,0,0,1,12.3,15.15,70,8.9981,10,72,82
2011-12-04 00:00:00,4,0,0,1,12.3,15.91,70,7.0015,20,61,81
2011-12-04 01:00:00,4,0,0,1,12.3,15.91,75,6.0032,19,57,76
2011-12-04 02:00:00,4,0,0,1,10.66,15.15,81,0.0,9,49,58
2011-12-04 03:00:00,4,0,0,1,11.48,15.91,75,0.0,7,28,35
2011-12-04 04:00:00,4,0,0,1,10.66,15.15,87,0.0,1,8,9
2011-12-04 05:00:00,4,0,0,1,10.66,15.15,81,0.0,2,2,4
2011-12-04 06:00:00,4,0,0,1,9.84,14.395,93,0.0,0,6,6
2011-12-04 07:00:00,4,0,0,1,10.66,15.15,87,0.0,3,25,28
2011-12-04 08:00:00,4,0,0,1,10.66,15.15,87,0.0,6,45,51
2011-12-04 09:00:00,4,0,0,1,12.3,16.665,81,0.0,11,113,124
2011-12-04 10:00:00,4,0,0,1,13.12,16.665,81,8.9981,39,175,214
2011-12-04 11:00:00,4,0,0,1,13.94,16.665,81,11.0014,50,204,254
2011-12-04 12:00:00,4,0,0,1,14.76,17.425,81,11.0014,81,246,327
2011-12-04 13:00:00,4,0,0,1,16.4,20.455,66,15.0013,86,271,357
2011-12-04 14:00:00,4,0,0,1,17.22,21.21,62,8.9981,78,245,323
2011-12-04 15:00:00,4,0,0,1,17.22,21.21,62,12.998,69,222,291
2011-12-04 16:00:00,4,0,0,1,17.22,21.21,58,15.0013,61,264,325
2011-12-04 17:00:00,4,0,0,1,15.58,19.695,76,8.9981,36,206,242
2011-12-04 18:00:00,4,0,0,1,15.58,19.695,71,0.0,10,154,164
2011-12-04 19:00:00,4,0,0,1,15.58,19.695,76,0.0,13,158,171
2011-12-04 20:00:00,4,0,0,1,14.76,17.425,76,8.9981,9,112,121
2011-12-04 21:00:00,4,0,0,1,14.76,18.18,81,7.0015,5,59,64
2011-12-04 22:00:00,4,0,0,1,13.94,17.425,87,7.0015,3,56,59
2011-12-04 23:00:00,4,0,0,1,13.94,17.425,87,7.0015,3,42,45
2011-12-05 00:00:00,4,0,1,1,13.12,16.665,87,6.0032,4,22,26
2011-12-05 01:00:00,4,0,1,1,13.12,17.425,87,0.0,3,8,11
2011-12-05 02:00:00,4,0,1,1,13.12,17.425,87,0.0,0,8,8
2011-12-05 03:00:00,4,0,1,1,13.12,17.425,87,0.0,0,1,1
2011-12-05 04:00:00,4,0,1,1,12.3,15.91,87,7.0015,0,10,10
2011-12-05 05:00:00,4,0,1,1,12.3,15.91,87,7.0015,0,24,24
2011-12-05 06:00:00,4,0,1,1,12.3,15.91,93,6.0032,0,89,89
2011-12-05 07:00:00,4,0,1,1,13.12,17.425,90,0.0,10,274,284
2011-12-05 08:00:00,4,0,1,1,13.12,17.425,93,0.0,13,396,409
2011-12-05 09:00:00,4,0,1,2,14.76,18.18,87,6.0032,11,179,190
2011-12-05 10:00:00,4,0,1,2,14.76,18.18,87,6.0032,10,84,94
2011-12-05 11:00:00,4,0,1,2,14.76,18.18,87,6.0032,17,108,125
2011-12-05 12:00:00,4,0,1,2,16.4,20.455,76,7.0015,28,119,147
2011-12-05 13:00:00,4,0,1,2,17.22,21.21,71,6.0032,20,151,171
2011-12-05 14:00:00,4,0,1,2,18.86,22.725,67,0.0,6,125,131
2011-12-05 15:00:00,4,0,1,2,18.86,22.725,72,6.0032,14,131,145
2011-12-05 16:00:00,4,0,1,1,20.5,24.24,63,6.0032,9,231,240
2011-12-05 17:00:00,4,0,1,1,17.22,21.21,77,0.0,15,429,444
2011-12-05 18:00:00,4,0,1,1,18.04,21.97,77,0.0,13,382,395
2011-12-05 19:00:00,4,0,1,2,18.86,22.725,77,0.0,12,295,307
2011-12-05 20:00:00,4,0,1,2,18.86,22.725,82,7.0015,16,191,207
2011-12-05 21:00:00,4,0,1,2,18.04,21.97,88,6.0032,8,170,178
2011-12-05 22:00:00,4,0,1,2,18.04,21.97,88,8.9981,12,97,109
2011-12-05 23:00:00,4,0,1,2,18.86,22.725,88,8.9981,9,57,66
2011-12-06 00:00:00,4,0,1,2,20.5,24.24,77,19.9995,4,23,27
2011-12-06 01:00:00,4,0,1,2,18.86,22.725,88,19.9995,1,14,15
2011-12-06 02:00:00,4,0,1,2,18.86,22.725,87,12.998,1,5,6
2011-12-06 03:00:00,4,0,1,2,18.86,22.725,87,12.998,0,2,2
2011-12-06 04:00:00,4,0,1,3,18.86,22.725,88,15.0013,0,9,9
2011-12-06 05:00:00,4,0,1,3,18.86,22.725,88,15.0013,0,20,20
2011-12-06 06:00:00,4,0,1,2,18.04,21.97,94,19.0012,6,78,84
2011-12-06 07:00:00,4,0,1,2,18.86,22.725,94,12.998,7,236,243
2011-12-06 08:00:00,4,0,1,2,18.86,22.725,94,12.998,11,403,414
2011-12-06 09:00:00,4,0,1,2,18.86,22.725,94,15.0013,4,198,202
2011-12-06 10:00:00,4,0,1,3,18.86,22.725,94,19.0012,6,45,51
2011-12-06 11:00:00,4,0,1,3,18.86,22.725,94,16.9979,3,32,35
2011-12-06 12:00:00,4,0,1,3,18.86,22.725,100,15.0013,5,51,56
2011-12-06 13:00:00,4,0,1,3,18.86,22.725,100,12.998,5,68,73
2011-12-06 14:00:00,4,0,1,3,19.68,23.485,100,15.0013,6,69,75
2011-12-06 15:00:00,4,0,1,3,20.5,24.24,100,12.998,3,43,46
2011-12-06 16:00:00,4,0,1,3,18.86,22.725,100,16.9979,3,84,87
2011-12-06 17:00:00,4,0,1,2,18.86,22.725,100,15.0013,14,251,265
2011-12-06 18:00:00,4,0,1,2,18.86,22.725,100,19.0012,16,285,301
2011-12-06 19:00:00,4,0,1,3,18.86,22.725,100,19.9995,9,222,231
2011-12-06 20:00:00,4,0,1,3,18.86,22.725,100,19.9995,3,104,107
2011-12-06 21:00:00,4,0,1,2,18.04,21.97,100,12.998,4,105,109
2011-12-06 22:00:00,4,0,1,3,18.86,22.725,100,11.0014,5,83,88
2011-12-06 23:00:00,4,0,1,3,18.86,22.725,100,11.0014,7,48,55
2011-12-07 00:00:00,4,0,1,1,18.04,21.97,100,12.998,3,31,34
2011-12-07 01:00:00,4,0,1,2,18.86,22.725,100,16.9979,4,5,9
2011-12-07 02:00:00,4,0,1,3,18.86,22.725,100,15.0013,3,2,5
2011-12-07 03:00:00,4,0,1,3,18.86,22.725,100,15.0013,-1,0,-1
2011-12-07 04:00:00,4,0,1,3,18.86,22.725,100,11.0014,1,0,1
2011-12-07 05:00:00,4,0,1,3,18.86,22.725,100,11.0014,0,6,6
2011-12-07 06:00:00,4,0,1,3,19.68,23.485,100,27.9993,0,19,19
2011-12-07 07:00:00,4,0,1,3,18.04,21.97,100,7.0015,2,41,43
2011-12-07 08:00:00,4,0,1,3,18.04,21.97,100,0.0,8,78,86
2011-12-07 09:00:00,4,0,1,3,18.04,21.97,100,16.9979,-1,61,60
2011-12-07 10:00:00,4,0,1,3,18.04,21.97,100,6.0032,0,31,31
2011-12-07 11:00:00,4,0,1,3,18.04,21.97,100,6.0032,2,49,51
2011-12-07 12:00:00,4,0,1,3,18.04,21.97,100,8.9981,3,31,34
2011-12-07 13:00:00,4,0,1,3,18.04,21.97,100,12.998,7,30,37
2011-12-07 14:00:00,4,0,1,3,18.04,21.97,100,12.998,0,21,21
2011-12-07 15:00:00,4,0,1,3,17.22,21.21,94,15.0013,4,26,30
2011-12-07 16:00:00,4,0,1,3,17.22,21.21,94,12.998,4,29,33
2011-12-07 17:00:00,4,0,1,3,16.4,20.455,100,22.0028,4,51,55
2011-12-07 18:00:00,4,0,1,3,16.4,20.455,94,19.9995,4,51,55
2011-12-07 19:00:00,4,0,1,3,13.94,14.395,87,43.0006,3,27,30
2011-12-07 20:00:00,4,0,1,3,13.94,14.395,87,43.0006,0,27,27
2011-12-07 21:00:00,4,0,1,3,12.3,12.88,87,35.0008,-2,3,1
2011-12-07 22:00:00,4,0,1,3,9.84,9.85,93,30.0026,0,10,10
2011-12-07 23:00:00,4,0,1,1,9.84,10.605,93,26.0027,0,19,19
2011-12-08 00:00:00,4,0,1,2,10.66,11.365,87,19.9995,0,21,21
2011-12-08 01:00:00,4,0,1,1,10.66,11.365,81,23.9994,2,9,11
2011-12-08 02:00:00,4,0,1,1,11.48,13.635,65,15.0013,0,5,5
2011-12-08 03:00:00,4,0,1,1,10.66,11.365,60,19.9995,1,0,1
2011-12-08 04:00:00,4,0,1,2,9.84,9.85,60,31.0009,-2,3,1
2011-12-08 05:00:00,4,0,1,1,9.02,10.605,64,15.0013,0,9,9
2011-12-08 06:00:00,4,0,1,1,9.02,10.605,55,19.0012,-1,71,70
2011-12-08 07:00:00,4,0,1,1,9.02,10.605,60,15.0013,10,231,241
2011-12-08 08:00:00,4,0,1,1,9.02,10.605,55,19.0012,11,420,431
2011-12-08 09:00:00,4,0,1,1,9.84,10.605,52,26.0027,8,221,229
2011-12-08 10:00:00,4,0,1,1,10.66,11.365,52,22.0028,2,107,109
2011-12-08 11:00:00,4,0,1,1,11.48,13.635,52,16.9979,6,100,106
2011-12-08 12:00:00,4,0,1,1,11.48,12.88,52,22.0028,7,143,150
2011-12-08 13:00:00,4,0,1,1,12.3,13.635,49,23.9994,9,119,128
2011-12-08 14:00:00,4,0,1,1,13.12,15.15,45,16.9979,15,118,133
2011-12-08 15:00:00,4,0,1,1,13.12,16.665,45,8.9981,18,99,117
2011-12-08 16:00:00,4,0,1,1,13.12,15.91,45,12.998,6,204,210
2011-12-08 17:00:00,4,0,1,1,12.3,15.91,49,7.0015,9,321,330
2011-12-08 18:00:00,4,0,1,1,11.48,13.635,52,15.0013,11,307,318
2011-12-08 19:00:00,4,0,1,1,10.66,13.635,56,7.0015,10,221,231
2011-12-08 20:00:00,4,0,1,1,10.66,13.635,60,7.0015,7,166,173
2011-12-08 21:00:00,4,0,1,1,11.48,15.15,61,6.0032,3,132,135
2011-12-08 22:00:00,4,0,1,1,10.66,13.635,65,8.9981,9,81,90
2011-12-08 23:00:00,4,0,1,1,9.84,12.88,70,7.0015,3,59,62
2011-12-09 00:00:00,4,0,1,1,9.84,14.395,65,0.0,8,25,33
2011-12-09 01:00:00,4,0,1,1,9.84,14.395,65,0.0,2,14,16
2011-12-09 02:00:00,4,0,1,1,9.84,14.395,70,0.0,0,4,4
2011-12-09 03:00:00,4,0,1,1,9.02,13.635,80,0.0,0,4,4
2011-12-09 04:00:00,4,0,1,1,9.02,13.635,80,0.0,0,3,3
2011-12-09 05:00:00,4,0,1,1,9.02,13.635,80,0.0,-1,20,19
2011-12-09 06:00:00,4,0,1,1,9.02,12.88,80,6.0032,0,54,54
2011-12-09 07:00:00,4,0,1,1,9.02,12.88,75,6.0032,7,194,201
2011-12-09 08:00:00,4,0,1,1,9.84,14.395,81,0.0,7,380,387
2011-12-09 09:00:00,4,0,1,1,10.66,14.395,81,6.0032,8,257,265
2011-12-09 10:00:00,4,0,1,2,12.3,15.15,70,11.0014,10,112,122
2011-12-09 11:00:00,4,0,1,1,13.12,15.15,70,16.9979,15,120,135
2011-12-09 12:00:00,4,0,1,1,14.76,16.665,57,19.9995,26,149,175
2011-12-09 13:00:00,4,0,1,1,15.58,19.695,50,12.998,29,141,170
2011-12-09 14:00:00,4,0,1,1,15.58,19.695,46,19.0012,25,167,192
2011-12-09 15:00:00,4,0,1,1,15.58,19.695,46,19.0012,28,160,188
2011-12-09 16:00:00,4,0,1,1,14.76,17.425,62,8.9981,24,229,253
2011-12-09 17:00:00,4,0,1,1,13.94,17.425,66,7.0015,9,354,363
2011-12-09 18:00:00,4,0,1,1,13.94,18.18,61,0.0,9,309,318
2011-12-09 19:00:00,4,0,1,1,13.94,18.18,61,0.0,9,188,197
2011-12-09 20:00:00,4,0,1,1,12.3,16.665,81,0.0,8,143,151
2011-12-09 21:00:00,4,0,1,1,12.3,16.665,75,0.0,9,136,145
2011-12-09 22:00:00,4,0,1,1,11.48,15.91,87,0.0,14,114,128
2011-12-09 23:00:00,4,0,1,1,11.48,15.91,81,0.0,6,93,99
2011-12-10 00:00:00,4,0,0,2,10.66,13.635,81,7.0015,10,67,77
2011-12-10 01:00:00,4,0,0,2,10.66,12.88,70,11.0014,11,59,70
2011-12-10 02:00:00,4,0,0,2,11.48,15.15,61,6.0032,11,52,63
2011-12-10 03:00:00,4,0,0,2,11.48,15.15,61,6.0032,4,24,28
2011-12-10 04:00:00,4,0,0,2,10.66,13.635,65,7.0015,0,5,5
2011-12-10 05:00:00,4,0,0,1,10.66,12.88,60,11.0014,0,5,5
2011-12-10 06:00:00,4,0,0,1,9.84,12.88,65,7.0015,0,11,11
2011-12-10 07:00:00,4,0,0,1,9.84,11.365,65,12.998,0,8,8
2011-12-10 08:00:00,4,0,0,1,10.66,13.635,65,8.9981,5,71,76
2011-12-10 09:00:00,4,0,0,1,11.48,12.88,61,19.0012,13,132,145
2011-12-10 10:00:00,4,0,0,1,13.12,15.15,57,16.9979,31,158,189
2011-12-10 11:00:00,4,0,0,1,13.12,14.395,53,27.9993,44,192,236
2011-12-10 12:00:00,4,0,0,1,13.12,14.395,45,27.9993,47,234,281
2011-12-10 13:00:00,4,0,0,1,13.94,15.15,34,27.9993,48,243,291
2011-12-10 14:00:00,4,0,0,1,13.94,15.15,31,22.0028,49,241,290
2011-12-10 15:00:00,4,0,0,1,13.94,15.15,34,23.9994,59,241,300
2011-12-10 16:00:00,4,0,0,1,13.12,14.395,31,26.0027,59,177,236
2011-12-10 17:00:00,4,0,0,1,11.48,12.88,36,22.0028,33,152,185
2011-12-10 18:00:00,4,0,0,1,10.66,12.88,38,15.0013,26,147,173
2011-12-10 19:00:00,4,0,0,1,10.66,12.12,38,19.0012,14,133,147
2011-12-10 20:00:00,4,0,0,1,9.84,11.365,35,15.0013,12,115,127
2011-12-10 21:00:00,4,0,0,1,9.02,10.605,44,15.0013,2,78,80
2011-12-10 22:00:00,4,0,0,1,9.02,11.365,41,8.9981,8,91,99
2011-12-10 23:00:00,4,0,0,1,8.2,10.605,47,11.0014,4,56,60
2011-12-11 00:00:00,4,0,0,1,8.2,9.85,51,15.0013,4,65,69
2011-12-11 01:00:00,4,0,0,1,6.56,7.575,59,15.0013,8,57,65
2011-12-11 02:00:00,4,0,0,1,7.38,8.335,55,16.9979,4,45,49
2011-12-11 03:00:00,4,0,0,1,6.56,9.09,59,8.9981,1,16,17
2011-12-11 04:00:00,4,0,0,1,6.56,8.335,59,11.0014,0,8,8
2011-12-11 05:00:00,4,0,0,1,7.38,10.605,59,7.0015,0,6,6
2011-12-11 06:00:00,4,0,0,1,6.56,11.365,59,0.0,-1,9,8
2011-12-11 07:00:00,4,0,0,1,7.38,12.12,55,0.0,0,27,27
2011-12-11 08:00:00,4,0,0,1,6.56,11.365,69,0.0,4,67,71
2011-12-11 09:00:00,4,0,0,1,8.2,12.88,59,0.0,19,90,109
2011-12-11 10:00:00,4,0,0,1,9.84,14.395,44,0.0,31,163,194
2011-12-11 11:00:00,4,0,0,1,10.66,15.15,35,0.0,30,170,200
2011-12-11 12:00:00,4,0,0,1,10.66,15.15,35,0.0,40,245,285
2011-12-11 13:00:00,4,0,0,1,12.3,16.665,31,0.0,44,226,270
2011-12-11 14:00:00,4,0,0,1,12.3,16.665,28,0.0,45,197,242
2011-12-11 15:00:00,4,0,0,1,12.3,16.665,26,0.0,44,214,258
2011-12-11 16:00:00,4,0,0,1,12.3,16.665,26,0.0,31,173,204
2011-12-11 17:00:00,4,0,0,1,11.48,15.91,30,0.0,12,149,161
2011-12-11 18:00:00,4,0,0,1,9.84,11.365,48,12.998,13,150,163
2011-12-11 19:00:00,4,0,0,1,9.02,11.365,55,12.998,5,94,99
2011-12-11 20:00:00,4,0,0,1,9.02,12.12,55,7.0015,9,61,70
2011-12-11 21:00:00,4,0,0,1,9.02,13.635,55,0.0,11,48,59
2011-12-11 22:00:00,4,0,0,1,9.02,13.635,55,0.0,6,34,40
2011-12-11 23:00:00,4,0,0,1,8.2,12.88,69,0.0,4,29,33
2011-12-12 00:00:00,4,0,1,1,8.2,11.365,69,6.0032,4,13,17
2011-12-12 01:00:00,4,0,1,1,8.2,12.88,69,0.0,-1,5,4
2011-12-12 02:00:00,4,0,1,1,8.2,12.88,69,0.0,-1,2,1
2011-12-12 03:00:00,4,0,1,1,7.38,12.12,74,0.0,1,0,1
2011-12-12 04:00:00,4,0,1,1,7.38,12.12,74,0.0,0,2,2
2011-12-12 05:00:00,4,0,1,1,6.56,11.365,80,0.0,0,18,18
2011-12-12 06:00:00,4,0,1,1,6.56,9.09,80,7.0015,1,60,61
2011-12-12 07:00:00,4,0,1,1,5.74,7.575,86,8.9981,4,232,236
2011-12-12 08:00:00,4,0,1,2,6.56,9.09,80,7.0015,7,384,391
2011-12-12 09:00:00,4,0,1,2,7.38,10.605,74,6.0032,12,209,221
2011-12-12 10:00:00,4,0,1,2,9.02,12.12,69,7.0015,12,88,100
2011-12-12 11:00:00,4,0,1,2,10.66,14.395,60,6.0032,14,99,113
2011-12-12 12:00:00,4,0,1,1,11.48,14.395,52,7.0015,7,135,142
2011-12-12 13:00:00,4,0,1,2,12.3,15.91,52,7.0015,12,154,166
2011-12-12 14:00:00,4,0,1,2,13.12,16.665,53,8.9981,16,93,109
2011-12-12 15:00:00,4,0,1,2,13.12,16.665,57,7.0015,8,124,132
2011-12-12 16:00:00,4,0,1,2,13.12,16.665,57,6.0032,5,207,212
2011-12-12 17:00:00,4,0,1,2,12.3,16.665,56,0.0,6,351,357
2011-12-12 18:00:00,4,0,1,1,12.3,15.91,56,6.0032,7,346,353
2011-12-12 19:00:00,4,0,1,1,11.48,15.15,61,6.0032,9,232,241
2011-12-12 20:00:00,4,0,1,1,12.3,15.91,56,6.0032,7,156,163
2011-12-12 21:00:00,4,0,1,1,10.66,15.15,81,0.0,0,118,118
2011-12-12 22:00:00,4,0,1,1,10.66,15.15,70,0.0,0,71,71
2011-12-12 23:00:00,4,0,1,1,9.84,14.395,75,0.0,2,42,44
2011-12-13 00:00:00,4,0,1,1,9.02,13.635,80,0.0,2,18,20
2011-12-13 01:00:00,4,0,1,1,8.2,12.88,80,0.0,0,4,4
2011-12-13 02:00:00,4,0,1,1,8.2,12.88,80,0.0,2,4,6
2011-12-13 03:00:00,4,0,1,1,7.38,12.12,80,0.0,-2,5,3
2011-12-13 04:00:00,4,0,1,1,8.2,12.88,80,0.0,0,2,2
2011-12-13 05:00:00,4,0,1,1,7.38,12.12,86,0.0,0,21,21
2011-12-13 06:00:00,4,0,1,1,8.2,12.88,80,0.0,1,89,90
2011-12-13 07:00:00,4,0,1,1,6.56,8.335,80,11.0014,1,219,220
2011-12-13 08:00:00,4,0,1,1,8.2,11.365,69,7.0015,10,392,402
2011-12-13 09:00:00,4,0,1,1,10.66,12.88,60,11.0014,7,220,227
2011-12-13 10:00:00,4,0,1,1,12.3,15.15,52,11.0014,3,97,100
2011-12-13 11:00:00,4,0,1,1,13.94,15.91,46,16.9979,9,113,122
2011-12-13 12:00:00,4,0,1,1,14.76,16.665,43,23.9994,21,147,168
2011-12-13 13:00:00,4,0,1,1,16.4,20.455,37,22.0028,3,120,123
2011-12-13 14:00:00,4,0,1,1,16.4,20.455,37,16.9979,16,116,132
2011-12-13 15:00:00,4,0,1,1,16.4,20.455,35,16.9979,7,143,150
2011-12-13 16:00:00,4,0,1,1,15.58,19.695,37,16.9979,11,196,207
2011-12-13 17:00:00,4,0,1,1,14.76,17.425,40,12.998,16,378,394
2011-12-13 18:00:00,4,0,1,1,13.94,15.91,42,15.0013,11,373,384
2011-12-13 19:00:00,4,0,1,1,13.12,15.91,49,11.0014,3,265,268
2011-12-13 20:00:00,4,0,1,1,13.12,15.91,49,11.0014,7,153,160
2011-12-13 21:00:00,4,0,1,1,12.3,15.15,52,11.0014,5,133,138
2011-12-13 22:00:00,4,0,1,1,12.3,15.15,52,11.0014,4,102,106
2011-12-13 23:00:00,4,0,1,1,10.66,15.15,70,0.0,3,53,56
2011-12-14 00:00:00,4,0,1,1,10.66,15.15,75,0.0,0,21,21
2011-12-14 01:00:00,4,0,1,1,10.66,15.15,75,0.0,0,9,9
2011-12-14 02:00:00,4,0,1,1,10.66,15.15,75,0.0,0,0,0
2011-12-14 03:00:00,4,0,1,1,11.48,15.91,65,0.0,1,4,5
2011-12-14 04:00:00,4,0,1,1,10.66,15.15,75,0.0,0,7,7
2011-12-14 05:00:00,4,0,1,2,10.66,15.15,81,0.0,0,22,22
2011-12-14 06:00:00,4,0,1,2,10.66,15.15,87,0.0,-1,89,88
2011-12-14 07:00:00,4,0,1,1,11.48,15.91,75,0.0,5,244,249
2011-12-14 08:00:00,4,0,1,2,10.66,15.15,87,0.0,10,458,468
2011-12-14 09:00:00,4,0,1,2,12.3,16.665,61,0.0,9,229,238
2011-12-14 10:00:00,4,0,1,2,13.12,17.425,57,0.0,10,132,142
2011-12-14 11:00:00,4,0,1,2,13.94,18.18,55,0.0,11,100,111
2011-12-14 12:00:00,4,0,1,2,14.76,18.18,57,6.0032,6,140,146
2011-12-14 13:00:00,4,0,1,2,14.76,18.18,57,7.0015,15,126,141
2011-12-14 14:00:00,4,0,1,2,15.58,19.695,54,6.0032,17,137,154
2011-12-14 15:00:00,4,0,1,2,15.58,19.695,54,7.0015,24,138,162
2011-12-14 16:00:00,4,0,1,2,15.58,19.695,54,7.0015,10,226,236
2011-12-14 17:00:00,4,0,1,2,14.76,18.18,57,7.0015,18,376,394
2011-12-14 18:00:00,4,0,1,2,14.76,17.425,62,11.0014,11,379,390
2011-12-14 19:00:00,4,0,1,2,14.76,18.18,62,7.0015,8,256,264
2011-12-14 20:00:00,4,0,1,2,13.94,17.425,66,7.0015,6,172,178
2011-12-14 21:00:00,4,0,1,2,13.94,16.665,66,11.0014,7,149,156
2011-12-14 22:00:00,4,0,1,1,13.94,16.665,66,11.0014,3,104,107
2011-12-14 23:00:00,4,0,1,1,13.12,15.91,70,11.0014,2,50,52
2011-12-15 00:00:00,4,0,1,1,13.12,15.91,70,11.0014,5,47,52
2011-12-15 01:00:00,4,0,1,2,13.12,15.91,70,11.0014,3,19,22
2011-12-15 02:00:00,4,0,1,2,13.12,16.665,70,8.9981,2,5,7
2011-12-15 03:00:00,4,0,1,2,13.12,16.665,70,8.9981,0,9,9
2011-12-15 04:00:00,4,0,1,2,13.12,15.15,70,15.0013,0,1,1
2011-12-15 05:00:00,4,0,1,2,13.12,15.15,70,19.0012,0,22,22
2011-12-15 06:00:00,4,0,1,1,13.12,15.91,66,12.998,0,91,91
2011-12-15 07:00:00,4,0,1,1,13.12,15.91,70,12.998,7,250,257
2011-12-15 08:00:00,4,0,1,2,13.94,15.91,66,15.0013,7,449,456
2011-12-15 09:00:00,4,0,1,2,14.76,16.665,62,19.0012,4,276,280
2011-12-15 10:00:00,4,0,1,2,16.4,20.455,58,19.9995,4,103,107
2011-12-15 11:00:00,4,0,1,2,16.4,20.455,62,27.9993,8,134,142
2011-12-15 12:00:00,4,0,1,2,18.86,22.725,59,32.9975,18,139,157
2011-12-15 13:00:00,4,0,1,2,20.5,24.24,55,23.9994,15,150,165
2011-12-15 14:00:00,4,0,1,2,21.32,25.0,52,22.0028,8,128,136
2011-12-15 15:00:00,4,0,1,3,21.32,25.0,55,15.0013,7,71,78
2011-12-15 16:00:00,4,0,1,3,18.86,22.725,72,11.0014,6,127,133
2011-12-15 17:00:00,4,0,1,2,21.32,25.0,59,19.0012,14,304,318
2011-12-15 18:00:00,4,0,1,2,21.32,25.0,59,19.9995,15,368,383
2011-12-15 19:00:00,4,0,1,2,21.32,25.0,59,19.0012,14,270,284
2011-12-15 20:00:00,4,0,1,1,21.32,25.0,59,22.0028,11,211,222
2011-12-15 21:00:00,4,0,1,1,20.5,24.24,63,19.9995,10,147,157
2011-12-15 22:00:00,4,0,1,1,21.32,25.0,63,22.0028,6,116,122
2011-12-15 23:00:00,4,0,1,1,21.32,25.0,63,22.0028,10,99,109
2011-12-16 00:00:00,4,0,1,1,20.5,24.24,72,22.0028,11,60,71
2011-12-16 01:00:00,4,0,1,1,20.5,24.24,72,15.0013,2,26,28
2011-12-16 02:00:00,4,0,1,1,19.68,23.485,77,7.0015,0,24,24
2011-12-16 03:00:00,4,0,1,1,18.86,22.725,82,8.9981,1,1,2
2011-12-16 04:00:00,4,0,1,2,20.5,24.24,59,12.998,1,4,5
2011-12-16 05:00:00,4,0,1,1,19.68,23.485,44,26.0027,1,21,22
2011-12-16 06:00:00,4,0,1,2,18.04,21.97,33,19.9995,3,81,84
2011-12-16 07:00:00,4,0,1,2,15.58,19.695,46,19.9995,4,227,231
2011-12-16 08:00:00,4,0,1,1,14.76,16.665,46,27.9993,8,446,454
2011-12-16 09:00:00,4,0,1,1,14.76,16.665,46,26.0027,8,236,244
2011-12-16 10:00:00,4,0,1,1,13.94,15.15,46,19.9995,9,120,129
2011-12-16 11:00:00,4,0,1,2,13.94,15.15,42,19.9995,9,132,141
2011-12-16 12:00:00,4,0,1,2,13.94,15.15,42,23.9994,9,164,173
2011-12-16 13:00:00,4,0,1,2,13.94,15.15,39,23.9994,10,129,139
2011-12-16 14:00:00,4,0,1,2,13.94,15.91,42,15.0013,13,116,129
2011-12-16 15:00:00,4,0,1,2,13.12,15.15,45,19.9995,12,139,151
2011-12-16 16:00:00,4,0,1,2,13.12,15.15,45,15.0013,12,211,223
2011-12-16 17:00:00,4,0,1,2,13.12,15.15,45,19.0012,12,347,359
2011-12-16 18:00:00,4,0,1,2,13.12,15.15,45,16.9979,8,289,297
2011-12-16 19:00:00,4,0,1,2,13.12,15.15,45,15.0013,12,200,212
2011-12-16 20:00:00,4,0,1,2,13.12,15.91,45,12.998,6,149,155
2011-12-16 21:00:00,4,0,1,2,13.12,15.91,45,11.0014,6,96,102
2011-12-16 22:00:00,4,0,1,2,12.3,15.15,49,11.0014,6,98,104
2011-12-16 23:00:00,4,0,1,2,12.3,15.15,49,8.9981,4,69,73
2011-12-17 00:00:00,4,0,0,1,12.3,14.395,49,19.0012,3,56,59
2011-12-17 01:00:00,4,0,0,2,12.3,14.395,52,16.9979,4,42,46
2011-12-17 02:00:00,4,0,0,2,11.48,13.635,56,15.0013,12,46,58
2011-12-17 03:00:00,4,0,0,1,10.66,12.88,60,12.998,3,16,19
2011-12-17 04:00:00,4,0,0,1,9.84,12.12,65,11.0014,0,9,9
2011-12-17 05:00:00,4,0,0,2,10.66,12.88,60,12.998,3,7,10
2011-12-17 06:00:00,4,0,0,2,10.66,12.12,56,19.0012,1,18,19
2011-12-17 07:00:00,4,0,0,2,10.66,12.88,56,15.0013,0,17,17
2011-12-17 08:00:00,4,0,0,2,10.66,12.88,56,15.0013,3,50,53
2011-12-17 09:00:00,4,0,0,2,10.66,12.12,56,16.9979,4,97,101
2011-12-17 10:00:00,4,0,0,2,10.66,12.12,52,19.0012,9,172,181
2011-12-17 11:00:00,4,0,0,2,11.48,12.88,45,22.0028,20,189,209
2011-12-17 12:00:00,4,0,0,2,11.48,12.88,45,19.0012,27,221,248
2011-12-17 13:00:00,4,0,0,2,11.48,13.635,48,16.9979,31,208,239
2011-12-17 14:00:00,4,0,0,1,11.48,12.88,45,23.9994,29,208,237
2011-12-17 15:00:00,4,0,0,1,11.48,12.88,45,19.0012,34,196,230
2011-12-17 16:00:00,4,0,0,1,11.48,13.635,45,15.0013,30,190,220
2011-12-17 17:00:00,4,0,0,1,10.66,12.88,48,15.0013,11,155,166
2011-12-17 18:00:00,4,0,0,1,10.66,11.365,48,26.0027,8,145,153
2011-12-17 19:00:00,4,0,0,3,9.84,10.605,65,22.0028,11,98,109
2011-12-17 20:00:00,4,0,0,1,9.02,10.605,69,16.9979,6,95,101
2011-12-17 21:00:00,4,0,0,1,8.2,10.605,75,11.0014,8,88,96
2011-12-17 22:00:00,4,0,0,1,8.2,10.605,75,11.0014,7,71,78
2011-12-17 23:00:00,4,0,0,1,8.2,11.365,75,0.0,5,60,65
2011-12-18 00:00:00,4,0,0,1,8.2,10.605,75,8.9981,7,59,66
2011-12-18 01:00:00,4,0,0,1,8.2,11.365,69,7.0015,4,47,51
2011-12-18 02:00:00,4,0,0,1,9.02,12.12,55,7.0015,3,41,44
2011-12-18 03:00:00,4,0,0,1,9.02,10.605,55,15.0013,1,14,15
2011-12-18 04:00:00,4,0,0,1,9.02,10.605,55,15.0013,-1,5,4
2011-12-18 05:00:00,4,0,0,1,8.2,11.365,59,7.0015,1,4,5
2011-12-18 06:00:00,4,0,0,1,8.2,10.605,59,8.9981,-1,0,-1
2011-12-18 07:00:00,4,0,0,1,8.2,10.605,59,11.0014,0,11,11
2011-12-18 08:00:00,4,0,0,1,8.2,12.88,69,0.0,1,32,33
2011-12-18 09:00:00,4,0,0,1,9.02,11.365,64,11.0014,6,76,82
2011-12-18 10:00:00,4,0,0,1,9.84,11.365,60,16.9979,8,125,133
2011-12-18 11:00:00,4,0,0,2,9.84,11.365,60,15.0013,20,176,196
2011-12-18 12:00:00,4,0,0,1,10.66,12.88,60,15.0013,25,207,232
2011-12-18 13:00:00,4,0,0,1,12.3,13.635,49,19.9995,18,212,230
2011-12-18 14:00:00,4,0,0,1,12.3,14.395,49,19.0012,22,201,223
2011-12-18 15:00:00,4,0,0,1,13.12,15.15,45,19.0012,23,182,205
2011-12-18 16:00:00,4,0,0,1,11.48,13.635,48,16.9979,26,206,232
2011-12-18 17:00:00,4,0,0,1,11.48,13.635,46,11.0014,8,123,131
2011-12-18 18:00:00,4,0,0,1,11.48,13.635,45,12.998,15,117,132
2011-12-18 19:00:00,4,0,0,1,10.66,13.635,52,8.9981,3,135,138
2011-12-18 20:00:00,4,0,0,1,9.84,12.88,60,7.0015,12,94,106
2011-12-18 21:00:00,4,0,0,1,9.02,13.635,64,0.0,8,78,86
2011-12-18 22:00:00,4,0,0,1,9.02,11.365,75,12.998,1,48,49
2011-12-18 23:00:00,4,0,0,1,8.2,11.365,75,7.0015,5,34,39
2011-12-19 00:00:00,4,0,1,1,8.2,11.365,75,6.0032,1,13,14
2011-12-19 01:00:00,4,0,1,1,7.38,10.605,80,6.0032,2,8,10
2011-12-19 02:00:00,4,0,1,1,7.38,10.605,80,6.0032,0,4,4
2011-12-19 03:00:00,4,0,1,1,6.56,9.85,86,6.0032,1,0,1
2011-12-19 04:00:00,4,0,1,1,6.56,9.09,86,8.9981,0,1,1
2011-12-19 05:00:00,4,0,1,1,5.74,8.335,93,7.0015,0,19,19
2011-12-19 06:00:00,4,0,1,1,6.56,9.09,86,7.0015,0,67,67
2011-12-19 07:00:00,4,0,1,1,7.38,10.605,74,7.0015,4,185,189
2011-12-19 08:00:00,4,0,1,1,8.2,9.85,75,12.998,7,390,397
2011-12-19 09:00:00,4,0,1,1,9.02,10.605,69,15.0013,15,168,183
2011-12-19 10:00:00,4,0,1,1,9.84,11.365,67,12.998,13,91,104
2011-12-19 11:00:00,4,0,1,1,10.66,12.12,65,16.9979,22,102,124
2011-12-19 12:00:00,4,0,1,1,12.3,13.635,61,22.0028,12,134,146
2011-12-19 13:00:00,4,0,1,1,13.94,15.15,49,22.0028,15,122,137
2011-12-19 14:00:00,4,0,1,1,14.76,17.425,46,15.0013,31,107,138
2011-12-19 15:00:00,4,0,1,1,15.58,19.695,46,11.0014,22,129,151
2011-12-19 16:00:00,4,0,1,1,16.4,20.455,40,16.9979,18,188,206
2011-12-19 17:00:00,4,0,1,1,15.58,19.695,46,12.998,16,364,380
2011-12-19 18:00:00,4,0,1,1,14.76,17.425,50,12.998,11,337,348
2011-12-19 19:00:00,4,0,1,2,14.76,17.425,53,11.0014,16,235,251
2011-12-19 20:00:00,4,0,1,1,16.4,20.455,40,11.0014,8,193,201
2011-12-19 21:00:00,4,0,1,2,14.76,17.425,53,8.9981,13,114,127
2011-12-19 22:00:00,4,0,1,2,14.76,17.425,57,11.0014,12,97,109
2011-12-19 23:00:00,4,0,1,1,14.76,17.425,53,11.0014,11,50,61
2012-01-01 00:00:00,1,0,0,1,14.76,18.94,66,0.0,5,45,50
2012-01-01 01:00:00,1,0,0,1,14.76,17.425,66,8.9981,15,76,91
2012-01-01 02:00:00,1,0,0,1,13.12,17.425,76,0.0,17,64,81
2012-01-01 03:00:00,1,0,0,1,12.3,16.665,81,0.0,9,42,51
2012-01-01 04:00:00,1,0,0,1,11.48,15.15,81,6.0032,0,11,11
2012-01-01 05:00:00,1,0,0,1,11.48,14.395,81,7.0015,0,5,5
2012-01-01 06:00:00,1,0,0,1,10.66,13.635,93,8.9981,0,-2,-2
2012-01-01 07:00:00,1,0,0,1,10.66,12.88,93,11.0014,0,5,5
2012-01-01 08:00:00,1,0,0,1,10.66,13.635,87,7.0015,5,12,17
2012-01-01 09:00:00,1,0,0,1,10.66,13.635,93,7.0015,12,24,36
2012-01-01 10:00:00,1,0,0,1,12.3,15.91,81,7.0015,17,51,68
2012-01-01 11:00:00,1,0,0,1,13.94,16.665,76,8.9981,40,101,141
2012-01-01 12:00:00,1,0,0,1,16.4,20.455,62,19.0012,58,145,203
2012-01-01 13:00:00,1,0,0,1,17.22,21.21,58,19.0012,83,142,225
2012-01-01 14:00:00,1,0,0,1,18.04,21.97,54,19.9995,120,145,265
2012-01-01 15:00:00,1,0,0,1,18.86,22.725,51,19.9995,99,169,268
2012-01-01 16:00:00,1,0,0,2,18.04,21.97,54,19.9995,69,150,219
2012-01-01 17:00:00,1,0,0,2,19.68,23.485,48,11.0014,36,73,109
2012-01-01 18:00:00,1,0,0,3,18.86,22.725,59,16.9979,27,86,113
2012-01-01 19:00:00,1,0,0,3,17.22,21.21,67,26.0027,19,87,106
2012-01-01 20:00:00,1,0,0,2,18.04,21.97,62,19.9995,25,61,86
2012-01-01 21:00:00,1,0,0,2,18.04,21.97,67,16.9979,11,58,69
2012-01-01 22:00:00,1,0,0,1,18.86,22.725,55,27.9993,13,53,66
2012-01-01 23:00:00,1,0,0,1,18.04,21.97,51,19.9995,3,25,28
2012-01-02 00:00:00,1,1,0,1,16.4,20.455,40,31.0009,6,27,33
2012-01-02 01:00:00,1,1,0,1,14.76,16.665,43,27.9993,0,8,8
2012-01-02 02:00:00,1,1,0,1,14.76,15.91,34,30.0026,1,7,8
2012-01-02 04:00:00,1,1,0,1,11.48,12.88,45,22.0028,0,3,3
2012-01-02 05:00:00,1,1,0,1,11.48,12.88,45,22.0028,0,2,2
2012-01-02 06:00:00,1,1,0,1,10.66,11.365,41,26.0027,0,12,12
2012-01-02 07:00:00,1,1,0,1,9.84,10.605,32,26.0027,0,16,16
2012-01-02 08:00:00,1,1,0,1,9.84,11.365,35,16.9979,0,50,50
2012-01-02 09:00:00,1,1,0,1,9.84,12.88,35,0.0,14,54,68
2012-01-02 10:00:00,1,1,0,1,10.66,12.12,35,19.0012,17,87,104
2012-01-02 11:00:00,1,1,0,1,10.66,10.605,35,32.9975,33,140,173
2012-01-02 12:00:00,1,1,0,1,11.48,13.635,36,16.9979,42,161,203
2012-01-02 13:00:00,1,1,0,1,12.3,13.635,36,19.9995,25,149,174
2012-01-02 14:00:00,1,1,0,1,12.3,13.635,36,27.9993,7,142,149
2012-01-02 15:00:00,1,1,0,1,11.48,12.12,38,30.0026,29,140,169
2012-01-02 16:00:00,1,1,0,1,10.66,11.365,35,27.9993,10,141,151
2012-01-02 17:00:00,1,1,0,1,10.66,11.365,35,26.0027,16,135,151
2012-01-02 18:00:00,1,1,0,1,10.66,12.12,33,16.9979,13,112,125
2012-01-02 19:00:00,1,1,0,1,9.84,11.365,38,15.0013,3,85,88
2012-01-02 20:00:00,1,1,0,1,9.84,11.365,41,15.0013,5,80,85
2012-01-02 21:00:00,1,1,0,2,9.84,10.605,41,22.0028,1,65,66
2012-01-02 22:00:00,1,1,0,2,9.02,10.605,44,19.0012,2,41,43
2012-01-02 23:00:00,1,1,0,1,9.02,10.605,44,16.9979,1,33,34
2012-01-03 00:00:00,1,0,1,1,8.2,9.85,51,16.9979,0,14,14
2012-01-03 01:00:00,1,0,1,1,7.38,9.09,55,15.0013,1,3,4
2012-01-03 02:00:00,1,0,1,1,7.38,8.335,51,16.9979,0,3,3
2012-01-03 03:00:00,1,0,1,1,6.56,6.82,55,19.0012,0,0,0
2012-01-03 04:00:00,1,0,1,1,6.56,7.575,55,16.9979,0,6,6
2012-01-03 05:00:00,1,0,1,1,5.74,6.82,54,12.998,0,13,13
2012-01-03 06:00:00,1,0,1,1,5.74,6.06,59,19.0012,4,79,83
2012-01-03 07:00:00,1,0,1,1,5.74,6.06,59,16.9979,2,170,172
2012-01-03 08:00:00,1,0,1,1,6.56,6.82,55,19.0012,3,346,349
2012-01-03 09:00:00,1,0,1,1,6.56,6.82,50,19.0012,6,146,152
2012-01-03 10:00:00,1,0,1,1,6.56,6.06,47,31.0009,5,56,61
2012-01-03 11:00:00,1,0,1,1,7.38,6.82,37,35.0008,13,65,78
2012-01-03 12:00:00,1,0,1,1,7.38,6.82,37,35.0008,5,68,73
2012-01-03 13:00:00,1,0,1,1,7.38,6.06,34,43.9989,5,68,73
2012-01-03 14:00:00,1,0,1,1,6.56,6.06,43,35.0008,8,74,82
2012-01-03 15:00:00,1,0,1,1,6.56,6.06,37,27.9993,9,68,77
2012-01-03 16:00:00,1,0,1,1,5.74,4.545,39,39.0007,5,127,132
2012-01-03 17:00:00,1,0,1,1,5.74,5.305,26,31.0009,4,244,248
2012-01-03 18:00:00,1,0,1,1,5.74,4.545,26,35.0008,9,213,222
2012-01-03 19:00:00,1,0,1,1,4.92,4.545,28,27.9993,4,148,152
2012-01-03 20:00:00,1,0,1,1,4.92,6.06,33,16.9979,-1,111,110
2012-01-03 21:00:00,1,0,1,1,4.1,5.305,36,15.0013,1,69,70
2012-01-03 22:00:00,1,0,1,1,4.1,5.305,46,16.9979,0,34,34
2012-01-03 23:00:00,1,0,1,1,4.1,3.79,46,26.0027,0,17,17
2012-01-04 00:00:00,1,0,1,1,3.28,3.03,42,22.0028,0,8,8
2012-01-04 01:00:00,1,0,1,1,1.64,1.515,38,19.9995,2,-1,1
2012-01-04 02:00:00,1,0,1,1,0.82,0.76,34,19.0012,0,-3,-3
2012-01-04 03:00:00,1,0,1,1,0.82,0.76,34,19.0012,0,1,1
2012-01-04 04:00:00,1,0,1,1,0.82,2.275,41,12.998,0,4,4
2012-01-04 05:00:00,1,0,1,1,0.82,2.275,41,12.998,1,9,10
2012-01-04 06:00:00,1,0,1,1,0.82,2.275,41,11.0014,0,60,60
2012-01-04 07:00:00,1,0,1,1,0.82,2.275,44,12.998,0,151,151
2012-01-04 08:00:00,1,0,1,1,0.82,3.03,44,8.9981,5,318,323
2012-01-04 09:00:00,1,0,1,1,1.64,3.03,45,8.9981,5,176,181
2012-01-04 10:00:00,1,0,1,1,2.46,5.305,45,0.0,5,59,64
2012-01-04 11:00:00,1,0,1,2,3.28,6.06,42,6.0032,5,39,44
2012-01-04 12:00:00,1,0,1,2,4.1,5.305,46,12.998,8,83,91
2012-01-04 13:00:00,1,0,1,2,5.74,6.06,43,16.9979,9,82,91
2012-01-04 14:00:00,1,0,1,2,5.74,6.06,46,16.9979,7,72,79
2012-01-04 15:00:00,1,0,1,2,7.38,7.575,37,22.0028,9,85,94
2012-01-04 16:00:00,1,0,1,2,7.38,8.335,40,19.0012,8,118,126
2012-01-04 17:00:00,1,0,1,2,8.2,9.85,40,12.998,10,270,280
2012-01-04 18:00:00,1,0,1,2,8.2,10.605,37,8.9981,9,282,291
2012-01-04 19:00:00,1,0,1,2,8.2,11.365,40,7.0015,1,183,184
2012-01-04 20:00:00,1,0,1,2,8.2,9.85,40,12.998,3,120,123
2012-01-04 21:00:00,1,0,1,2,8.2,12.88,44,0.0,1,92,93
2012-01-04 22:00:00,1,0,1,2,8.2,11.365,47,6.0032,4,42,46
2012-01-04 23:00:00,1,0,1,2,8.2,11.365,44,7.0015,-1,31,30
2012-01-05 00:00:00,1,0,1,2,9.02,11.365,47,12.998,1,12,13
2012-01-05 01:00:00,1,0,1,1,8.2,11.365,51,6.0032,0,5,5
2012-01-05 02:00:00,1,0,1,1,8.2,11.365,51,6.0032,0,6,6
2012-01-05 03:00:00,1,0,1,1,8.2,12.88,61,0.0,0,3,3
2012-01-05 04:00:00,1,0,1,2,8.2,11.365,59,6.0032,0,5,5
2012-01-05 05:00:00,1,0,1,2,8.2,11.365,59,6.0032,0,26,26
2012-01-05 06:00:00,1,0,1,2,8.2,10.605,75,8.9981,0,75,75
2012-01-05 07:00:00,1,0,1,2,8.2,11.365,69,6.0032,2,211,213
2012-01-05 08:00:00,1,0,1,2,8.2,12.88,75,0.0,10,370,380
2012-01-05 09:00:00,1,0,1,2,9.02,13.635,69,0.0,9,221,230
2012-01-05 10:00:00,1,0,1,2,9.84,12.88,52,6.0032,4,77,81
2012-01-05 11:00:00,1,0,1,1,12.3,16.665,49,0.0,4,74,78
2012-01-05 12:00:00,1,0,1,1,12.3,14.395,49,16.9979,5,116,121
2012-01-05 13:00:00,1,0,1,1,13.94,15.15,42,19.9995,4,110,114
2012-01-05 14:00:00,1,0,1,1,13.94,15.91,39,19.0012,16,111,127
2012-01-05 15:00:00,1,0,1,1,14.76,16.665,34,19.0012,5,114,119
2012-01-05 16:00:00,1,0,1,1,14.76,16.665,34,19.0012,19,178,197
2012-01-05 17:00:00,1,0,1,2,14.76,17.425,34,12.998,18,394,412
2012-01-05 18:00:00,1,0,1,1,13.94,16.665,36,11.0014,8,377,385
2012-01-05 19:00:00,1,0,1,1,13.94,17.425,34,6.0032,10,248,258
2012-01-05 20:00:00,1,0,1,1,12.3,16.665,49,0.0,3,170,173
2012-01-05 21:00:00,1,0,1,1,10.66,13.635,60,8.9981,7,89,96
2012-01-05 22:00:00,1,0,1,1,10.66,12.88,60,11.0014,0,68,68
2012-01-05 23:00:00,1,0,1,1,9.84,12.88,70,7.0015,1,56,57
2012-01-06 00:00:00,1,0,1,1,9.02,12.88,75,6.0032,1,23,24
2012-01-06 01:00:00,1,0,1,1,9.02,13.635,75,0.0,1,5,6
2012-01-06 02:00:00,1,0,1,1,9.02,11.365,69,11.0014,1,6,7
2012-01-06 03:00:00,1,0,1,1,9.02,12.12,69,7.0015,1,4,5
2012-01-06 04:00:00,1,0,1,1,9.02,11.365,69,8.9981,1,2,3
2012-01-06 05:00:00,1,0,1,2,8.2,10.605,80,8.9981,0,4,4
2012-01-06 06:00:00,1,0,1,2,9.02,12.12,73,7.0015,0,66,66
2012-01-06 07:00:00,1,0,1,2,9.84,14.395,65,0.0,2,197,199
2012-01-06 08:00:00,1,0,1,1,9.84,12.12,70,8.9981,11,438,449
2012-01-06 09:00:00,1,0,1,1,9.84,12.12,70,11.0014,3,237,240
2012-01-06 10:00:00,1,0,1,1,10.66,12.88,65,12.998,14,104,118
2012-01-06 11:00:00,1,0,1,1,12.3,15.15,56,11.0014,6,126,132
2012-01-06 12:00:00,1,0,1,1,14.76,16.665,50,16.9979,23,171,194
2012-01-06 13:00:00,1,0,1,1,16.4,20.455,43,19.0012,15,185,200
2012-01-06 14:00:00,1,0,1,1,18.86,22.725,36,12.998,25,145,170
2012-01-06 15:00:00,1,0,1,1,21.32,25.0,27,16.9979,42,180,222
2012-01-06 16:00:00,1,0,1,1,21.32,25.0,27,19.0012,36,258,294
2012-01-06 17:00:00,1,0,1,1,18.86,22.725,36,15.0013,19,459,478
2012-01-06 18:00:00,1,0,1,1,20.5,24.24,29,16.9979,26,387,413
2012-01-06 19:00:00,1,0,1,1,18.86,22.725,33,19.0012,12,254,266
2012-01-06 20:00:00,1,0,1,1,17.22,21.21,41,12.998,14,163,177
2012-01-06 21:00:00,1,0,1,1,16.4,20.455,43,15.0013,16,140,156
2012-01-06 22:00:00,1,0,1,1,14.76,17.425,50,12.998,12,123,135
2012-01-06 23:00:00,1,0,1,1,14.76,18.94,50,0.0,14,87,101
2012-01-07 00:00:00,1,0,0,1,14.76,17.425,50,11.0014,2,78,80
2012-01-07 01:00:00,1,0,0,1,15.58,19.695,46,11.0014,5,53,58
2012-01-07 02:00:00,1,0,0,1,14.76,18.18,50,7.0015,1,41,42
2012-01-07 03:00:00,1,0,0,1,13.12,16.665,57,7.0015,0,18,18
2012-01-07 04:00:00,1,0,0,1,13.12,16.665,57,6.0032,0,11,11
2012-01-07 05:00:00,1,0,0,1,10.66,13.635,75,7.0015,1,7,8
2012-01-07 06:00:00,1,0,0,1,10.66,13.635,75,7.0015,1,6,7
2012-01-07 07:00:00,1,0,0,1,9.02,11.365,87,12.998,0,20,20
2012-01-07 08:00:00,1,0,0,1,9.84,12.88,75,7.0015,0,65,65
2012-01-07 09:00:00,1,0,0,1,9.02,11.365,80,8.9981,13,117,130
2012-01-07 10:00:00,1,0,0,1,11.48,15.15,75,6.0032,42,157,199
2012-01-07 11:00:00,1,0,0,1,13.94,15.91,57,15.0013,74,249,323
2012-01-07 12:00:00,1,0,0,1,16.4,20.455,43,15.0013,98,278,376
2012-01-07 13:00:00,1,0,0,1,18.04,21.97,44,12.998,149,297,446
2012-01-07 14:00:00,1,0,0,1,20.5,24.24,42,19.0012,155,357,512
2012-01-07 15:00:00,1,0,0,1,23.78,27.275,37,19.9995,130,315,445
2012-01-07 16:00:00,1,0,0,2,22.96,26.515,37,19.0012,134,269,403
2012-01-07 17:00:00,1,0,0,2,22.14,25.76,43,8.9981,87,232,319
2012-01-07 18:00:00,1,0,0,1,22.14,25.76,45,8.9981,49,248,297
2012-01-07 19:00:00,1,0,0,1,21.32,25.0,42,7.0015,46,172,218
2012-01-07 20:00:00,1,0,0,1,20.5,24.24,39,16.9979,20,150,170
2012-01-07 21:00:00,1,0,0,1,18.04,21.97,44,15.0013,21,116,137
2012-01-07 22:00:00,1,0,0,1,18.04,21.97,38,16.9979,17,90,107
2012-01-07 23:00:00,1,0,0,1,17.22,21.21,38,15.0013,17,103,120
2012-01-08 00:00:00,1,0,0,1,15.58,19.695,40,19.0012,14,80,94
2012-01-08 01:00:00,1,0,0,1,13.94,16.665,42,12.998,11,60,71
2012-01-08 02:00:00,1,0,0,1,14.76,16.665,37,19.0012,8,57,65
2012-01-08 03:00:00,1,0,0,1,13.94,16.665,42,8.9981,6,22,28
2012-01-08 04:00:00,1,0,0,1,13.12,15.15,49,16.9979,2,7,9
2012-01-08 05:00:00,1,0,0,2,13.12,16.665,49,7.0015,0,6,6
2012-01-08 06:00:00,1,0,0,2,12.3,16.665,52,0.0,0,-1,-1
2012-01-08 07:00:00,1,0,0,2,12.3,16.665,52,0.0,1,18,19
2012-01-08 08:00:00,1,0,0,1,12.3,15.15,52,8.9981,3,51,54
2012-01-08 09:00:00,1,0,0,1,13.12,16.665,53,8.9981,24,102,126
2012-01-08 10:00:00,1,0,0,1,13.94,16.665,49,11.0014,25,181,206
2012-01-08 11:00:00,1,0,0,1,14.76,17.425,46,15.0013,53,202,255
2012-01-08 12:00:00,1,0,0,1,15.58,19.695,43,15.0013,78,274,352
2012-01-08 13:00:00,1,0,0,1,16.4,20.455,37,19.9995,78,267,345
2012-01-08 14:00:00,1,0,0,1,16.4,20.455,40,12.998,75,255,330
2012-01-08 15:00:00,1,0,0,1,16.4,20.455,37,19.0012,88,237,325
2012-01-08 16:00:00,1,0,0,1,16.4,20.455,37,19.9995,59,255,314
2012-01-08 17:00:00,1,0,0,1,15.58,19.695,40,15.0013,21,192,213
2012-01-08 18:00:00,1,0,0,1,13.94,15.91,46,15.0013,18,159,177
2012-01-08 19:00:00,1,0,0,1,13.12,15.91,49,12.998,8,112,120
2012-01-08 20:00:00,1,0,0,1,12.3,15.15,52,11.0014,6,119,125
2012-01-08 21:00:00,1,0,0,1,11.48,13.635,56,15.0013,9,81,90
2012-01-08 22:00:00,1,0,0,1,10.66,13.635,60,7.0015,2,53,55
2012-01-08 23:00:00,1,0,0,1,10.66,12.12,56,16.9979,0,28,28
2012-01-09 00:00:00,1,0,1,1,9.84,11.365,60,15.0013,2,14,16
2012-01-09 01:00:00,1,0,1,1,9.84,12.12,60,8.9981,0,7,7
2012-01-09 02:00:00,1,0,1,1,9.84,12.12,56,8.9981,3,1,4
2012-01-09 03:00:00,1,0,1,1,9.84,12.12,52,11.0014,0,2,2
2012-01-09 04:00:00,1,0,1,1,9.02,12.12,64,7.0015,-1,2,1
2012-01-09 05:00:00,1,0,1,2,8.2,11.365,64,6.0032,0,25,25
2012-01-09 06:00:00,1,0,1,2,9.02,11.365,60,8.9981,3,81,84
2012-01-09 07:00:00,1,0,1,2,9.02,12.12,60,7.0015,0,243,243
2012-01-09 08:00:00,1,0,1,2,9.02,12.88,55,6.0032,12,402,414
2012-01-09 09:00:00,1,0,1,2,9.02,13.635,64,0.0,9,188,197
2012-01-09 10:00:00,1,0,1,1,9.84,14.395,60,0.0,13,89,102
2012-01-09 11:00:00,1,0,1,2,10.66,14.395,56,6.0032,6,85,91
2012-01-09 12:00:00,1,0,1,2,10.66,13.635,56,7.0015,11,93,104
2012-01-09 13:00:00,1,0,1,2,10.66,13.635,56,7.0015,2,81,83
2012-01-09 14:00:00,1,0,1,3,9.02,11.365,75,11.0014,7,41,48
2012-01-09 15:00:00,1,0,1,3,9.02,11.365,75,11.0014,5,64,69
2012-01-09 16:00:00,1,0,1,3,9.02,12.88,87,6.0032,2,43,45
2012-01-09 17:00:00,1,0,1,3,9.02,13.635,87,0.0,5,151,156
2012-01-09 18:00:00,1,0,1,4,8.2,11.365,86,6.0032,5,161,166
2012-01-09 19:00:00,1,0,1,3,8.2,11.365,93,6.0032,1,184,185
2012-01-09 20:00:00,1,0,1,2,8.2,11.365,86,6.0032,3,130,133
2012-01-09 21:00:00,1,0,1,2,8.2,12.88,93,0.0,0,79,79
2012-01-09 22:00:00,1,0,1,2,8.2,11.365,92,7.0015,5,54,59
2012-01-09 23:00:00,1,0,1,2,9.02,12.12,87,7.0015,2,50,52
2012-01-10 00:00:00,1,0,1,2,9.02,12.12,87,7.0015,-1,10,9
2012-01-10 01:00:00,1,0,1,2,9.02,12.12,93,7.0015,0,4,4
2012-01-10 02:00:00,1,0,1,2,9.02,11.365,87,11.0014,1,3,4
2012-01-10 04:00:00,1,0,1,2,8.2,10.605,86,11.0014,0,8,8
2012-01-10 05:00:00,1,0,1,1,16.4,20.455,47,15.0013,1,20,21
2012-01-10 06:00:00,1,0,1,2,7.38,9.09,93,12.998,0,76,76
2012-01-10 07:00:00,1,0,1,2,7.38,9.85,93,11.0014,2,217,219
2012-01-10 08:00:00,1,0,1,2,7.38,9.85,93,11.0014,6,464,470
2012-01-10 09:00:00,1,0,1,2,7.38,9.85,93,11.0014,9,188,197
2012-01-10 10:00:00,1,0,1,2,7.38,9.85,93,11.0014,2,77,79
2012-01-10 11:00:00,1,0,1,1,17.22,21.21,38,19.9995,8,87,95
2012-01-10 12:00:00,1,0,1,1,17.22,21.21,38,19.9995,11,125,136
2012-01-10 13:00:00,1,0,1,1,17.22,21.21,38,19.9995,15,162,177
2012-01-10 14:00:00,1,0,1,1,17.22,21.21,38,19.9995,9,98,107
2012-01-10 15:00:00,1,0,1,1,17.22,21.21,38,19.9995,17,116,133
2012-01-10 16:00:00,1,0,1,1,17.22,21.21,38,23.9994,14,223,237
2012-01-10 17:00:00,1,0,1,1,17.22,21.21,38,16.9979,13,450,463
2012-01-10 18:00:00,1,0,1,1,16.4,20.455,40,7.0015,11,375,386
2012-01-10 19:00:00,1,0,1,1,15.58,19.695,46,7.0015,10,263,273
2012-01-10 20:00:00,1,0,1,1,13.94,17.425,53,7.0015,9,196,205
2012-01-10 21:00:00,1,0,1,1,13.12,16.665,66,6.0032,5,109,114
2012-01-10 22:00:00,1,0,1,1,12.3,15.15,70,6.0032,10,103,113
2012-01-10 23:00:00,1,0,1,1,10.66,13.635,81,7.0015,2,38,40
2012-01-11 00:00:00,1,0,1,1,10.66,15.15,81,0.0,1,24,25
2012-01-11 01:00:00,1,0,1,1,9.84,12.88,87,6.0032,0,7,7
2012-01-11 02:00:00,1,0,1,1,8.2,10.605,85,11.0014,0,2,2
2012-01-11 03:00:00,1,0,1,1,9.02,13.635,80,0.0,-1,1,0
2012-01-11 04:00:00,1,0,1,1,8.2,10.605,80,8.9981,0,2,2
2012-01-11 05:00:00,1,0,1,1,8.2,10.605,80,8.9981,0,11,11
2012-01-11 06:00:00,1,0,1,1,8.2,10.605,86,8.9981,1,78,79
2012-01-11 07:00:00,1,0,1,1,8.2,10.605,80,8.9981,8,251,259
2012-01-11 08:00:00,1,0,1,1,8.2,11.365,82,7.0015,11,483,494
2012-01-11 09:00:00,1,0,1,2,8.2,10.605,86,8.9981,5,217,222
2012-01-11 10:00:00,1,0,1,2,9.84,12.12,87,8.9981,14,81,95
2012-01-11 11:00:00,1,0,1,2,10.66,14.395,87,6.0032,9,93,102
2012-01-11 12:00:00,1,0,1,3,12.3,16.665,81,0.0,3,49,52
2012-01-11 13:00:00,1,0,1,3,13.12,17.425,76,0.0,5,52,57
2012-01-11 14:00:00,1,0,1,3,13.12,16.665,81,7.0015,2,68,70
2012-01-11 15:00:00,1,0,1,2,13.94,17.425,87,6.0032,5,79,84
2012-01-11 16:00:00,1,0,1,2,13.94,15.91,87,16.9979,4,111,115
2012-01-11 17:00:00,1,0,1,3,13.94,15.91,87,15.0013,7,127,134
2012-01-11 18:00:00,1,0,1,3,13.94,16.665,87,12.998,1,103,104
2012-01-11 19:00:00,1,0,1,3,13.12,15.15,93,15.0013,1,88,89
2012-01-11 20:00:00,1,0,1,3,13.12,15.91,93,11.0014,1,54,55
2012-01-11 21:00:00,1,0,1,3,13.94,15.91,87,15.0013,0,28,28
2012-01-11 22:00:00,1,0,1,3,13.94,16.665,87,12.998,1,50,51
2012-01-11 23:00:00,1,0,1,3,13.94,15.91,87,15.0013,-1,7,6
2012-01-12 00:00:00,1,0,1,3,13.94,16.665,93,12.998,0,5,5
2012-01-12 01:00:00,1,0,1,3,14.76,17.425,93,12.998,0,0,0
2012-01-12 02:00:00,1,0,1,3,14.76,17.425,93,16.9979,0,0,0
2012-01-12 03:00:00,1,0,1,3,14.76,17.425,93,16.9979,0,2,2
2012-01-12 04:00:00,1,0,1,3,14.76,17.425,93,12.998,0,0,0
2012-01-12 05:00:00,1,0,1,3,13.94,17.425,93,6.0032,0,17,17
2012-01-12 06:00:00,1,0,1,3,14.76,17.425,93,8.9981,0,89,89
2012-01-12 07:00:00,1,0,1,2,13.94,15.91,87,19.0012,1,215,216
2012-01-12 08:00:00,1,0,1,1,13.12,15.91,81,12.998,11,500,511
2012-01-12 09:00:00,1,0,1,1,13.12,16.665,81,7.0015,9,219,228
2012-01-12 10:00:00,1,0,1,1,13.94,17.425,81,7.0015,5,80,85
2012-01-12 11:00:00,1,0,1,2,13.94,17.425,81,7.0015,18,102,120
2012-01-12 12:00:00,1,0,1,2,13.94,17.425,81,7.0015,13,135,148
2012-01-12 13:00:00,1,0,1,1,17.22,21.21,77,11.0014,13,173,186
2012-01-12 14:00:00,1,0,1,1,17.22,21.21,77,11.0014,23,132,155
2012-01-12 15:00:00,1,0,1,1,18.04,21.97,72,8.9981,31,153,184
2012-01-12 16:00:00,1,0,1,1,18.86,22.725,67,12.998,33,255,288
2012-01-12 17:00:00,1,0,1,1,18.86,22.725,63,11.0014,22,468,490
2012-01-12 18:00:00,1,0,1,1,18.04,21.97,67,12.998,21,401,422
2012-01-12 19:00:00,1,0,1,2,17.22,21.21,71,11.0014,16,311,327
2012-01-12 20:00:00,1,0,1,2,17.22,21.21,71,12.998,10,235,245
2012-01-12 21:00:00,1,0,1,1,18.04,21.97,67,8.9981,12,156,168
2012-01-12 22:00:00,1,0,1,1,15.58,19.695,76,19.9995,10,119,129
2012-01-12 23:00:00,1,0,1,1,16.4,20.455,76,22.0028,7,60,67
2012-01-13 00:00:00,1,0,1,2,16.4,20.455,71,19.0012,4,35,39
2012-01-13 01:00:00,1,0,1,2,15.58,19.695,76,19.9995,0,15,15
2012-01-13 02:00:00,1,0,1,1,16.4,20.455,76,23.9994,1,10,11
2012-01-13 03:00:00,1,0,1,1,14.76,16.665,87,16.9979,3,6,9
2012-01-13 04:00:00,1,0,1,3,13.12,14.395,70,32.9975,1,5,6
2012-01-13 05:00:00,1,0,1,2,12.3,12.12,70,36.9974,0,22,22
2012-01-13 06:00:00,1,0,1,2,10.66,12.88,75,15.0013,0,70,70
2012-01-13 07:00:00,1,0,1,1,10.66,12.88,60,15.0013,3,178,181
2012-01-13 08:00:00,1,0,1,1,9.84,10.605,52,23.9994,11,408,419
2012-01-13 09:00:00,1,0,1,1,9.02,9.85,47,26.0027,9,203,212
2012-01-13 10:00:00,1,0,1,1,9.84,9.85,44,30.0026,1,100,101
2012-01-13 11:00:00,1,0,1,1,9.84,9.09,38,40.9973,10,102,112
2012-01-13 12:00:00,1,0,1,1,9.84,9.85,38,32.9975,14,138,152
2012-01-13 13:00:00,1,0,1,1,10.66,10.605,33,35.0008,13,141,154
2012-01-13 14:00:00,1,0,1,1,10.66,10.605,33,36.9974,9,121,130
2012-01-13 15:00:00,1,0,1,1,10.66,10.605,33,39.0007,13,121,134
2012-01-13 16:00:00,1,0,1,1,11.48,12.12,30,31.0009,16,213,229
2012-01-13 17:00:00,1,0,1,1,11.48,12.12,33,27.9993,14,313,327
2012-01-13 18:00:00,1,0,1,1,10.66,11.365,38,19.9995,7,292,299
2012-01-13 19:00:00,1,0,1,1,10.66,12.12,38,19.0012,7,198,205
2012-01-13 20:00:00,1,0,1,1,9.84,12.12,41,11.0014,5,131,136
2012-01-13 21:00:00,1,0,1,1,9.84,10.605,41,19.0012,6,98,104
2012-01-13 22:00:00,1,0,1,1,8.2,9.09,47,22.0028,6,60,66
2012-01-13 23:00:00,1,0,1,1,7.38,9.09,47,12.998,4,58,62
2012-01-14 00:00:00,1,0,0,1,6.56,9.09,47,7.0015,3,39,42
2012-01-14 01:00:00,1,0,0,1,6.56,7.575,47,12.998,7,40,47
2012-01-14 02:00:00,1,0,0,1,6.56,8.335,47,11.0014,5,31,36
2012-01-14 03:00:00,1,0,0,1,5.74,8.335,54,7.0015,5,16,21
2012-01-14 04:00:00,1,0,0,1,5.74,7.575,50,8.9981,0,0,0
2012-01-14 05:00:00,1,0,0,1,5.74,7.575,50,8.9981,0,0,0
2012-01-14 06:00:00,1,0,0,1,5.74,7.575,50,0.0,0,13,13
2012-01-14 07:00:00,1,0,0,1,5.74,7.575,50,8.9981,0,19,19
2012-01-14 08:00:00,1,0,0,1,4.92,7.575,54,7.0015,2,93,95
2012-01-14 09:00:00,1,0,0,1,5.74,8.335,50,7.0015,2,77,79
2012-01-14 10:00:00,1,0,0,1,6.56,11.365,47,0.0,16,130,146
2012-01-14 11:00:00,1,0,0,1,8.2,9.85,40,12.998,27,147,174
2012-01-14 12:00:00,1,0,0,1,9.02,10.605,41,16.9979,30,188,218
2012-01-14 13:00:00,1,0,0,1,9.02,10.605,44,19.0012,36,184,220
2012-01-14 14:00:00,1,0,0,1,9.84,10.605,41,19.9995,52,182,234
2012-01-14 15:00:00,1,0,0,1,9.84,10.605,38,19.9995,50,175,225
2012-01-14 16:00:00,1,0,0,1,9.84,11.365,38,15.0013,26,182,208
2012-01-14 17:00:00,1,0,0,1,9.84,11.365,41,16.9979,14,130,144
2012-01-14 18:00:00,1,0,0,1,9.02,11.365,41,12.998,20,119,139
2012-01-14 19:00:00,1,0,0,1,8.2,9.85,47,15.0013,12,88,100
2012-01-14 20:00:00,1,0,0,1,8.2,9.85,44,16.9979,8,96,104
2012-01-14 21:00:00,1,0,0,1,7.38,8.335,43,16.9979,3,68,71
2012-01-14 22:00:00,1,0,0,1,6.56,6.82,47,23.9994,2,63,65
2012-01-14 23:00:00,1,0,0,1,6.56,7.575,47,15.0013,5,70,75
2012-01-15 00:00:00,1,0,0,1,6.56,6.82,47,22.0028,8,48,56
2012-01-15 01:00:00,1,0,0,2,6.56,6.82,47,19.9995,2,43,45
2012-01-15 02:00:00,1,0,0,2,6.56,6.82,47,19.0012,5,44,49
2012-01-15 03:00:00,1,0,0,2,6.56,6.82,48,26.0027,0,22,22
2012-01-15 04:00:00,1,0,0,2,6.56,6.82,47,26.0027,0,3,3
2012-01-15 05:00:00,1,0,0,2,6.56,6.82,47,22.0028,0,5,5
2012-01-15 06:00:00,1,0,0,2,5.74,6.06,50,19.0012,1,0,1
2012-01-15 07:00:00,1,0,0,1,4.92,6.06,54,19.0012,3,12,15
2012-01-15 08:00:00,1,0,0,1,4.92,6.06,54,15.0013,1,31,32
2012-01-15 09:00:00,1,0,0,1,4.92,6.82,54,12.998,10,76,86
2012-01-15 10:00:00,1,0,0,1,5.74,6.06,54,19.0012,10,114,124
2012-01-15 11:00:00,1,0,0,1,6.56,7.575,47,15.0013,20,147,167
2012-01-15 12:00:00,1,0,0,1,7.38,8.335,40,19.9995,43,192,235
2012-01-15 13:00:00,1,0,0,1,8.2,9.09,34,19.0012,39,181,220
2012-01-15 14:00:00,1,0,0,1,8.2,9.09,32,23.9994,23,158,181
2012-01-15 15:00:00,1,0,0,1,9.02,11.365,27,12.998,33,172,205
2012-01-15 16:00:00,1,0,0,1,9.02,10.605,29,19.9995,30,180,210
2012-01-15 17:00:00,1,0,0,1,9.02,10.605,25,16.9979,15,128,143
2012-01-15 18:00:00,1,0,0,1,7.38,9.09,29,15.0013,7,113,120
2012-01-15 19:00:00,1,0,0,1,6.56,8.335,37,11.0014,8,105,113
2012-01-15 20:00:00,1,0,0,1,6.56,9.09,37,7.0015,9,83,92
2012-01-15 21:00:00,1,0,0,1,6.56,8.335,40,11.0014,2,72,74
2012-01-15 22:00:00,1,0,0,1,7.38,10.605,37,6.0032,1,56,57
2012-01-15 23:00:00,1,0,0,1,6.56,9.85,43,6.0032,2,29,31
2012-01-16 00:00:00,1,1,0,1,5.74,7.575,46,8.9981,2,19,21
2012-01-16 01:00:00,1,1,0,1,5.74,8.335,43,7.0015,0,18,18
2012-01-16 02:00:00,1,1,0,1,5.74,10.605,46,0.0,2,12,14
2012-01-16 03:00:00,1,1,0,1,4.92,9.85,50,0.0,0,9,9
2012-01-16 04:00:00,1,1,0,1,4.92,7.575,58,7.0015,1,5,6
2012-01-16 05:00:00,1,1,0,1,4.92,8.335,54,6.0032,0,8,8
2012-01-16 06:00:00,1,1,0,1,4.1,6.82,54,6.0032,0,5,5
2012-01-16 07:00:00,1,1,0,1,4.1,6.82,54,7.0015,4,24,28
2012-01-16 08:00:00,1,1,0,1,4.1,6.06,58,11.0014,4,67,71
2012-01-16 09:00:00,1,1,0,1,4.1,6.06,58,11.0014,9,87,96
2012-01-16 10:00:00,1,1,0,2,5.74,6.82,59,12.998,16,104,120
2012-01-16 11:00:00,1,1,0,1,6.56,7.575,59,16.9979,20,155,175
2012-01-16 12:00:00,1,1,0,1,8.2,9.09,55,22.0028,19,160,179
2012-01-16 13:00:00,1,1,0,2,9.84,9.85,41,27.9993,26,204,230
2012-01-16 14:00:00,1,1,0,1,9.84,10.605,44,26.0027,24,162,186
2012-01-16 15:00:00,1,1,0,1,10.66,10.605,44,30.0026,17,171,188
2012-01-16 16:00:00,1,1,0,1,10.66,11.365,44,23.9994,22,162,184
2012-01-16 17:00:00,1,1,0,1,10.66,11.365,48,22.0028,18,174,192
2012-01-16 18:00:00,1,1,0,1,10.66,11.365,52,22.0028,7,172,179
2012-01-16 19:00:00,1,1,0,1,10.66,12.12,56,19.0012,8,131,139
2012-01-16 20:00:00,1,1,0,1,10.66,12.12,60,19.0012,1,88,89
2012-01-16 21:00:00,1,1,0,1,11.48,12.88,52,22.0028,1,39,40
2012-01-16 22:00:00,1,1,0,2,12.3,13.635,49,23.9994,4,35,39
2012-01-16 23:00:00,1,1,0,3,10.66,11.365,70,19.9995,0,27,27
2012-01-17 00:00:00,1,0,1,2,10.66,11.365,70,22.0028,0,6,6
2012-01-17 01:00:00,1,0,1,2,11.48,12.88,65,23.9994,1,0,1
2012-01-17 02:00:00,1,0,1,3,11.48,13.635,75,16.9979,-1,17,16
2012-01-17 04:00:00,1,0,1,3,13.12,15.15,66,22.0028,1,0,1
2012-01-17 05:00:00,1,0,1,3,13.12,15.15,66,22.0028,0,9,9
2012-01-17 06:00:00,1,0,1,3,12.3,14.395,75,16.9979,0,57,57
2012-01-17 07:00:00,1,0,1,3,12.3,14.395,81,15.0013,5,118,123
2012-01-17 08:00:00,1,0,1,3,12.3,14.395,81,19.0012,2,95,97
2012-01-17 09:00:00,1,0,1,3,13.12,15.15,81,16.9979,6,61,67
2012-01-17 10:00:00,1,0,1,3,12.3,14.395,87,16.9979,0,55,55
2012-01-17 11:00:00,1,0,1,2,13.94,17.425,87,7.0015,4,73,77
2012-01-17 12:00:00,1,0,1,2,13.12,15.15,87,19.0012,4,77,81
2012-01-17 13:00:00,1,0,1,2,15.58,19.695,76,22.0028,7,97,104
2012-01-17 14:00:00,1,0,1,1,18.04,21.97,62,32.9975,12,117,129
2012-01-17 15:00:00,1,0,1,1,18.04,21.97,62,32.9975,6,129,135
2012-01-17 16:00:00,1,0,1,1,18.86,22.725,63,36.9974,12,201,213
2012-01-17 17:00:00,1,0,1,1,18.86,22.725,63,30.0026,21,441,462
2012-01-17 18:00:00,1,0,1,1,18.86,22.725,63,30.0026,10,453,463
2012-01-17 19:00:00,1,0,1,1,18.86,22.725,63,27.9993,11,297,308
2012-01-17 20:00:00,1,0,1,1,18.86,22.725,63,23.9994,10,172,182
2012-01-17 21:00:00,1,0,1,1,18.86,22.725,67,31.0009,4,179,183
2012-01-17 22:00:00,1,0,1,1,18.86,22.725,72,26.0027,4,79,83
2012-01-17 23:00:00,1,0,1,1,18.86,22.725,72,26.0027,0,58,58
2012-01-18 00:00:00,1,0,1,2,18.86,22.725,77,22.0028,2,11,13
2012-01-18 01:00:00,1,0,1,2,18.86,22.725,77,22.0028,1,7,8
2012-01-18 02:00:00,1,0,1,2,18.04,21.97,51,32.9975,1,2,3
2012-01-18 03:00:00,1,0,1,2,18.04,21.97,51,32.9975,0,6,6
2012-01-18 04:00:00,1,0,1,1,13.94,14.395,46,35.0008,-1,-2,-3
2012-01-18 05:00:00,1,0,1,1,13.94,14.395,46,35.0008,0,26,26
2012-01-18 06:00:00,1,0,1,1,13.94,14.395,36,35.0008,0,88,88
2012-01-18 07:00:00,1,0,1,1,13.12,14.395,42,23.9994,0,257,257
2012-01-18 08:00:00,1,0,1,1,12.3,13.635,52,27.9993,14,479,493
2012-01-18 09:00:00,1,0,1,1,11.48,12.88,52,22.0028,4,198,202
2012-01-18 10:00:00,1,0,1,1,12.3,13.635,42,31.0009,4,85,89
2012-01-18 11:00:00,1,0,1,1,12.3,13.635,42,26.0027,3,108,111
2012-01-18 12:00:00,1,0,1,1,12.3,12.88,39,32.9975,4,154,158
2012-01-18 13:00:00,1,0,1,1,12.3,13.635,42,31.0009,5,122,127
2012-01-18 14:00:00,1,0,1,1,12.3,13.635,33,26.0027,7,100,107
2012-01-18 15:00:00,1,0,1,1,12.3,12.88,33,35.0008,8,125,133
2012-01-18 16:00:00,1,0,1,1,11.48,11.365,30,35.0008,13,160,173
2012-01-18 17:00:00,1,0,1,1,10.66,10.605,33,30.0026,8,344,352
2012-01-18 18:00:00,1,0,1,1,9.84,10.605,32,23.9994,9,349,358
2012-01-18 19:00:00,1,0,1,1,9.02,9.85,37,26.0027,6,251,257
2012-01-18 20:00:00,1,0,1,1,9.02,10.605,37,16.9979,1,160,161
2012-01-18 21:00:00,1,0,1,1,8.2,8.335,40,27.9993,6,119,125
2012-01-18 22:00:00,1,0,1,1,7.38,8.335,47,16.9979,4,71,75
2012-01-18 23:00:00,1,0,1,1,6.56,6.82,47,19.9995,2,32,34
2012-01-19 00:00:00,1,0,1,1,5.74,6.82,50,12.998,1,15,16
2012-01-19 01:00:00,1,0,1,1,5.74,7.575,50,11.0014,0,6,6
2012-01-19 02:00:00,1,0,1,1,5.74,7.575,50,8.9981,0,-2,-2
2012-01-19 03:00:00,1,0,1,1,4.92,7.575,54,7.0015,0,4,4
2012-01-19 04:00:00,1,0,1,1,4.92,7.575,54,7.0015,1,8,9
2012-01-19 05:00:00,1,0,1,1,4.92,6.06,55,16.9979,0,12,12
2012-01-19 06:00:00,1,0,1,1,4.92,6.82,54,11.0014,0,89,89
2012-01-19 07:00:00,1,0,1,1,4.92,8.335,54,6.0032,1,200,201
2012-01-19 08:00:00,1,0,1,1,4.92,7.575,54,7.0015,8,411,419
2012-01-19 09:00:00,1,0,1,1,4.92,9.85,54,0.0,5,205,210
2012-01-19 10:00:00,1,0,1,1,5.74,10.605,59,0.0,12,92,104
2012-01-19 11:00:00,1,0,1,1,6.56,8.335,55,11.0014,5,95,100
2012-01-19 12:00:00,1,0,1,1,8.2,9.85,51,12.998,5,112,117
2012-01-19 13:00:00,1,0,1,1,9.02,10.605,47,19.0012,5,116,121
2012-01-19 14:00:00,1,0,1,1,9.84,11.365,44,12.998,15,105,120
2012-01-19 15:00:00,1,0,1,1,10.66,11.365,44,19.9995,7,116,123
2012-01-19 16:00:00,1,0,1,1,10.66,11.365,41,22.0028,4,185,189
2012-01-19 17:00:00,1,0,1,2,10.66,11.365,44,22.0028,20,365,385
2012-01-19 18:00:00,1,0,1,2,10.66,11.365,44,22.0028,15,345,360
2012-01-19 19:00:00,1,0,1,2,10.66,11.365,48,19.9995,5,224,229
2012-01-19 20:00:00,1,0,1,1,10.66,10.605,52,30.0026,6,183,189
2012-01-19 21:00:00,1,0,1,1,10.66,11.365,44,23.9994,3,119,122
2012-01-19 22:00:00,1,0,1,2,10.66,11.365,44,27.9993,1,88,89
2012-01-19 23:00:00,1,0,1,1,10.66,11.365,48,22.0028,0,54,54
2012-02-01 00:00:00,1,0,1,1,18.04,21.97,38,19.0012,0,26,26
2012-02-01 01:00:00,1,0,1,1,18.04,21.97,41,19.0012,0,-2,-2
2012-02-01 02:00:00,1,0,1,1,18.04,21.97,44,19.0012,0,10,10
2012-02-01 03:00:00,1,0,1,1,18.04,21.97,44,12.998,0,0,0
2012-02-01 04:00:00,1,0,1,1,16.4,20.455,50,11.0014,1,0,1
2012-02-01 05:00:00,1,0,1,1,16.4,20.455,50,11.0014,0,19,19
2012-02-01 06:00:00,1,0,1,3,16.4,20.455,54,11.0014,0,67,67
2012-02-01 07:00:00,1,0,1,3,15.58,19.695,62,6.0032,7,198,205
2012-02-01 08:00:00,1,0,1,3,14.76,18.18,73,7.0015,15,506,521
2012-02-01 09:00:00,1,0,1,2,14.76,17.425,71,12.998,8,268,276
2012-02-01 10:00:00,1,0,1,1,16.4,20.455,62,8.9981,9,123,132
2012-02-01 11:00:00,1,0,1,1,16.4,20.455,58,11.0014,26,114,140
2012-02-01 12:00:00,1,0,1,1,18.04,21.97,54,7.0015,26,156,182
2012-02-01 13:00:00,1,0,1,1,18.86,22.725,47,15.0013,13,169,182
2012-02-01 14:00:00,1,0,1,1,25.42,31.06,33,15.0013,34,164,198
2012-02-01 15:00:00,1,0,1,1,24.6,31.06,35,19.0012,23,172,195
2012-02-01 16:00:00,1,0,1,1,24.6,31.06,40,15.0013,22,260,282
2012-02-01 17:00:00,1,0,1,1,23.78,27.275,43,12.998,31,508,539
2012-02-01 18:00:00,1,0,1,1,22.96,26.515,46,11.0014,11,514,525
2012-02-01 19:00:00,1,0,1,1,22.14,25.76,52,19.0012,20,316,336
2012-02-01 20:00:00,1,0,1,1,21.32,25.0,52,11.0014,9,256,265
2012-02-01 21:00:00,1,0,1,1,21.32,25.0,52,11.0014,15,214,229
2012-02-01 22:00:00,1,0,1,1,20.5,24.24,55,12.998,5,140,145
2012-02-01 23:00:00,1,0,1,1,18.86,22.725,63,6.0032,22,77,99
2012-02-02 00:00:00,1,0,1,1,18.86,22.725,59,8.9981,7,21,28
2012-02-02 01:00:00,1,0,1,2,18.86,22.725,55,0.0,3,12,15
2012-02-02 02:00:00,1,0,1,2,17.22,21.21,67,8.9981,1,11,12
2012-02-02 03:00:00,1,0,1,2,17.22,21.21,67,8.9981,0,5,5
2012-02-02 04:00:00,1,0,1,3,16.4,20.455,82,6.0032,0,0,0
2012-02-02 05:00:00,1,0,1,3,16.4,20.455,82,0.0,0,18,18
2012-02-02 06:00:00,1,0,1,3,14.76,18.94,90,0.0,0,68,68
2012-02-02 07:00:00,1,0,1,3,14.76,18.94,93,0.0,3,202,205
2012-02-02 08:00:00,1,0,1,3,16.4,20.455,87,0.0,9,433,442
2012-02-02 09:00:00,1,0,1,3,15.58,19.695,87,0.0,14,211,225
2012-02-02 10:00:00,1,0,1,3,17.22,21.21,77,7.0015,6,74,80
2012-02-02 11:00:00,1,0,1,3,16.4,20.455,82,16.9979,6,103,109
2012-02-02 12:00:00,1,0,1,1,17.22,21.21,82,0.0,7,146,153
2012-02-02 13:00:00,1,0,1,2,17.22,21.21,77,0.0,12,119,131
2012-02-02 14:00:00,1,0,1,1,16.4,20.455,76,7.0015,11,126,137
2012-02-02 15:00:00,1,0,1,1,18.86,22.725,67,11.0014,24,153,177
2012-02-02 16:00:00,1,0,1,1,18.86,22.725,55,19.0012,19,208,227
2012-02-02 17:00:00,1,0,1,1,17.22,21.21,54,32.9975,12,430,442
2012-02-02 18:00:00,1,0,1,1,16.4,20.455,43,31.0009,17,394,411
2012-02-02 19:00:00,1,0,1,1,15.58,19.695,43,35.0008,14,312,326
2012-02-02 20:00:00,1,0,1,1,14.76,15.91,46,35.0008,7,201,208
2012-02-02 21:00:00,1,0,1,1,13.94,15.15,46,27.9993,5,143,148
2012-02-02 22:00:00,1,0,1,1,13.12,14.395,49,27.9993,2,109,111
2012-02-02 23:00:00,1,0,1,1,13.12,15.15,49,16.9979,-1,58,57
2012-02-03 00:00:00,1,0,1,1,13.12,14.395,53,26.0027,2,36,38
2012-02-03 01:00:00,1,0,1,1,12.3,13.635,56,22.0028,3,15,18
2012-02-03 02:00:00,1,0,1,1,12.3,14.395,52,15.0013,0,6,6
2012-02-03 03:00:00,1,0,1,1,11.48,12.88,56,19.9995,0,3,3
2012-02-03 04:00:00,1,0,1,1,10.66,12.88,60,15.0013,1,3,4
2012-02-03 05:00:00,1,0,1,1,10.66,12.88,60,15.0013,1,15,16
2012-02-03 06:00:00,1,0,1,1,9.84,12.12,65,11.0014,0,92,92
2012-02-03 07:00:00,1,0,1,1,9.84,11.365,65,15.0013,8,212,220
2012-02-03 08:00:00,1,0,1,1,9.84,11.365,65,15.0013,10,432,442
2012-02-03 09:00:00,1,0,1,1,9.84,11.365,65,12.998,17,252,269
2012-02-03 10:00:00,1,0,1,1,11.48,12.88,56,19.0012,14,109,123
2012-02-03 11:00:00,1,0,1,1,13.12,15.15,53,19.9995,15,151,166
2012-02-03 12:00:00,1,0,1,1,13.94,16.665,46,8.9981,23,199,222
2012-02-03 13:00:00,1,0,1,1,14.76,18.18,46,0.0,26,173,199
2012-02-03 14:00:00,1,0,1,1,14.76,17.425,46,15.0013,23,143,166
2012-02-03 15:00:00,1,0,1,1,15.58,19.695,40,0.0,48,167,215
2012-02-03 16:00:00,1,0,1,1,16.4,20.455,37,7.0015,37,273,310
2012-02-03 17:00:00,1,0,1,1,16.4,20.455,37,6.0032,29,453,482
2012-02-03 18:00:00,1,0,1,1,15.58,19.695,40,8.9981,16,366,382
2012-02-03 19:00:00,1,0,1,1,13.94,17.425,49,7.0015,11,255,266
2012-02-03 20:00:00,1,0,1,1,13.94,17.425,49,7.0015,7,155,162
2012-02-03 21:00:00,1,0,1,1,13.94,17.425,49,7.0015,8,120,128
2012-02-03 22:00:00,1,0,1,1,13.94,17.425,49,7.0015,2,114,116
2012-02-03 23:00:00,1,0,1,1,10.66,13.635,70,7.0015,2,74,76
2012-02-04 00:00:00,1,0,0,1,10.66,13.635,70,7.0015,10,77,87
2012-02-04 01:00:00,1,0,0,1,10.66,13.635,70,7.0015,-1,36,35
2012-02-04 02:00:00,1,0,0,1,9.84,12.88,70,6.0032,6,37,43
2012-02-04 03:00:00,1,0,0,1,9.84,14.395,75,0.0,1,16,17
2012-02-04 04:00:00,1,0,0,1,9.84,12.88,81,6.0032,0,5,5
2012-02-04 05:00:00,1,0,0,1,9.84,12.88,81,6.0032,1,5,6
2012-02-04 06:00:00,1,0,0,1,9.02,11.365,87,8.9981,1,2,3
2012-02-04 07:00:00,1,0,0,2,9.84,12.12,87,8.9981,0,31,31
2012-02-04 08:00:00,1,0,0,1,9.84,14.395,87,0.0,3,89,92
2012-02-04 09:00:00,1,0,0,1,9.84,12.12,81,8.9981,16,139,155
2012-02-04 10:00:00,1,0,0,1,9.84,12.88,87,7.0015,31,194,225
2012-02-04 11:00:00,1,0,0,1,12.3,16.665,70,0.0,45,218,263
2012-02-04 12:00:00,1,0,0,2,12.3,15.91,70,6.0032,39,263,302
2012-02-04 13:00:00,1,0,0,2,12.3,14.395,70,12.998,59,242,301
2012-02-04 14:00:00,1,0,0,2,13.12,15.15,66,15.0013,47,230,277
2012-02-04 15:00:00,1,0,0,2,13.12,15.15,66,15.0013,61,243,304
2012-02-04 16:00:00,1,0,0,2,13.94,16.665,61,11.0014,18,121,139
2012-02-04 17:00:00,1,0,0,3,12.3,14.395,70,12.998,11,55,66
2012-02-04 18:00:00,1,0,0,3,11.48,13.635,75,11.0014,8,57,65
2012-02-04 19:00:00,1,0,0,3,10.66,13.635,87,8.9981,4,70,74
2012-02-04 20:00:00,1,0,0,3,9.84,11.365,93,12.998,4,75,79
2012-02-04 21:00:00,1,0,0,3,9.84,12.12,93,8.9981,6,74,80
2012-02-04 22:00:00,1,0,0,2,9.84,12.88,87,6.0032,3,93,96
2012-02-04 23:00:00,1,0,0,2,9.84,12.12,87,8.9981,4,64,68
2012-02-05 00:00:00,1,0,0,2,9.84,12.12,87,8.9981,2,61,63
2012-02-05 01:00:00,1,0,0,2,9.84,12.88,93,7.0015,4,41,45
2012-02-05 02:00:00,1,0,0,2,9.84,12.88,93,7.0015,4,64,68
2012-02-05 03:00:00,1,0,0,3,9.84,12.88,87,6.0032,5,12,17
2012-02-05 04:00:00,1,0,0,2,9.84,12.12,87,8.9981,0,8,8
2012-02-05 05:00:00,1,0,0,3,10.66,12.88,81,12.998,0,-1,-1
2012-02-05 06:00:00,1,0,0,2,10.66,12.12,70,16.9979,0,8,8
2012-02-05 07:00:00,1,0,0,2,9.84,12.12,75,11.0014,0,18,18
2012-02-05 08:00:00,1,0,0,2,9.84,12.12,75,11.0014,5,57,62
2012-02-05 09:00:00,1,0,0,2,9.84,11.365,70,15.0013,9,83,92
2012-02-05 10:00:00,1,0,0,2,10.66,12.12,65,19.0012,9,137,146
2012-02-05 11:00:00,1,0,0,2,10.66,12.88,70,12.998,22,158,180
2012-02-05 12:00:00,1,0,0,2,10.66,12.88,65,12.998,24,223,247
2012-02-05 13:00:00,1,0,0,2,11.48,13.635,61,11.0014,33,241,274
2012-02-05 14:00:00,1,0,0,1,12.3,15.15,61,11.0014,38,199,237
2012-02-05 15:00:00,1,0,0,2,12.3,14.395,56,16.9979,57,216,273
2012-02-05 16:00:00,1,0,0,1,12.3,14.395,56,15.0013,33,263,296
2012-02-05 17:00:00,1,0,0,1,13.12,15.91,53,11.0014,31,275,306
2012-02-05 18:00:00,1,0,0,1,12.3,14.395,52,16.9979,10,175,185
2012-02-05 19:00:00,1,0,0,1,12.3,14.395,52,15.0013,3,68,71
2012-02-05 20:00:00,1,0,0,1,11.48,13.635,56,12.998,2,43,45
2012-02-05 21:00:00,1,0,0,1,11.48,14.395,56,7.0015,5,59,64
2012-02-05 22:00:00,1,0,0,1,10.66,13.635,60,7.0015,8,182,190
2012-02-05 23:00:00,1,0,0,1,9.84,12.12,70,8.9981,3,39,42
2012-02-06 00:00:00,1,0,1,1,9.84,12.12,65,8.9981,5,13,18
2012-02-06 01:00:00,1,0,1,1,9.02,12.88,75,6.0032,0,2,2
2012-02-06 02:00:00,1,0,1,1,9.02,13.635,75,0.0,0,0,0
2012-02-06 04:00:00,1,0,1,1,7.38,10.605,80,7.0015,0,1,1
2012-02-06 05:00:00,1,0,1,1,7.38,10.605,80,7.0015,1,20,21
2012-02-06 06:00:00,1,0,1,1,6.56,9.09,86,7.0015,0,73,73
2012-02-06 07:00:00,1,0,1,1,6.56,9.09,86,7.0015,5,226,231
2012-02-06 08:00:00,1,0,1,1,6.56,9.09,86,8.9981,10,428,438
2012-02-06 09:00:00,1,0,1,1,7.38,10.605,80,7.0015,6,268,274
2012-02-06 10:00:00,1,0,1,1,9.02,12.12,75,7.0015,20,95,115
2012-02-06 11:00:00,1,0,1,1,10.66,13.635,70,8.9981,13,102,115
2012-02-06 12:00:00,1,0,1,1,13.12,15.91,61,11.0014,18,131,149
2012-02-06 13:00:00,1,0,1,1,15.58,19.695,40,15.0013,17,126,143
2012-02-06 14:00:00,1,0,1,1,16.4,20.455,35,11.0014,13,121,134
2012-02-06 15:00:00,1,0,1,1,17.22,21.21,32,19.0012,25,143,168
2012-02-06 16:00:00,1,0,1,1,16.4,20.455,43,16.9979,13,216,229
2012-02-06 17:00:00,1,0,1,1,16.4,20.455,43,16.9979,11,410,421
2012-02-06 18:00:00,1,0,1,1,15.58,19.695,43,15.0013,10,426,436
2012-02-06 19:00:00,1,0,1,1,14.76,16.665,43,16.9979,5,286,291
2012-02-06 20:00:00,1,0,1,1,13.94,16.665,46,11.0014,5,193,198
2012-02-06 21:00:00,1,0,1,1,13.12,15.91,57,11.0014,12,151,163
2012-02-06 22:00:00,1,0,1,1,12.3,15.15,65,8.9981,4,81,85
2012-02-06 23:00:00,1,0,1,1,12.3,15.15,65,8.9981,4,42,46
2012-02-07 00:00:00,1,0,1,1,12.3,14.395,70,12.998,0,17,17
2012-02-07 01:00:00,1,0,1,1,11.48,14.395,61,8.9981,7,7,14
2012-02-07 02:00:00,1,0,1,1,12.3,16.665,61,0.0,0,2,2
2012-02-07 03:00:00,1,0,1,2,12.3,16.665,70,0.0,0,0,0
2012-02-07 04:00:00,1,0,1,2,12.3,16.665,70,0.0,-1,5,4
2012-02-07 05:00:00,1,0,1,1,13.12,16.665,49,6.0032,0,11,11
2012-02-07 06:00:00,1,0,1,1,13.12,15.15,45,19.9995,3,99,102
2012-02-07 07:00:00,1,0,1,1,13.12,17.425,45,0.0,6,291,297
2012-02-07 08:00:00,1,0,1,1,12.3,15.91,49,0.0,6,519,525
2012-02-07 09:00:00,1,0,1,1,13.12,16.665,49,0.0,10,281,291
2012-02-07 10:00:00,1,0,1,1,13.94,16.665,46,11.0014,10,103,113
2012-02-07 11:00:00,1,0,1,1,14.76,17.425,46,12.998,7,119,126
2012-02-07 12:00:00,1,0,1,1,16.4,20.455,40,22.0028,9,158,167
2012-02-07 13:00:00,1,0,1,1,18.04,21.97,38,16.9979,13,166,179
2012-02-07 14:00:00,1,0,1,1,18.04,21.97,38,16.9979,11,126,137
2012-02-07 15:00:00,1,0,1,1,18.04,21.97,38,12.998,13,136,149
2012-02-07 16:00:00,1,0,1,1,18.04,21.97,35,16.9979,20,250,270
2012-02-07 17:00:00,1,0,1,1,18.04,21.97,35,12.998,14,496,510
2012-02-07 18:00:00,1,0,1,1,17.22,21.21,38,12.998,9,509,518
2012-02-07 19:00:00,1,0,1,1,15.58,19.695,43,15.0013,12,329,341
2012-02-07 20:00:00,1,0,1,1,14.76,17.425,50,8.9981,7,208,215
2012-02-07 21:00:00,1,0,1,1,13.94,17.425,61,7.0015,19,170,189
2012-02-07 22:00:00,1,0,1,1,13.12,15.91,57,12.998,11,109,120
2012-02-07 23:00:00,1,0,1,1,13.12,16.665,57,8.9981,2,50,52
2012-02-08 00:00:00,1,0,1,1,12.3,14.395,56,15.0013,2,22,24
2012-02-08 01:00:00,1,0,1,1,11.48,13.635,61,11.0014,0,0,0
2012-02-08 02:00:00,1,0,1,1,10.66,15.15,65,0.0,0,2,2
2012-02-08 03:00:00,1,0,1,1,10.66,15.15,65,0.0,1,0,1
2012-02-08 04:00:00,1,0,1,1,9.84,12.88,70,6.0032,-1,1,0
2012-02-08 05:00:00,1,0,1,1,9.84,12.88,70,6.0032,2,17,19
2012-02-08 06:00:00,1,0,1,2,9.84,14.395,70,0.0,2,94,96
2012-02-08 07:00:00,1,0,1,2,9.84,12.88,70,7.0015,5,274,279
2012-02-08 08:00:00,1,0,1,2,9.84,11.365,70,15.0013,13,492,505
2012-02-08 09:00:00,1,0,1,2,9.84,12.88,70,11.0014,8,244,252
2012-02-08 10:00:00,1,0,1,2,10.66,12.88,70,15.0013,1,104,105
2012-02-08 11:00:00,1,0,1,2,10.66,12.88,65,15.0013,4,99,103
2012-02-08 12:00:00,1,0,1,2,11.48,12.88,65,19.0012,14,119,133
2012-02-08 13:00:00,1,0,1,2,11.48,14.395,61,7.0015,13,112,125
2012-02-08 14:00:00,1,0,1,2,12.3,15.15,56,11.0014,8,102,110
2012-02-08 15:00:00,1,0,1,3,12.3,15.91,61,7.0015,4,50,54
2012-02-08 16:00:00,1,0,1,3,10.66,13.635,81,7.0015,3,77,80
2012-02-08 17:00:00,1,0,1,3,9.84,12.88,87,7.0015,7,144,151
2012-02-08 18:00:00,1,0,1,3,9.84,12.88,87,7.0015,3,160,163
2012-02-08 19:00:00,1,0,1,3,9.84,12.88,87,7.0015,3,161,164
2012-02-08 20:00:00,1,0,1,3,9.84,12.12,87,8.9981,1,116,117
2012-02-08 21:00:00,1,0,1,3,9.84,11.365,87,12.998,3,123,126
2012-02-08 22:00:00,1,0,1,2,9.84,12.12,87,8.9981,2,98,100
2012-02-08 23:00:00,1,0,1,2,9.84,12.12,87,11.0014,3,57,60
2012-02-09 00:00:00,1,0,1,2,9.84,12.12,87,11.0014,4,31,35
2012-02-09 01:00:00,1,0,1,2,9.84,12.12,87,8.9981,2,2,4
2012-02-09 02:00:00,1,0,1,1,9.02,11.365,80,8.9981,-1,0,-1
2012-02-09 03:00:00,1,0,1,1,9.02,10.605,80,19.0012,0,7,7
2012-02-09 04:00:00,1,0,1,2,9.02,9.85,75,30.0026,1,1,2
2012-02-09 05:00:00,1,0,1,1,8.2,9.09,75,19.0012,0,20,20
2012-02-09 06:00:00,1,0,1,1,8.2,9.09,75,19.0012,0,74,74
2012-02-09 07:00:00,1,0,1,1,8.2,9.85,69,16.9979,4,262,266
2012-02-09 08:00:00,1,0,1,1,8.2,9.85,64,16.9979,11,476,487
2012-02-09 09:00:00,1,0,1,1,8.2,9.85,59,15.0013,8,229,237
2012-02-09 10:00:00,1,0,1,1,9.02,10.605,51,15.0013,7,90,97
2012-02-09 11:00:00,1,0,1,1,9.84,11.365,52,15.0013,4,94,98
2012-02-09 12:00:00,1,0,1,1,10.66,11.365,48,22.0028,8,148,156
2012-02-09 13:00:00,1,0,1,1,12.3,13.635,42,22.0028,10,140,150
2012-02-09 14:00:00,1,0,1,1,13.12,15.15,39,19.9995,16,125,141
2012-02-09 15:00:00,1,0,1,1,13.12,15.15,36,19.9995,16,122,138
2012-02-09 16:00:00,1,0,1,1,13.94,16.665,36,0.0,15,222,237
2012-02-09 17:00:00,1,0,1,1,13.94,16.665,34,8.9981,14,390,404
2012-02-09 18:00:00,1,0,1,1,13.94,16.665,31,11.0014,12,407,419
2012-02-09 19:00:00,1,0,1,1,13.12,16.665,33,7.0015,9,289,298
2012-02-09 20:00:00,1,0,1,1,13.12,17.425,36,0.0,3,200,203
2012-02-09 21:00:00,1,0,1,1,12.3,15.91,52,6.0032,8,176,184
2012-02-09 22:00:00,1,0,1,2,12.3,16.665,56,0.0,1,106,107
2012-02-09 23:00:00,1,0,1,2,12.3,16.665,52,0.0,8,77,85
2012-02-10 00:00:00,1,0,1,2,11.48,15.15,65,6.0032,5,38,43
2012-02-10 01:00:00,1,0,1,2,11.48,15.15,61,6.0032,1,14,15
2012-02-10 02:00:00,1,0,1,1,10.66,14.395,52,6.0032,8,10,18
2012-02-10 03:00:00,1,0,1,1,10.66,14.395,56,6.0032,0,6,6
2012-02-10 04:00:00,1,0,1,1,10.66,14.395,56,6.0032,0,6,6
2012-02-10 05:00:00,1,0,1,1,9.84,11.365,52,15.0013,-1,17,16
2012-02-10 06:00:00,1,0,1,1,8.2,9.85,59,12.998,4,60,64
2012-02-10 07:00:00,1,0,1,1,8.2,10.605,59,11.0014,4,229,233
2012-02-10 08:00:00,1,0,1,1,8.2,10.605,59,11.0014,2,447,449
2012-02-10 09:00:00,1,0,1,1,9.02,11.365,55,11.0014,11,256,267
2012-02-10 10:00:00,1,0,1,2,10.66,13.635,48,8.9981,6,122,128
2012-02-10 11:00:00,1,0,1,2,11.48,14.395,45,7.0015,20,126,146
2012-02-10 12:00:00,1,0,1,2,12.3,15.15,42,8.9981,8,166,174
2012-02-10 13:00:00,1,0,1,2,12.3,15.91,42,6.0032,23,175,198
2012-02-10 14:00:00,1,0,1,2,13.12,16.665,39,6.0032,7,134,141
2012-02-10 15:00:00,1,0,1,2,13.12,16.665,45,8.9981,25,167,192
2012-02-10 16:00:00,1,0,1,2,13.94,15.91,42,16.9979,28,237,265
2012-02-10 17:00:00,1,0,1,2,13.94,16.665,42,12.998,14,381,395
2012-02-10 18:00:00,1,0,1,3,12.3,15.15,61,8.9981,15,343,358
2012-02-10 19:00:00,1,0,1,2,13.12,17.425,57,0.0,14,248,262
2012-02-10 20:00:00,1,0,1,2,13.12,17.425,57,0.0,5,138,143
2012-02-10 21:00:00,1,0,1,2,13.12,16.665,66,6.0032,15,108,123
2012-02-10 22:00:00,1,0,1,2,13.12,17.425,66,0.0,11,100,111
2012-02-10 23:00:00,1,0,1,2,12.3,15.91,70,6.0032,1,58,59
2012-02-11 00:00:00,1,0,0,2,12.3,15.15,70,8.9981,4,51,55
2012-02-11 01:00:00,1,0,0,3,11.48,14.395,81,8.9981,1,41,42
2012-02-11 02:00:00,1,0,0,3,10.66,12.88,81,12.998,4,24,28
2012-02-11 03:00:00,1,0,0,3,9.84,11.365,87,15.0013,1,9,10
2012-02-11 04:00:00,1,0,0,3,9.84,11.365,87,15.0013,-1,7,6
2012-02-11 05:00:00,1,0,0,3,9.02,11.365,93,11.0014,1,0,1
2012-02-11 06:00:00,1,0,0,3,9.02,11.365,93,8.9981,0,10,10
2012-02-11 07:00:00,1,0,0,3,9.02,11.365,93,8.9981,-1,17,16
2012-02-11 08:00:00,1,0,0,3,9.02,11.365,93,8.9981,1,77,78
2012-02-11 09:00:00,1,0,0,3,9.02,12.12,93,7.0015,6,88,94
2012-02-11 10:00:00,1,0,0,3,9.02,12.12,93,7.0015,23,142,165
2012-02-11 11:00:00,1,0,0,2,9.84,12.88,81,7.0015,25,158,183
2012-02-11 12:00:00,1,0,0,2,10.66,12.88,81,11.0014,25,198,223
2012-02-11 13:00:00,1,0,0,2,10.66,12.12,81,19.0012,16,222,238
2012-02-11 14:00:00,1,0,0,2,10.66,12.12,81,16.9979,37,205,242
2012-02-11 15:00:00,1,0,0,2,12.3,13.635,61,19.9995,12,114,126
2012-02-11 16:00:00,1,0,0,3,9.02,9.85,75,27.9993,13,131,144
2012-02-11 17:00:00,1,0,0,3,9.02,9.09,69,31.0009,14,130,144
2012-02-11 18:00:00,1,0,0,2,9.02,9.09,47,43.9989,3,107,110
2012-02-11 19:00:00,1,0,0,2,8.2,7.575,40,36.9974,1,83,84
2012-02-11 20:00:00,1,0,0,2,6.56,6.06,43,36.9974,0,63,63
2012-02-11 21:00:00,1,0,0,1,5.74,3.79,43,43.0006,4,41,45
2012-02-11 22:00:00,1,0,0,2,5.74,5.305,39,26.0027,0,50,50
2012-02-11 23:00:00,1,0,0,3,4.92,3.79,50,32.9975,1,20,21
2012-02-12 00:00:00,1,0,0,3,4.1,3.79,68,26.0027,0,26,26
2012-02-12 01:00:00,1,0,0,3,3.28,2.275,79,31.0009,1,20,21
2012-02-12 02:00:00,1,0,0,2,4.1,3.03,58,39.0007,0,26,26
2012-02-12 03:00:00,1,0,0,2,4.1,2.275,46,46.0022,0,10,10
2012-02-12 04:00:00,1,0,0,2,4.1,2.275,46,47.9988,-1,7,6
2012-02-12 05:00:00,1,0,0,1,4.1,3.79,49,26.0027,2,5,7
2012-02-12 06:00:00,1,0,0,1,4.1,3.79,49,26.0027,1,0,1
2012-02-12 07:00:00,1,0,0,1,3.28,4.545,53,12.998,0,15,15
2012-02-12 08:00:00,1,0,0,1,3.28,3.79,53,16.9979,0,24,24
2012-02-12 09:00:00,1,0,0,1,4.1,4.545,49,19.9995,2,60,62
2012-02-12 10:00:00,1,0,0,1,4.92,5.305,42,23.9994,9,83,92
2012-02-12 11:00:00,1,0,0,1,4.92,5.305,42,19.9995,3,120,123
2012-02-12 12:00:00,1,0,0,1,5.74,3.79,39,43.0006,7,133,140
2012-02-12 13:00:00,1,0,0,1,6.56,6.06,40,30.0026,9,131,140
2012-02-12 14:00:00,1,0,0,1,6.56,6.06,40,35.0008,9,99,108
2012-02-12 15:00:00,1,0,0,1,6.56,6.06,40,36.9974,4,149,153
2012-02-12 16:00:00,1,0,0,1,8.2,8.335,34,31.0009,16,146,162
2012-02-12 17:00:00,1,0,0,1,7.38,7.575,37,27.9993,3,78,81
2012-02-12 18:00:00,1,0,0,1,6.56,6.06,40,31.0009,3,89,92
2012-02-12 19:00:00,1,0,0,1,6.56,6.82,40,19.0012,2,80,82
2012-02-12 20:00:00,1,0,0,1,5.74,6.06,42,22.0028,0,55,55
2012-02-12 21:00:00,1,0,0,1,5.74,6.06,43,19.9995,1,36,37
2012-02-12 22:00:00,1,0,0,1,5.74,7.575,43,11.0014,0,26,26
2012-02-12 23:00:00,1,0,0,1,5.74,6.82,43,15.0013,-1,26,25
2012-02-13 00:00:00,1,0,1,1,5.74,6.82,46,15.0013,-1,5,4
2012-02-13 01:00:00,1,0,1,1,4.92,6.06,50,15.0013,0,5,5
2012-02-13 02:00:00,1,0,1,1,5.74,6.82,46,12.998,-1,6,5
2012-02-13 03:00:00,1,0,1,1,4.92,7.575,54,7.0015,2,3,5
2012-02-13 04:00:00,1,0,1,1,4.92,8.335,54,6.0032,0,1,1
2012-02-13 05:00:00,1,0,1,1,4.1,6.06,58,8.9981,0,15,15
2012-02-13 06:00:00,1,0,1,1,4.1,5.305,54,15.0013,0,73,73
2012-02-13 07:00:00,1,0,1,1,4.1,5.305,54,12.998,0,193,193
2012-02-13 08:00:00,1,0,1,1,4.1,6.06,54,8.9981,3,409,412
2012-02-13 09:00:00,1,0,1,1,4.92,6.82,50,12.998,8,195,203
2012-02-13 10:00:00,1,0,1,1,5.74,7.575,50,8.9981,0,73,73
2012-02-13 11:00:00,1,0,1,1,9.02,11.365,37,12.998,6,83,89
2012-02-13 12:00:00,1,0,1,1,11.48,12.88,28,22.0028,5,108,113
2012-02-13 13:00:00,1,0,1,1,13.12,15.15,22,15.0013,9,136,145
2012-02-13 14:00:00,1,0,1,1,13.94,17.425,23,7.0015,8,124,132
2012-02-13 15:00:00,1,0,1,1,14.76,17.425,27,8.9981,9,146,155
2012-02-13 16:00:00,1,0,1,1,14.76,17.425,23,12.998,6,203,209
2012-02-13 17:00:00,1,0,1,1,14.76,17.425,23,12.998,7,401,408
2012-02-13 18:00:00,1,0,1,1,13.94,15.91,25,16.9979,4,399,403
2012-02-13 19:00:00,1,0,1,1,13.94,16.665,25,8.9981,7,256,263
2012-02-13 20:00:00,1,0,1,1,12.3,15.15,42,11.0014,4,213,217
2012-02-13 21:00:00,1,0,1,1,11.48,14.395,45,8.9981,2,139,141
2012-02-13 22:00:00,1,0,1,1,10.66,13.635,56,7.0015,2,98,100
2012-02-13 23:00:00,1,0,1,1,11.48,15.91,41,0.0,0,31,31
2012-02-14 00:00:00,1,0,1,2,10.66,15.15,60,0.0,0,11,11
2012-02-14 01:00:00,1,0,1,2,10.66,15.15,56,0.0,0,5,5
2012-02-14 02:00:00,1,0,1,2,11.48,15.91,41,0.0,0,4,4
2012-02-14 03:00:00,1,0,1,2,10.66,15.15,52,0.0,1,6,7
2012-02-14 04:00:00,1,0,1,2,10.66,13.635,65,7.0015,0,4,4
2012-02-14 05:00:00,1,0,1,2,10.66,13.635,65,7.0015,0,19,19
2012-02-14 06:00:00,1,0,1,2,10.66,15.15,56,0.0,1,91,92
2012-02-14 07:00:00,1,0,1,2,9.84,12.88,60,6.0032,3,279,282
2012-02-14 08:00:00,1,0,1,2,9.84,14.395,70,0.0,3,509,512
2012-02-14 09:00:00,1,0,1,2,10.66,14.395,56,6.0032,4,254,258
2012-02-14 10:00:00,1,0,1,2,10.66,13.635,60,8.9981,6,88,94
2012-02-14 11:00:00,1,0,1,2,12.3,15.15,45,11.0014,4,109,113
2012-02-14 12:00:00,1,0,1,2,12.3,14.395,52,15.0013,9,163,172
2012-02-14 13:00:00,1,0,1,2,14.76,16.665,40,16.9979,6,165,171
2012-02-14 14:00:00,1,0,1,1,16.4,20.455,40,15.0013,13,111,124
2012-02-14 15:00:00,1,0,1,2,17.22,21.21,38,30.0026,5,141,146
2012-02-14 16:00:00,1,0,1,1,17.22,21.21,35,19.9995,12,251,263
2012-02-14 17:00:00,1,0,1,1,17.22,21.21,38,23.9994,20,505,525
2012-02-14 18:00:00,1,0,1,2,15.58,19.695,46,19.9995,6,398,404
2012-02-14 19:00:00,1,0,1,2,14.76,17.425,50,11.0014,11,273,284
2012-02-14 20:00:00,1,0,1,2,15.58,19.695,46,8.9981,5,179,184
2012-02-14 21:00:00,1,0,1,2,14.76,18.18,50,7.0015,3,104,107
2012-02-14 22:00:00,1,0,1,2,14.76,18.18,50,7.0015,5,74,79
2012-02-14 23:00:00,1,0,1,2,14.76,18.18,50,6.0032,1,53,54
2012-02-15 00:00:00,1,0,1,1,13.12,17.425,57,0.0,1,19,20
2012-02-15 01:00:00,1,0,1,1,13.94,18.18,53,0.0,-1,7,6
2012-02-15 02:00:00,1,0,1,1,12.3,16.665,61,0.0,0,1,1
2012-02-15 03:00:00,1,0,1,1,11.48,15.91,75,0.0,0,1,1
2012-02-15 04:00:00,1,0,1,1,11.48,14.395,70,7.0015,-2,-3,-5
2012-02-15 05:00:00,1,0,1,1,11.48,14.395,70,7.0015,0,25,25
2012-02-15 06:00:00,1,0,1,1,12.3,15.15,61,8.9981,2,94,96
2012-02-15 07:00:00,1,0,1,2,12.3,14.395,65,12.998,3,318,321
2012-02-15 08:00:00,1,0,1,1,13.12,14.395,61,23.9994,7,509,516
2012-02-15 09:00:00,1,0,1,1,13.12,15.15,61,22.0028,5,226,231
2012-02-15 10:00:00,1,0,1,1,13.94,15.15,57,19.9995,13,110,123
2012-02-15 11:00:00,1,0,1,1,14.76,16.665,53,19.0012,13,125,138
2012-02-15 12:00:00,1,0,1,1,15.58,19.695,46,26.0027,11,153,164
2012-02-15 13:00:00,1,0,1,1,16.4,20.455,43,19.0012,12,156,168
2012-02-15 14:00:00,1,0,1,1,17.22,21.21,41,23.9994,7,133,140
2012-02-15 15:00:00,1,0,1,1,17.22,21.21,41,15.0013,7,159,166
2012-02-15 16:00:00,1,0,1,1,17.22,21.21,38,12.998,8,221,229
2012-02-15 17:00:00,1,0,1,1,17.22,21.21,38,12.998,16,462,478
2012-02-15 18:00:00,1,0,1,1,16.4,20.455,40,15.0013,8,457,465
2012-02-15 19:00:00,1,0,1,1,15.58,19.695,43,11.0014,7,301,308
2012-02-15 20:00:00,1,0,1,1,14.76,17.425,46,11.0014,6,210,216
2012-02-15 21:00:00,1,0,1,1,13.94,16.665,53,11.0014,6,165,171
2012-02-15 22:00:00,1,0,1,1,13.94,17.425,49,7.0015,3,109,112
2012-02-15 23:00:00,1,0,1,1,13.94,17.425,53,6.0032,3,54,57
2012-02-16 00:00:00,1,0,1,2,12.3,15.15,70,8.9981,0,24,24
2012-02-16 01:00:00,1,0,1,2,12.3,16.665,70,0.0,1,4,5
2012-02-16 02:00:00,1,0,1,2,12.3,15.91,70,6.0032,2,5,7
2012-02-16 03:00:00,1,0,1,2,12.3,16.665,61,0.0,-1,-2,-3
2012-02-16 04:00:00,1,0,1,3,12.3,15.91,70,6.0032,1,4,5
2012-02-16 05:00:00,1,0,1,2,12.3,16.665,70,0.0,0,23,23
2012-02-16 06:00:00,1,0,1,2,12.3,15.91,70,6.0032,5,84,89
2012-02-16 07:00:00,1,0,1,2,12.3,15.15,70,8.9981,3,284,287
2012-02-16 08:00:00,1,0,1,2,12.3,15.91,70,6.0032,9,493,502
2012-02-16 09:00:00,1,0,1,2,12.3,15.15,70,11.0014,1,197,198
2012-02-16 10:00:00,1,0,1,3,13.12,16.665,70,8.9981,2,42,44
2012-02-16 11:00:00,1,0,1,3,13.12,16.665,70,7.0015,1,73,74
2012-02-16 12:00:00,1,0,1,3,13.12,16.665,76,6.0032,1,44,45
2012-02-16 13:00:00,1,0,1,3,13.94,15.91,71,16.9979,0,64,64
2012-02-16 14:00:00,1,0,1,3,13.12,15.91,81,12.998,3,24,27
2012-02-16 15:00:00,1,0,1,3,13.94,18.18,76,0.0,2,46,48
2012-02-16 16:00:00,1,0,1,3,13.94,18.18,81,0.0,9,111,120
2012-02-16 17:00:00,1,0,1,3,13.94,18.18,87,0.0,6,279,285
2012-02-16 18:00:00,1,0,1,3,13.94,16.665,87,8.9981,8,345,353
2012-02-16 19:00:00,1,0,1,2,13.12,15.91,87,11.0014,3,253,256
2012-02-16 20:00:00,1,0,1,2,13.12,16.665,87,8.9981,5,216,221
2012-02-16 21:00:00,1,0,1,2,13.94,17.425,81,7.0015,5,140,145
2012-02-16 22:00:00,1,0,1,2,13.12,17.425,81,0.0,4,105,109
2012-02-16 23:00:00,1,0,1,1,13.12,16.665,81,6.0032,2,69,71
2012-02-17 00:00:00,1,0,1,2,12.3,16.665,87,0.0,4,30,34
2012-02-17 01:00:00,1,0,1,2,12.3,16.665,93,0.0,2,14,16
2012-02-17 02:00:00,1,0,1,2,12.3,15.91,93,7.0015,1,9,10
2012-02-17 03:00:00,1,0,1,2,11.48,14.395,93,7.0015,1,2,3
2012-02-17 04:00:00,1,0,1,2,11.48,13.635,93,12.998,0,1,1
2012-02-17 05:00:00,1,0,1,2,11.48,13.635,93,11.0014,0,15,15
2012-02-17 06:00:00,1,0,1,2,11.48,14.395,96,8.9981,1,69,70
2012-02-17 07:00:00,1,0,1,2,11.48,14.395,93,7.0015,2,220,222
2012-02-17 08:00:00,1,0,1,2,10.66,15.15,100,0.0,3,515,518
2012-02-17 09:00:00,1,0,1,2,10.66,15.15,100,0.0,6,274,280
2012-02-17 10:00:00,1,0,1,1,13.94,15.91,71,19.0012,13,97,110
2012-02-17 11:00:00,1,0,1,1,14.76,16.665,62,27.9993,9,129,138
2012-02-17 12:00:00,1,0,1,1,15.58,19.695,46,26.0027,21,179,200
2012-02-17 13:00:00,1,0,1,1,16.4,20.455,43,23.9994,34,168,202
2012-02-17 14:00:00,1,0,1,1,16.4,20.455,37,23.9994,32,132,164
2012-02-17 15:00:00,1,0,1,1,17.22,21.21,35,27.9993,41,183,224
2012-02-17 16:00:00,1,0,1,1,17.22,21.21,32,19.9995,56,243,299
2012-02-17 17:00:00,1,0,1,1,17.22,21.21,32,22.0028,34,425,459
2012-02-17 18:00:00,1,0,1,1,16.4,20.455,35,16.9979,14,363,377
2012-02-17 19:00:00,1,0,1,1,15.58,19.695,37,15.0013,17,266,283
2012-02-17 20:00:00,1,0,1,1,16.4,20.455,35,12.998,12,154,166
2012-02-17 21:00:00,1,0,1,1,15.58,19.695,37,12.998,16,108,124
2012-02-17 22:00:00,1,0,1,1,14.76,17.425,40,15.0013,14,91,105
2012-02-17 23:00:00,1,0,1,1,14.76,17.425,40,12.998,8,70,78
2012-02-18 00:00:00,1,0,0,1,13.94,16.665,42,11.0014,4,78,82
2012-02-18 01:00:00,1,0,0,1,13.12,15.91,49,11.0014,6,45,51
2012-02-18 02:00:00,1,0,0,1,12.3,14.395,61,16.9979,6,34,40
2012-02-18 03:00:00,1,0,0,1,11.48,14.395,65,7.0015,4,17,21
2012-02-18 04:00:00,1,0,0,1,10.66,15.15,70,0.0,1,-2,-1
2012-02-18 05:00:00,1,0,0,1,9.84,12.88,70,6.0032,1,1,2
2012-02-18 06:00:00,1,0,0,1,9.84,14.395,70,0.0,0,3,3
2012-02-18 07:00:00,1,0,0,1,9.84,14.395,70,0.0,6,28,34
2012-02-18 08:00:00,1,0,0,1,9.02,13.635,87,0.0,10,95,105
2012-02-18 09:00:00,1,0,0,1,9.02,12.12,80,7.0015,23,117,140
2012-02-18 10:00:00,1,0,0,1,10.66,13.635,81,7.0015,48,161,209
2012-02-18 11:00:00,1,0,0,1,13.12,16.665,57,8.9981,102,186,288
2012-02-18 12:00:00,1,0,0,1,14.76,17.425,43,12.998,129,237,366
2012-02-18 13:00:00,1,0,0,1,16.4,20.455,43,19.0012,164,228,392
2012-02-18 14:00:00,1,0,0,1,18.04,21.97,35,23.9994,182,244,426
2012-02-18 15:00:00,1,0,0,1,17.22,21.21,41,16.9979,228,270,498
2012-02-18 16:00:00,1,0,0,1,18.04,21.97,44,22.0028,185,220,405
2012-02-18 17:00:00,1,0,0,1,19.68,23.485,36,19.0012,139,222,361
2012-02-18 18:00:00,1,0,0,1,18.86,22.725,38,19.9995,69,172,241
2012-02-18 19:00:00,1,0,0,1,18.04,21.97,44,11.0014,36,149,185
2012-02-18 20:00:00,1,0,0,1,18.04,21.97,44,11.0014,24,122,146
2012-02-18 21:00:00,1,0,0,1,18.04,21.97,33,19.9995,25,86,111
2012-02-18 22:00:00,1,0,0,1,16.4,20.455,40,30.0026,15,105,120
2012-02-18 23:00:00,1,0,0,2,14.76,16.665,40,26.0027,11,58,69
2012-02-19 00:00:00,1,0,0,2,13.94,15.15,39,23.9994,7,61,68
2012-02-19 01:00:00,1,0,0,2,13.12,15.15,39,16.9979,9,60,69
2012-02-19 02:00:00,1,0,0,2,12.3,14.395,36,19.0012,1,48,49
2012-02-19 03:00:00,1,0,0,2,12.3,14.395,36,15.0013,2,11,13
2012-02-19 04:00:00,1,0,0,2,11.48,12.88,41,26.0027,0,2,2
2012-02-19 05:00:00,1,0,0,2,10.66,11.365,48,19.9995,0,0,0
2012-02-19 06:00:00,1,0,0,1,9.84,10.605,52,22.0028,0,1,1
2012-02-19 07:00:00,1,0,0,2,9.84,10.605,52,19.0012,1,10,11
2012-02-19 08:00:00,1,0,0,2,9.84,11.365,56,12.998,9,46,55
2012-02-19 09:00:00,1,0,0,2,9.84,11.365,56,16.9979,19,71,90
2012-02-19 10:00:00,1,0,0,2,10.66,12.12,52,16.9979,47,144,191
2012-02-19 11:00:00,1,0,0,2,10.66,11.365,56,22.0028,82,140,222
2012-02-19 12:00:00,1,0,0,2,11.48,13.635,52,16.9979,71,182,253
2012-02-19 13:00:00,1,0,0,1,12.3,15.15,49,11.0014,63,200,263
2012-02-19 14:00:00,1,0,0,2,13.12,15.91,45,12.998,47,189,236
2012-02-19 15:00:00,1,0,0,2,12.3,14.395,49,12.998,85,167,252
2012-02-19 16:00:00,1,0,0,2,13.12,15.15,45,19.0012,62,152,214
2012-02-19 17:00:00,1,0,0,2,12.3,14.395,49,16.9979,20,129,149
2012-02-19 18:00:00,1,0,0,2,12.3,13.635,49,22.0028,21,142,163
2012-02-19 19:00:00,1,0,0,2,12.3,14.395,52,16.9979,17,93,110
2012-02-19 20:00:00,1,0,0,2,12.3,14.395,52,19.0012,23,79,102
2012-02-19 21:00:00,1,0,0,3,10.66,12.88,65,11.0014,4,39,43
2012-02-19 22:00:00,1,0,0,3,9.84,12.88,75,6.0032,7,46,53
2012-02-19 23:00:00,1,0,0,2,9.02,11.365,93,11.0014,5,37,42
2012-03-01 00:00:00,1,0,1,2,17.22,21.21,94,0.0,-1,11,10
2012-03-01 01:00:00,1,0,1,3,18.86,22.725,94,7.0015,0,8,8
2012-03-01 02:00:00,1,0,1,2,18.86,22.725,94,19.0012,0,-1,-1
2012-03-01 03:00:00,1,0,1,1,18.86,22.725,94,15.0013,0,4,4
2012-03-01 04:00:00,1,0,1,1,19.68,23.485,88,12.998,0,6,6
2012-03-01 05:00:00,1,0,1,1,19.68,23.485,88,11.0014,-1,18,17
2012-03-01 06:00:00,1,0,1,2,17.22,21.21,94,0.0,2,105,107
2012-03-01 07:00:00,1,0,1,2,18.04,21.97,94,8.9981,8,300,308
2012-03-01 08:00:00,1,0,1,1,17.22,21.21,94,8.9981,13,577,590
2012-03-01 09:00:00,1,0,1,1,18.86,22.725,77,16.9979,5,279,284
2012-03-01 10:00:00,1,0,1,1,21.32,25.0,55,11.0014,11,119,130
2012-03-01 11:00:00,1,0,1,1,22.96,26.515,43,12.998,17,145,162
2012-03-01 12:00:00,1,0,1,1,22.96,26.515,37,15.0013,16,204,220
2012-03-01 13:00:00,1,0,1,1,23.78,27.275,32,16.9979,25,183,208
2012-03-01 14:00:00,1,0,1,1,23.78,27.275,35,15.0013,35,177,212
2012-03-01 15:00:00,1,0,1,1,24.6,31.06,31,16.9979,32,193,225
2012-03-01 16:00:00,1,0,1,1,23.78,27.275,32,19.9995,36,324,360
2012-03-01 17:00:00,1,0,1,1,22.96,26.515,35,19.9995,49,552,601
2012-03-01 18:00:00,1,0,1,1,22.14,25.76,34,23.9994,28,494,522
2012-03-01 19:00:00,1,0,1,1,19.68,23.485,41,22.0028,11,322,333
2012-03-01 20:00:00,1,0,1,1,18.04,21.97,44,27.9993,12,238,250
2012-03-01 21:00:00,1,0,1,1,17.22,21.21,47,31.0009,7,188,195
2012-03-01 22:00:00,1,0,1,1,15.58,19.695,50,16.9979,1,125,126
2012-03-01 23:00:00,1,0,1,1,14.76,17.425,50,15.0013,8,73,81
2012-03-02 00:00:00,1,0,1,1,13.94,16.665,53,11.0014,2,45,47
2012-03-02 01:00:00,1,0,1,1,13.94,15.91,49,15.0013,2,17,19
2012-03-02 02:00:00,1,0,1,1,13.94,15.91,53,19.0012,2,5,7
2012-03-02 03:00:00,1,0,1,1,13.12,15.91,57,12.998,0,4,4
2012-03-02 04:00:00,1,0,1,1,13.12,17.425,61,0.0,0,2,2
2012-03-02 05:00:00,1,0,1,1,12.3,16.665,70,0.0,-1,15,14
2012-03-02 06:00:00,1,0,1,1,12.3,16.665,70,0.0,2,86,88
2012-03-02 07:00:00,1,0,1,1,12.3,16.665,70,0.0,6,260,266
2012-03-02 08:00:00,1,0,1,1,11.48,15.15,75,6.0032,16,533,549
2012-03-02 09:00:00,1,0,1,1,12.3,16.665,81,0.0,14,302,316
2012-03-02 10:00:00,1,0,1,1,14.76,17.425,50,11.0014,15,115,130
2012-03-02 11:00:00,1,0,1,1,15.58,19.695,46,12.998,38,152,190
2012-03-02 12:00:00,1,0,1,1,16.4,20.455,43,11.0014,40,190,230
2012-03-02 13:00:00,1,0,1,1,17.22,21.21,44,15.0013,32,196,228
2012-03-02 14:00:00,1,0,1,2,18.04,21.97,44,19.0012,27,180,207
2012-03-02 15:00:00,1,0,1,2,17.22,21.21,50,19.9995,6,72,78
2012-03-02 16:00:00,1,0,1,3,16.4,20.455,58,19.9995,1,46,47
2012-03-02 17:00:00,1,0,1,3,14.76,17.425,81,15.0013,3,125,128
2012-03-02 18:00:00,1,0,1,3,14.76,17.425,87,12.998,4,154,158
2012-03-02 19:00:00,1,0,1,3,14.76,17.425,87,12.998,13,161,174
2012-03-02 20:00:00,1,0,1,2,14.76,17.425,87,12.998,8,95,103
2012-03-02 21:00:00,1,0,1,3,14.76,18.18,87,6.0032,2,97,99
2012-03-02 22:00:00,1,0,1,2,14.76,18.94,87,0.0,6,69,75
2012-03-02 23:00:00,1,0,1,2,14.76,18.94,87,0.0,3,15,18
2012-03-03 00:00:00,1,0,0,3,14.76,18.18,93,6.0032,1,26,27
2012-03-03 01:00:00,1,0,0,3,14.76,18.94,93,0.0,0,42,42
2012-03-03 02:00:00,1,0,0,3,14.76,18.18,93,6.0032,4,29,33
2012-03-03 03:00:00,1,0,0,2,14.76,17.425,93,11.0014,1,20,21
2012-03-03 04:00:00,1,0,0,2,14.76,17.425,93,12.998,0,5,5
2012-03-03 05:00:00,1,0,0,2,14.76,18.18,93,6.0032,2,0,2
2012-03-03 06:00:00,1,0,0,2,14.76,18.18,93,6.0032,0,10,10
2012-03-03 07:00:00,1,0,0,2,14.76,17.425,93,8.9981,2,11,13
2012-03-03 08:00:00,1,0,0,3,14.76,18.94,93,0.0,1,50,51
2012-03-03 09:00:00,1,0,0,3,15.58,19.695,87,6.0032,5,92,97
2012-03-03 10:00:00,1,0,0,2,16.4,20.455,87,0.0,31,136,167
2012-03-03 11:00:00,1,0,0,2,16.4,20.455,87,6.0032,32,177,209
2012-03-03 12:00:00,1,0,0,2,17.22,21.21,67,16.9979,46,252,298
2012-03-03 13:00:00,1,0,0,1,18.04,21.97,51,19.0012,86,244,330
2012-03-03 14:00:00,1,0,0,2,18.86,22.725,44,23.9994,152,274,426
2012-03-03 15:00:00,1,0,0,1,19.68,23.485,29,19.9995,144,258,402
2012-03-03 16:00:00,1,0,0,1,20.5,24.24,27,19.9995,164,301,465
2012-03-03 17:00:00,1,0,0,1,20.5,24.24,23,22.0028,106,277,383
2012-03-03 18:00:00,1,0,0,1,20.5,24.24,25,16.9979,52,250,302
2012-03-03 19:00:00,1,0,0,1,18.86,22.725,33,11.0014,35,199,234
2012-03-03 20:00:00,1,0,0,1,18.04,21.97,30,8.9981,29,118,147
2012-03-03 21:00:00,1,0,0,1,18.86,22.725,19,22.0028,21,131,152
2012-03-03 22:00:00,1,0,0,1,18.04,21.97,21,8.9981,18,117,135
2012-03-03 23:00:00,1,0,0,1,17.22,21.21,24,0.0,12,92,104
2012-03-04 00:00:00,1,0,0,2,16.4,20.455,30,23.9994,4,64,68
2012-03-04 01:00:00,1,0,0,2,15.58,19.695,34,12.998,18,57,75
2012-03-04 02:00:00,1,0,0,2,14.76,17.425,40,11.0014,13,67,80
2012-03-04 03:00:00,1,0,0,2,14.76,17.425,43,8.9981,4,18,22
2012-03-04 04:00:00,1,0,0,2,13.94,16.665,46,12.998,3,9,12
2012-03-04 05:00:00,1,0,0,2,13.94,15.91,46,15.0013,-1,5,4
2012-03-04 06:00:00,1,0,0,2,12.3,13.635,52,19.9995,1,3,4
2012-03-04 07:00:00,1,0,0,2,12.3,13.635,52,19.9995,1,23,24
2012-03-04 08:00:00,1,0,0,1,12.3,13.635,52,22.0028,11,54,65
2012-03-04 09:00:00,1,0,0,1,12.3,13.635,49,30.0026,12,106,118
2012-03-04 10:00:00,1,0,0,1,12.3,13.635,49,22.0028,31,162,193
2012-03-04 11:00:00,1,0,0,1,13.12,14.395,45,26.0027,64,187,251
2012-03-04 12:00:00,1,0,0,1,13.94,15.15,42,23.9994,71,258,329
2012-03-04 13:00:00,1,0,0,1,14.76,16.665,37,23.9994,107,257,364
2012-03-04 14:00:00,1,0,0,1,14.76,16.665,34,23.9994,106,230,336
2012-03-04 15:00:00,1,0,0,1,14.76,15.91,32,35.0008,81,256,337
2012-03-04 16:00:00,1,0,0,1,14.76,15.91,29,32.9975,68,233,301
2012-03-04 17:00:00,1,0,0,1,13.94,14.395,31,36.9974,48,216,264
2012-03-04 18:00:00,1,0,0,1,13.12,13.635,33,40.9973,17,166,183
2012-03-04 19:00:00,1,0,0,1,12.3,12.88,36,32.9975,13,118,131
2012-03-04 20:00:00,1,0,0,1,11.48,13.635,38,16.9979,7,78,85
2012-03-04 21:00:00,1,0,0,1,11.48,13.635,36,15.0013,9,72,81
2012-03-04 22:00:00,1,0,0,1,10.66,12.12,41,16.9979,7,55,62
2012-03-04 23:00:00,1,0,0,1,10.66,12.88,41,12.998,1,23,24
2012-03-05 00:00:00,1,0,1,1,9.84,11.365,44,12.998,2,13,15
2012-03-05 01:00:00,1,0,1,1,9.84,12.12,48,8.9981,2,2,4
2012-03-05 02:00:00,1,0,1,1,9.84,12.12,48,8.9981,4,2,6
2012-03-05 03:00:00,1,0,1,1,9.02,11.365,51,11.0014,-1,1,0
2012-03-05 04:00:00,1,0,1,1,8.2,11.365,55,6.0032,0,3,3
2012-03-05 05:00:00,1,0,1,1,8.2,11.365,55,6.0032,0,16,16
2012-03-05 06:00:00,1,0,1,1,7.38,9.85,59,8.9981,3,88,91
2012-03-05 07:00:00,1,0,1,1,7.38,9.85,59,8.9981,6,254,260
2012-03-05 08:00:00,1,0,1,1,8.2,11.365,59,7.0015,12,408,420
2012-03-05 09:00:00,1,0,1,2,9.02,12.88,60,6.0032,11,183,194
2012-03-05 10:00:00,1,0,1,2,9.84,12.88,60,0.0,11,70,81
2012-03-05 11:00:00,1,0,1,2,10.66,13.635,56,8.9981,15,85,100
2012-03-05 12:00:00,1,0,1,2,10.66,15.15,52,0.0,15,122,137
2012-03-05 13:00:00,1,0,1,2,10.66,12.88,55,19.9995,12,107,119
2012-03-05 14:00:00,1,0,1,2,11.48,12.88,57,23.9994,11,117,128
2012-03-05 15:00:00,1,0,1,2,12.3,14.395,53,12.998,19,110,129
2012-03-05 16:00:00,1,0,1,1,12.3,13.635,45,19.9995,29,176,205
2012-03-05 17:00:00,1,0,1,3,12.3,13.635,45,19.9995,8,375,383
2012-03-05 18:00:00,1,0,1,3,11.48,11.365,55,43.9989,11,365,376
2012-03-05 19:00:00,1,0,1,1,10.66,12.88,53,15.0013,6,221,227
2012-03-05 20:00:00,1,0,1,1,10.66,11.365,37,31.0009,7,173,180
2012-03-05 21:00:00,1,0,1,1,10.66,11.365,37,26.0027,2,119,121
2012-03-05 22:00:00,1,0,1,1,9.84,10.605,35,22.0028,0,77,77
2012-03-05 23:00:00,1,0,1,1,9.02,9.09,37,39.0007,2,27,29
2012-03-06 00:00:00,1,0,1,1,9.02,10.605,37,19.9995,-2,7,5
2012-03-06 01:00:00,1,0,1,1,8.2,9.85,44,16.9979,1,9,10
2012-03-06 02:00:00,1,0,1,1,8.2,9.85,44,15.0013,-2,1,-1
2012-03-06 03:00:00,1,0,1,1,7.38,8.335,51,19.0012,1,1,2
2012-03-06 04:00:00,1,0,1,1,7.38,8.335,51,19.9995,-1,2,1
2012-03-06 05:00:00,1,0,1,1,7.38,9.09,51,15.0013,1,26,27
2012-03-06 06:00:00,1,0,1,1,7.38,10.605,51,7.0015,2,92,94
2012-03-06 07:00:00,1,0,1,1,6.56,9.09,55,8.9981,5,264,269
2012-03-06 08:00:00,1,0,1,1,6.56,9.09,59,7.0015,14,487,501
2012-03-06 09:00:00,1,0,1,1,9.02,13.635,47,0.0,10,222,232
2012-03-06 10:00:00,1,0,1,1,9.84,12.88,44,0.0,15,113,128
2012-03-06 11:00:00,1,0,1,1,10.66,12.88,41,11.0014,20,114,134
2012-03-06 12:00:00,1,0,1,1,10.66,13.635,41,7.0015,9,129,138
2012-03-06 13:00:00,1,0,1,1,12.3,15.15,39,8.9981,16,147,163
2012-03-06 14:00:00,1,0,1,1,13.12,15.15,36,15.0013,20,107,127
2012-03-06 15:00:00,1,0,1,1,13.94,15.15,36,19.9995,24,144,168
2012-03-06 16:00:00,1,0,1,1,14.76,16.665,32,19.0012,22,232,254
2012-03-06 17:00:00,1,0,1,1,14.76,16.665,34,19.0012,22,430,452
2012-03-06 18:00:00,1,0,1,1,13.94,15.15,42,22.0028,12,442,454
2012-03-06 19:00:00,1,0,1,1,13.94,15.15,46,19.9995,9,278,287
2012-03-06 20:00:00,1,0,1,1,13.12,15.91,49,12.998,3,182,185
2012-03-06 21:00:00,1,0,1,1,13.12,15.91,49,12.998,4,142,146
2012-03-06 22:00:00,1,0,1,1,11.48,13.635,56,11.0014,6,97,103
2012-03-06 23:00:00,1,0,1,1,11.48,13.635,61,15.0013,2,54,56
2012-03-07 00:00:00,1,0,1,1,11.48,12.88,65,19.0012,4,8,12
2012-03-07 01:00:00,1,0,1,1,12.3,13.635,61,19.9995,1,6,7
2012-03-07 02:00:00,1,0,1,1,12.3,14.395,56,19.0012,1,5,6
2012-03-07 03:00:00,1,0,1,1,12.3,13.635,56,23.9994,1,1,2
2012-03-07 04:00:00,1,0,1,1,11.48,12.88,61,22.0028,1,4,5
2012-03-07 05:00:00,1,0,1,1,11.48,12.88,56,19.9995,1,17,18
2012-03-07 06:00:00,1,0,1,1,11.48,12.88,61,26.0027,5,106,111
2012-03-07 07:00:00,1,0,1,1,10.66,11.365,65,26.0027,11,334,345
2012-03-07 08:00:00,1,0,1,1,11.48,12.88,61,19.9995,11,553,564
2012-03-07 09:00:00,1,0,1,1,12.3,13.635,61,22.0028,11,252,263
2012-03-07 10:00:00,1,0,1,1,14.76,16.665,50,19.9995,20,121,141
2012-03-07 11:00:00,1,0,1,1,17.22,21.21,38,19.9995,30,130,160
2012-03-07 12:00:00,1,0,1,1,18.04,21.97,38,26.0027,41,174,215
2012-03-07 13:00:00,1,0,1,1,20.5,24.24,34,27.9993,25,175,200
2012-03-07 14:00:00,1,0,1,1,21.32,25.0,36,22.0028,38,139,177
2012-03-07 15:00:00,1,0,1,1,22.14,25.76,37,30.0026,43,165,208
2012-03-07 16:00:00,1,0,1,1,22.96,26.515,37,27.9993,34,257,291
2012-03-07 17:00:00,1,0,1,1,22.96,26.515,43,32.9975,58,553,611
2012-03-07 18:00:00,1,0,1,1,22.96,26.515,40,31.0009,32,512,544
2012-03-07 19:00:00,1,0,1,1,22.14,25.76,42,23.9994,15,339,354
2012-03-07 20:00:00,1,0,1,1,20.5,24.24,51,16.9979,16,239,255
2012-03-07 21:00:00,1,0,1,1,18.04,21.97,62,16.9979,13,179,192
2012-03-07 22:00:00,1,0,1,1,18.86,22.725,59,19.9995,8,148,156
2012-03-07 23:00:00,1,0,1,1,18.04,21.97,62,22.0028,5,60,65
2012-03-08 00:00:00,1,0,1,1,18.04,21.97,62,22.0028,11,31,42
2012-03-08 01:00:00,1,0,1,1,18.86,22.725,63,22.0028,5,17,22
2012-03-08 02:00:00,1,0,1,1,18.86,22.725,63,26.0027,6,1,7
2012-03-08 03:00:00,1,0,1,1,18.86,22.725,63,26.0027,0,3,3
2012-03-08 04:00:00,1,0,1,1,18.04,21.97,72,19.0012,0,-1,-1
2012-03-08 05:00:00,1,0,1,1,17.22,21.21,77,15.0013,0,27,27
2012-03-08 06:00:00,1,0,1,1,17.22,21.21,77,16.9979,4,103,107
2012-03-08 07:00:00,1,0,1,1,17.22,21.21,77,23.9994,6,325,331
2012-03-08 08:00:00,1,0,1,1,18.04,21.97,77,26.0027,12,571,583
2012-03-08 09:00:00,1,0,1,1,18.86,22.725,72,31.0009,19,279,298
2012-03-08 10:00:00,1,0,1,1,20.5,24.24,68,31.0009,17,118,135
2012-03-08 11:00:00,1,0,1,2,22.14,25.76,60,31.0009,46,154,200
2012-03-08 12:00:00,1,0,1,2,22.96,26.515,60,30.0026,27,220,247
2012-03-08 13:00:00,1,0,1,2,24.6,31.06,49,43.0006,36,199,235
2012-03-08 14:00:00,1,0,1,2,25.42,31.06,43,43.0006,47,157,204
2012-03-08 15:00:00,1,0,1,1,26.24,31.06,38,46.0022,23,158,181
2012-03-08 16:00:00,1,0,1,2,25.42,31.06,41,43.0006,37,307,344
2012-03-08 17:00:00,1,0,1,1,25.42,31.06,38,43.9989,53,549,602
2012-03-08 18:00:00,1,0,1,2,25.42,31.06,38,36.9974,45,545,590
2012-03-08 19:00:00,1,0,1,2,24.6,31.06,40,30.0026,20,395,415
2012-03-08 20:00:00,1,0,1,2,24.6,31.06,43,26.0027,19,281,300
2012-03-08 21:00:00,1,0,1,1,24.6,31.06,43,26.0027,26,205,231
2012-03-08 22:00:00,1,0,1,1,22.96,26.515,49,22.0028,12,137,149
2012-03-08 23:00:00,1,0,1,2,22.96,26.515,49,30.0026,7,92,99
2012-03-09 00:00:00,1,0,1,2,23.78,27.275,49,31.0009,5,50,55
2012-03-09 01:00:00,1,0,1,3,22.96,26.515,52,32.9975,1,15,16
2012-03-09 02:00:00,1,0,1,3,19.68,23.485,77,27.9993,1,10,11
2012-03-09 03:00:00,1,0,1,1,18.86,22.725,77,35.0008,1,12,13
2012-03-09 04:00:00,1,0,1,3,16.4,20.455,66,19.0012,0,0,0
2012-03-09 05:00:00,1,0,1,3,16.4,20.455,66,19.0012,1,27,28
2012-03-09 06:00:00,1,0,1,2,16.4,20.455,50,23.9994,2,88,90
2012-03-09 07:00:00,1,0,1,2,15.58,19.695,40,19.9995,6,266,272
2012-03-09 08:00:00,1,0,1,2,13.94,14.395,42,35.0008,15,484,499
2012-03-09 09:00:00,1,0,1,2,13.94,14.395,42,35.0008,17,265,282
2012-03-09 10:00:00,1,0,1,2,13.94,14.395,36,32.9975,13,147,160
2012-03-09 11:00:00,1,0,1,2,14.76,16.665,34,23.9994,17,167,184
2012-03-09 12:00:00,1,0,1,1,14.76,16.665,34,27.9993,26,167,193
2012-03-09 13:00:00,1,0,1,2,15.58,19.695,29,26.0027,48,174,222
2012-03-09 14:00:00,1,0,1,1,17.22,21.21,28,31.0009,45,128,173
2012-03-09 15:00:00,1,0,1,1,18.86,22.725,24,16.9979,49,189,238
2012-03-09 16:00:00,1,0,1,1,19.68,23.485,23,27.9993,49,285,334
2012-03-09 17:00:00,1,0,1,1,18.86,22.725,24,26.0027,69,493,562
2012-03-09 18:00:00,1,0,1,1,18.04,21.97,26,35.0008,30,437,467
2012-03-09 19:00:00,1,0,1,1,17.22,21.21,28,40.9973,12,232,244
2012-03-09 20:00:00,1,0,1,1,15.58,19.695,32,23.9994,3,159,162
2012-03-09 21:00:00,1,0,1,1,14.76,16.665,34,22.0028,6,131,137
2012-03-09 22:00:00,1,0,1,1,13.94,14.395,31,32.9975,7,101,108
2012-03-09 23:00:00,1,0,1,1,13.12,15.15,33,19.9995,10,75,85
2012-03-10 00:00:00,1,0,0,1,12.3,13.635,36,23.9994,8,70,78
2012-03-10 01:00:00,1,0,0,1,12.3,14.395,36,16.9979,1,51,52
2012-03-10 02:00:00,1,0,0,1,10.66,12.12,41,16.9979,12,35,47
2012-03-10 03:00:00,1,0,0,1,10.66,11.365,41,19.9995,0,20,20
2012-03-10 04:00:00,1,0,0,1,9.84,10.605,41,23.9994,0,0,0
2012-03-10 05:00:00,1,0,0,1,9.02,10.605,42,19.0012,3,6,9
2012-03-10 06:00:00,1,0,0,1,9.02,10.605,44,19.0012,1,6,7
2012-03-10 07:00:00,1,0,0,1,9.02,10.605,44,16.9979,5,34,39
2012-03-10 08:00:00,1,0,0,1,9.02,10.605,44,19.9995,15,96,111
2012-03-10 09:00:00,1,0,0,1,9.84,10.605,41,22.0028,22,126,148
2012-03-10 10:00:00,1,0,0,1,10.66,11.365,35,27.9993,45,174,219
2012-03-10 11:00:00,1,0,0,1,12.3,13.635,33,22.0028,58,213,271
2012-03-10 12:00:00,1,0,0,1,12.3,13.635,33,22.0028,86,233,319
2012-03-10 13:00:00,1,0,0,1,13.12,15.15,29,19.0012,86,269,355
2012-03-10 14:00:00,1,0,0,1,13.94,15.91,27,19.0012,117,268,385
2012-03-10 15:00:00,1,0,0,1,13.94,18.18,25,0.0,132,276,408
2012-03-10 16:00:00,1,0,0,1,14.76,18.18,23,0.0,114,273,387
2012-03-10 17:00:00,1,0,0,1,14.76,18.94,23,0.0,104,251,355
2012-03-10 18:00:00,1,0,0,1,14.76,18.18,21,6.0032,65,226,291
2012-03-10 19:00:00,1,0,0,1,13.94,18.18,25,0.0,25,159,184
2012-03-10 20:00:00,1,0,0,1,13.12,16.665,33,8.9981,18,105,123
2012-03-10 21:00:00,1,0,0,1,12.3,14.395,39,15.0013,16,85,101
2012-03-10 22:00:00,1,0,0,1,10.66,12.88,44,11.0014,18,81,99
2012-03-10 23:00:00,1,0,0,1,10.66,12.88,41,12.998,6,78,84
2012-03-11 00:00:00,1,0,0,1,10.66,14.395,44,6.0032,7,64,71
2012-03-11 01:00:00,1,0,0,1,9.84,12.12,52,11.0014,4,57,61
2012-03-11 03:00:00,1,0,0,1,9.84,12.12,60,8.9981,14,51,65
2012-03-11 04:00:00,1,0,0,1,9.84,12.12,60,8.9981,7,22,29
2012-03-11 05:00:00,1,0,0,1,9.84,12.12,60,11.0014,2,6,8
2012-03-11 06:00:00,1,0,0,1,9.84,12.12,70,11.0014,2,8,10
2012-03-11 07:00:00,1,0,0,1,9.02,11.365,69,8.9981,4,19,23
2012-03-11 08:00:00,1,0,0,1,9.02,11.365,69,8.9981,3,68,71
2012-03-11 09:00:00,1,0,0,1,10.66,12.88,60,15.0013,19,66,85
2012-03-11 10:00:00,1,0,0,1,13.12,15.15,49,19.0012,70,147,217
2012-03-11 11:00:00,1,0,0,1,14.76,16.665,43,19.0012,89,209,298
2012-03-11 12:00:00,1,0,0,1,16.4,20.455,37,19.9995,146,263,409
2012-03-11 13:00:00,1,0,0,1,17.22,21.21,41,19.9995,176,290,466
2012-03-11 14:00:00,1,0,0,1,18.86,22.725,31,19.0012,212,290,502
2012-03-11 15:00:00,1,0,0,1,20.5,24.24,29,19.9995,200,283,483
2012-03-11 16:00:00,1,0,0,1,20.5,24.24,31,23.9994,208,302,510
2012-03-11 17:00:00,1,0,0,1,21.32,25.0,27,19.9995,198,298,496
2012-03-11 18:00:00,1,0,0,1,21.32,25.0,29,19.0012,133,253,386
2012-03-11 19:00:00,1,0,0,1,20.5,24.24,31,19.0012,55,201,256
2012-03-11 20:00:00,1,0,0,1,18.04,21.97,47,15.0013,43,128,171
2012-03-11 21:00:00,1,0,0,1,17.22,21.21,54,15.0013,36,109,145
2012-03-11 22:00:00,1,0,0,1,16.4,20.455,54,12.998,12,77,89
2012-03-11 23:00:00,1,0,0,1,16.4,20.455,50,11.0014,13,36,49
2012-03-12 00:00:00,1,0,1,1,15.58,19.695,54,12.998,4,19,23
2012-03-12 01:00:00,1,0,1,1,15.58,19.695,50,8.9981,0,11,11
2012-03-12 02:00:00,1,0,1,1,15.58,19.695,54,7.0015,3,4,7
2012-03-12 03:00:00,1,0,1,1,14.76,17.425,50,8.9981,0,1,1
2012-03-12 04:00:00,1,0,1,1,13.94,16.665,61,12.998,-1,7,6
2012-03-12 05:00:00,1,0,1,1,13.94,16.665,61,12.998,0,14,14
2012-03-12 06:00:00,1,0,1,1,13.94,17.425,57,7.0015,3,82,85
2012-03-12 07:00:00,1,0,1,1,13.94,17.425,53,7.0015,8,260,268
2012-03-12 08:00:00,1,0,1,1,13.94,16.665,61,8.9981,17,551,568
2012-03-12 09:00:00,1,0,1,1,15.58,19.695,54,11.0014,20,257,277
2012-03-12 10:00:00,1,0,1,1,16.4,20.455,50,15.0013,38,98,136
2012-03-12 11:00:00,1,0,1,1,18.04,21.97,44,15.0013,39,111,150
2012-03-12 12:00:00,1,0,1,1,19.68,23.485,39,15.0013,59,167,226
2012-03-12 13:00:00,1,0,1,2,22.14,25.76,32,16.9979,73,181,254
2012-03-12 14:00:00,1,0,1,2,23.78,27.275,32,19.0012,75,143,218
2012-03-12 15:00:00,1,0,1,1,22.96,26.515,40,8.9981,75,158,233
2012-03-12 16:00:00,1,0,1,1,25.42,31.06,35,30.0026,77,256,333
2012-03-12 17:00:00,1,0,1,2,25.42,31.06,38,27.9993,86,556,642
2012-03-12 18:00:00,1,0,1,2,24.6,31.06,43,12.998,89,618,707
2012-03-12 19:00:00,1,0,1,2,22.96,26.515,49,15.0013,66,381,447
2012-03-12 20:00:00,1,0,1,2,22.96,26.515,49,15.0013,49,237,286
2012-03-12 21:00:00,1,0,1,2,22.14,25.76,56,15.0013,22,183,205
2012-03-12 22:00:00,1,0,1,2,22.96,26.515,56,15.0013,18,115,133
2012-03-12 23:00:00,1,0,1,1,22.96,26.515,56,15.0013,10,53,63
2012-03-13 00:00:00,1,0,1,2,22.96,26.515,52,12.998,5,16,21
2012-03-13 01:00:00,1,0,1,2,21.32,25.0,59,15.0013,1,15,16
2012-03-13 02:00:00,1,0,1,3,21.32,25.0,72,19.9995,0,1,1
2012-03-13 03:00:00,1,0,1,3,21.32,25.0,72,19.9995,0,0,0
2012-03-13 04:00:00,1,0,1,2,18.86,22.725,82,12.998,1,1,2
2012-03-13 05:00:00,1,0,1,2,18.86,22.725,82,12.998,-1,27,26
2012-03-13 06:00:00,1,0,1,3,18.86,22.725,82,12.998,5,111,116
2012-03-13 07:00:00,1,0,1,2,18.86,22.725,82,19.0012,16,288,304
2012-03-13 08:00:00,1,0,1,1,18.86,22.725,82,19.0012,22,569,591
2012-03-13 09:00:00,1,0,1,1,19.68,23.485,82,19.0012,18,324,342
2012-03-13 10:00:00,1,0,1,1,21.32,25.0,77,15.0013,29,115,144
2012-03-13 11:00:00,1,0,1,1,22.14,25.76,73,19.0012,65,156,221
2012-03-13 12:00:00,1,0,1,1,24.6,30.305,60,19.0012,46,199,245
2012-03-13 13:00:00,1,0,1,1,24.6,30.305,60,26.0027,53,182,235
2012-03-13 14:00:00,1,0,1,1,26.24,31.06,53,22.0028,52,161,213
2012-03-13 15:00:00,1,0,1,1,28.7,31.82,39,15.0013,69,195,264
2012-03-13 16:00:00,1,0,1,1,29.52,32.575,34,26.0027,54,309,363
2012-03-13 17:00:00,1,0,1,1,28.7,31.82,37,7.0015,60,610,670
2012-03-13 18:00:00,1,0,1,1,28.7,31.82,34,19.9995,95,636,731
2012-03-13 19:00:00,1,0,1,1,26.24,31.06,47,15.0013,48,425,473
2012-03-13 20:00:00,1,0,1,1,24.6,31.06,49,11.0014,43,306,349
2012-03-13 21:00:00,1,0,1,1,23.78,27.275,56,7.0015,43,204,247
2012-03-13 22:00:00,1,0,1,1,22.96,26.515,60,6.0032,24,143,167
2012-03-13 23:00:00,1,0,1,1,22.96,26.515,56,8.9981,8,84,92
2012-03-14 00:00:00,1,0,1,1,22.14,25.76,60,7.0015,5,32,37
2012-03-14 01:00:00,1,0,1,1,21.32,25.0,63,6.0032,3,27,30
2012-03-14 02:00:00,1,0,1,1,20.5,24.24,68,12.998,0,2,2
2012-03-14 03:00:00,1,0,1,1,19.68,23.485,72,12.998,2,3,5
2012-03-14 04:00:00,1,0,1,1,19.68,23.485,67,6.0032,0,0,0
2012-03-14 05:00:00,1,0,1,1,18.04,21.97,82,8.9981,1,23,24
2012-03-14 06:00:00,1,0,1,1,18.04,21.97,82,6.0032,1,114,115
2012-03-14 07:00:00,1,0,1,1,18.04,21.97,82,7.0015,21,349,370
2012-03-14 08:00:00,1,0,1,1,18.04,21.97,82,0.0,32,629,661
2012-03-14 09:00:00,1,0,1,1,21.32,25.0,68,0.0,26,321,347
2012-03-14 10:00:00,1,0,1,1,22.96,26.515,56,7.0015,37,154,191
2012-03-14 11:00:00,1,0,1,2,25.42,31.06,41,11.0014,65,155,220
2012-03-14 12:00:00,1,0,1,2,26.24,31.06,29,0.0,54,212,266
2012-03-14 13:00:00,1,0,1,1,27.06,31.06,27,15.0013,55,196,251
2012-03-14 14:00:00,1,0,1,1,28.7,31.82,23,22.0028,61,162,223
2012-03-14 15:00:00,1,0,1,1,28.7,31.82,24,0.0,87,198,285
2012-03-14 16:00:00,1,0,1,1,29.52,31.82,25,12.998,79,283,362
2012-03-14 17:00:00,1,0,1,1,28.7,31.82,28,6.0032,139,642,781
2012-03-14 18:00:00,1,0,1,1,28.7,31.82,32,0.0,102,646,748
2012-03-14 19:00:00,1,0,1,1,26.24,31.06,33,11.0014,69,402,471
2012-03-14 20:00:00,1,0,1,1,25.42,31.06,35,7.0015,44,288,332
2012-03-14 21:00:00,1,0,1,1,24.6,31.06,40,6.0032,44,241,285
2012-03-14 22:00:00,1,0,1,1,21.32,25.0,55,8.9981,43,160,203
2012-03-14 23:00:00,1,0,1,1,22.96,26.515,43,11.0014,18,65,83
2012-03-15 00:00:00,1,0,1,1,22.14,25.76,49,8.9981,14,44,58
2012-03-15 01:00:00,1,0,1,1,20.5,24.24,59,7.0015,14,5,19
2012-03-15 02:00:00,1,0,1,1,20.5,24.24,59,0.0,14,6,20
2012-03-15 03:00:00,1,0,1,1,20.5,24.24,63,0.0,-2,4,2
2012-03-15 04:00:00,1,0,1,1,18.04,21.97,77,7.0015,12,0,12
2012-03-15 05:00:00,1,0,1,1,18.86,22.725,67,0.0,2,26,28
2012-03-15 06:00:00,1,0,1,1,18.04,21.97,72,6.0032,3,112,115
2012-03-15 07:00:00,1,0,1,1,18.04,21.97,72,6.0032,14,364,378
2012-03-15 08:00:00,1,0,1,1,18.04,21.97,77,7.0015,22,596,618
2012-03-15 09:00:00,1,0,1,1,19.68,23.485,77,6.0032,28,285,313
2012-03-15 10:00:00,1,0,1,1,21.32,25.0,68,7.0015,34,130,164
2012-03-15 11:00:00,1,0,1,1,22.96,26.515,60,8.9981,60,152,212
2012-03-15 12:00:00,1,0,1,2,25.42,31.06,50,8.9981,57,207,264
2012-03-15 13:00:00,1,0,1,2,27.06,31.06,41,6.0032,61,208,269
2012-03-15 14:00:00,1,0,1,2,29.52,32.575,30,7.0015,81,179,260
2012-03-15 15:00:00,1,0,1,1,29.52,32.575,32,15.0013,100,190,290
2012-03-15 16:00:00,1,0,1,1,29.52,32.575,37,26.0027,94,332,426
2012-03-15 17:00:00,1,0,1,1,28.7,31.82,39,16.9979,78,631,709
2012-03-15 18:00:00,1,0,1,1,27.06,31.06,44,19.0012,98,654,752
2012-03-15 19:00:00,1,0,1,2,26.24,31.06,50,12.998,71,352,423
2012-03-15 20:00:00,1,0,1,2,23.78,27.275,60,23.9994,61,269,330
2012-03-15 21:00:00,1,0,1,1,22.14,25.76,68,19.0012,35,201,236
2012-03-15 22:00:00,1,0,1,1,21.32,25.0,68,8.9981,32,136,168
2012-03-15 23:00:00,1,0,1,1,19.68,23.485,72,12.998,11,83,94
2012-03-16 00:00:00,1,0,1,1,18.04,21.97,77,16.9979,10,47,57
2012-03-16 01:00:00,1,0,1,2,17.22,21.21,82,22.0028,3,20,23
2012-03-16 02:00:00,1,0,1,2,17.22,21.21,82,12.998,0,8,8
2012-03-16 03:00:00,1,0,1,2,16.4,20.455,87,19.0012,0,1,1
2012-03-16 04:00:00,1,0,1,2,16.4,20.455,87,16.9979,0,0,0
2012-03-16 05:00:00,1,0,1,2,16.4,20.455,87,15.0013,0,27,27
2012-03-16 06:00:00,1,0,1,2,16.4,20.455,87,11.0014,3,97,100
2012-03-16 07:00:00,1,0,1,2,16.4,20.455,87,12.998,12,265,277
2012-03-16 08:00:00,1,0,1,2,16.4,20.455,87,15.0013,30,534,564
2012-03-16 09:00:00,1,0,1,2,17.22,21.21,82,0.0,35,275,310
2012-03-16 10:00:00,1,0,1,2,16.4,20.455,87,6.0032,44,133,177
2012-03-16 11:00:00,1,0,1,2,18.04,21.97,77,0.0,37,173,210
2012-03-16 12:00:00,1,0,1,2,18.04,21.97,82,8.9981,71,223,294
2012-03-16 13:00:00,1,0,1,2,18.86,22.725,77,6.0032,52,207,259
2012-03-16 14:00:00,1,0,1,2,19.68,23.485,72,0.0,57,150,207
2012-03-16 15:00:00,1,0,1,3,18.86,22.725,82,7.0015,19,84,103
2012-03-16 16:00:00,1,0,1,3,19.68,23.485,77,0.0,18,110,128
2012-03-16 17:00:00,1,0,1,3,19.68,23.485,82,6.0032,22,234,256
2012-03-16 18:00:00,1,0,1,3,19.68,23.485,82,6.0032,29,380,409
2012-03-16 19:00:00,1,0,1,2,18.86,22.725,88,0.0,21,272,293
2012-03-16 20:00:00,1,0,1,1,18.86,22.725,88,0.0,29,211,240
2012-03-16 21:00:00,1,0,1,2,18.04,21.97,94,0.0,7,148,155
2012-03-16 22:00:00,1,0,1,2,18.04,21.97,94,0.0,16,130,146
2012-03-16 23:00:00,1,0,1,2,18.04,21.97,94,0.0,21,100,121
2012-03-17 00:00:00,1,0,0,2,18.04,21.97,94,6.0032,12,90,102
2012-03-17 01:00:00,1,0,0,2,18.04,21.97,94,0.0,12,54,66
2012-03-17 02:00:00,1,0,0,2,18.04,21.97,88,0.0,11,27,38
2012-03-17 03:00:00,1,0,0,2,18.04,21.97,88,0.0,2,24,26
2012-03-17 04:00:00,1,0,0,2,17.22,21.21,94,0.0,0,5,5
2012-03-17 05:00:00,1,0,0,2,17.22,21.21,94,6.0032,6,5,11
2012-03-17 06:00:00,1,0,0,2,17.22,21.21,94,12.998,1,37,38
2012-03-17 07:00:00,1,0,0,2,16.4,20.455,100,8.9981,29,56,85
2012-03-17 08:00:00,1,0,0,2,17.22,21.21,94,7.0015,63,156,219
2012-03-17 09:00:00,1,0,0,2,18.04,21.97,88,6.0032,105,216,321
2012-03-17 10:00:00,1,0,0,2,20.5,24.24,77,6.0032,141,297,438
2012-03-17 11:00:00,1,0,0,2,21.32,25.0,77,8.9981,226,355,581
2012-03-17 12:00:00,1,0,0,1,22.96,26.515,68,11.0014,284,364,648
2012-03-17 13:00:00,1,0,0,1,24.6,30.305,60,7.0015,287,396,683
2012-03-17 14:00:00,1,0,0,1,25.42,31.06,53,6.0032,351,337,688
2012-03-17 15:00:00,1,0,0,1,26.24,31.06,53,8.9981,357,324,681
2012-03-17 16:00:00,1,0,0,1,26.24,31.06,50,0.0,366,318,684
2012-03-17 17:00:00,1,0,0,1,26.24,31.06,50,8.9981,292,359,651
2012-03-17 18:00:00,1,0,0,1,25.42,31.06,57,19.9995,221,340,561
2012-03-17 19:00:00,1,0,0,1,23.78,27.275,64,19.0012,156,262,418
2012-03-17 20:00:00,1,0,0,1,22.96,26.515,64,12.998,88,181,269
2012-03-17 21:00:00,1,0,0,1,22.14,25.76,68,11.0014,56,172,228
2012-03-17 22:00:00,1,0,0,1,22.14,25.76,68,0.0,57,155,212
2012-03-17 23:00:00,1,0,0,1,20.5,24.24,77,11.0014,33,150,183
2012-03-18 00:00:00,1,0,0,1,18.86,22.725,88,12.998,27,81,108
2012-03-18 01:00:00,1,0,0,1,18.86,22.725,82,8.9981,25,87,112
2012-03-18 02:00:00,1,0,0,2,18.86,22.725,82,7.0015,15,41,56
2012-03-18 03:00:00,1,0,0,2,18.04,21.97,88,8.9981,2,14,16
2012-03-18 04:00:00,1,0,0,2,17.22,21.21,94,11.0014,7,7,14
2012-03-18 05:00:00,1,0,0,2,16.4,20.455,94,7.0015,1,7,8
2012-03-18 06:00:00,1,0,0,2,16.4,20.455,94,7.0015,1,9,10
2012-03-18 07:00:00,1,0,0,3,17.22,21.21,88,11.0014,16,26,42
2012-03-18 08:00:00,1,0,0,2,17.22,21.21,88,7.0015,25,65,90
2012-03-18 09:00:00,1,0,0,2,17.22,21.21,88,6.0032,65,113,178
2012-03-18 10:00:00,1,0,0,2,17.22,21.21,88,7.0015,139,207,346
2012-03-18 11:00:00,1,0,0,2,18.04,21.97,82,11.0014,129,240,369
2012-03-18 12:00:00,1,0,0,2,18.04,21.97,88,8.9981,221,282,503
2012-03-18 13:00:00,1,0,0,2,18.86,22.725,82,11.0014,197,343,540
2012-03-18 14:00:00,1,0,0,2,20.5,24.24,77,6.0032,218,306,524
2012-03-18 15:00:00,1,0,0,1,22.14,25.76,68,6.0032,239,319,558
2012-03-18 16:00:00,1,0,0,1,22.14,25.76,73,6.0032,228,308,536
2012-03-18 17:00:00,1,0,0,1,22.96,26.515,64,6.0032,232,306,538
2012-03-18 18:00:00,1,0,0,1,22.96,26.515,64,11.0014,165,296,461
2012-03-18 19:00:00,1,0,0,1,22.96,26.515,64,11.0014,119,231,350
2012-03-18 20:00:00,1,0,0,1,21.32,25.0,77,8.9981,60,136,196
2012-03-18 21:00:00,1,0,0,1,21.32,25.0,72,6.0032,43,131,174
2012-03-18 22:00:00,1,0,0,1,20.5,24.24,77,7.0015,22,77,99
2012-03-18 23:00:00,1,0,0,1,19.68,23.485,82,11.0014,7,35,42
2012-03-19 00:00:00,1,0,1,1,19.68,23.485,82,7.0015,5,17,22
2012-03-19 01:00:00,1,0,1,1,18.86,22.725,88,7.0015,0,15,15
2012-03-19 02:00:00,1,0,1,1,18.86,22.725,88,11.0014,0,5,5
2012-03-19 03:00:00,1,0,1,1,18.86,22.725,88,6.0032,-2,5,3
2012-03-19 04:00:00,1,0,1,1,18.04,21.97,94,0.0,0,4,4
2012-03-19 05:00:00,1,0,1,1,18.04,21.97,94,0.0,0,30,30
2012-03-19 06:00:00,1,0,1,1,18.86,22.725,88,8.9981,2,120,122
2012-03-19 07:00:00,1,0,1,1,18.86,22.725,88,12.998,24,325,349
2012-03-19 08:00:00,1,0,1,1,18.86,22.725,88,7.0015,14,565,579
2012-03-19 09:00:00,1,0,1,1,20.5,24.24,72,11.0014,56,278,334
2012-03-19 10:00:00,1,0,1,1,21.32,25.0,72,8.9981,56,132,188
2012-03-19 11:00:00,1,0,1,1,22.96,26.515,68,11.0014,56,143,199
2012-03-19 12:00:00,1,0,1,1,24.6,30.305,64,16.9979,71,210,281
2012-03-19 13:00:00,1,0,1,1,25.42,30.305,61,16.9979,69,195,264
2012-03-19 14:00:00,1,0,1,2,26.24,31.06,57,12.998,60,203,263
2012-03-19 15:00:00,1,0,1,1,26.24,31.06,57,15.0013,96,190,286
2012-03-19 16:00:00,1,0,1,1,27.06,31.06,50,15.0013,65,320,385
2012-03-19 17:00:00,1,0,1,1,26.24,31.06,53,15.0013,105,616,721
2012-03-19 18:00:00,1,0,1,1,26.24,31.06,57,16.9979,120,678,798
2012-03-19 19:00:00,1,0,1,1,25.42,30.305,61,15.0013,86,465,551
2012-03-19 20:00:00,1,0,1,1,24.6,30.305,64,15.0013,33,300,333
2012-03-19 21:00:00,1,0,1,1,24.6,30.305,64,11.0014,33,192,225
2012-03-19 22:00:00,1,0,1,2,22.96,26.515,73,11.0014,17,128,145
2012-03-19 23:00:00,1,0,1,2,22.96,26.515,78,8.9981,6,46,52
2012-04-01 00:00:00,2,0,0,2,14.76,16.665,76,16.9979,9,61,70
2012-04-01 01:00:00,2,0,0,2,14.76,17.425,76,11.0014,13,46,59
2012-04-01 02:00:00,2,0,0,2,14.76,17.425,76,11.0014,18,61,79
2012-04-01 03:00:00,2,0,0,2,13.94,16.665,81,8.9981,3,19,22
2012-04-01 04:00:00,2,0,0,2,13.94,17.425,81,6.0032,3,14,17
2012-04-01 05:00:00,2,0,0,2,13.94,17.425,81,6.0032,9,8,17
2012-04-01 06:00:00,2,0,0,2,14.76,17.425,76,8.9981,9,93,102
2012-04-01 07:00:00,2,0,0,2,14.76,17.425,71,8.9981,28,49,77
2012-04-01 08:00:00,2,0,0,2,14.76,18.18,76,6.0032,38,88,126
2012-04-01 09:00:00,2,0,0,2,14.76,17.425,81,8.9981,102,172,274
2012-04-01 10:00:00,2,0,0,2,16.4,20.455,71,7.0015,133,227,360
2012-04-01 11:00:00,2,0,0,2,16.4,20.455,71,12.998,180,265,445
2012-04-01 12:00:00,2,0,0,2,17.22,21.21,67,15.0013,188,257,445
2012-04-01 13:00:00,2,0,0,2,18.04,21.97,62,12.998,190,277,467
2012-04-01 14:00:00,2,0,0,2,19.68,23.485,55,15.0013,283,275,558
2012-04-01 15:00:00,2,0,0,1,20.5,24.24,55,16.9979,293,280,573
2012-04-01 16:00:00,2,0,0,1,21.32,25.0,52,16.9979,235,277,512
2012-04-01 17:00:00,2,0,0,1,21.32,25.0,55,19.0012,230,322,552
2012-04-01 18:00:00,2,0,0,1,21.32,25.0,52,19.9995,152,283,435
2012-04-01 19:00:00,2,0,0,1,21.32,25.0,55,15.0013,107,238,345
2012-04-01 20:00:00,2,0,0,2,20.5,24.24,59,15.0013,66,167,233
2012-04-01 21:00:00,2,0,0,2,20.5,24.24,59,11.0014,32,102,134
2012-04-01 22:00:00,2,0,0,3,20.5,24.24,63,7.0015,6,62,68
2012-04-01 23:00:00,2,0,0,3,18.86,22.725,72,0.0,8,53,61
2012-04-02 00:00:00,2,0,1,3,18.04,21.97,82,7.0015,7,15,22
2012-04-02 01:00:00,2,0,1,3,17.22,21.21,88,6.0032,-1,3,2
2012-04-02 02:00:00,2,0,1,3,18.04,21.97,94,8.9981,2,1,3
2012-04-02 04:00:00,2,0,1,1,16.4,20.455,76,32.9975,2,3,5
2012-04-02 05:00:00,2,0,1,1,16.4,20.455,76,32.9975,1,29,30
2012-04-02 06:00:00,2,0,1,1,14.76,15.91,71,31.0009,6,106,112
2012-04-02 07:00:00,2,0,1,1,13.94,15.15,66,26.0027,12,294,306
2012-04-02 08:00:00,2,0,1,1,14.76,16.665,57,22.0028,36,555,591
2012-04-02 09:00:00,2,0,1,1,15.58,19.695,54,23.9994,52,262,314
2012-04-02 10:00:00,2,0,1,1,16.4,20.455,50,35.0008,85,119,204
2012-04-02 11:00:00,2,0,1,1,17.22,21.21,47,30.0026,80,128,208
2012-04-02 12:00:00,2,0,1,1,18.04,21.97,44,30.0026,98,181,279
2012-04-02 13:00:00,2,0,1,1,18.86,22.725,36,19.9995,95,185,280
2012-04-02 14:00:00,2,0,1,1,18.86,22.725,31,27.9993,128,138,266
2012-04-02 15:00:00,2,0,1,1,19.68,23.485,33,27.9993,132,192,324
2012-04-02 16:00:00,2,0,1,1,20.5,24.24,34,22.0028,105,293,398
2012-04-02 17:00:00,2,0,1,1,20.5,24.24,29,19.0012,129,603,732
2012-04-02 18:00:00,2,0,1,1,20.5,24.24,27,16.9979,76,545,621
2012-04-02 19:00:00,2,0,1,1,20.5,24.24,27,16.9979,65,425,490
2012-04-02 20:00:00,2,0,1,1,18.86,22.725,31,11.0014,47,277,324
2012-04-02 21:00:00,2,0,1,1,18.86,22.725,28,8.9981,24,213,237
2012-04-02 22:00:00,2,0,1,1,17.22,21.21,44,12.998,18,108,126
2012-04-02 23:00:00,2,0,1,1,18.04,21.97,35,11.0014,5,54,59
2012-04-03 00:00:00,2,0,1,1,16.4,20.455,43,8.9981,1,29,30
2012-04-03 01:00:00,2,0,1,1,15.58,19.695,46,15.0013,0,8,8
2012-04-03 02:00:00,2,0,1,1,14.76,17.425,53,11.0014,-1,5,4
2012-04-03 03:00:00,2,0,1,1,15.58,19.695,46,0.0,0,1,1
2012-04-03 04:00:00,2,0,1,1,13.12,16.665,66,6.0032,0,-1,-1
2012-04-03 05:00:00,2,0,1,1,13.12,16.665,66,6.0032,1,25,26
2012-04-03 06:00:00,2,0,1,1,12.3,15.91,61,6.0032,2,97,99
2012-04-03 07:00:00,2,0,1,1,13.12,16.665,66,6.0032,14,326,340
2012-04-03 08:00:00,2,0,1,1,13.94,18.18,57,0.0,26,577,603
2012-04-03 09:00:00,2,0,1,1,17.22,21.21,38,6.0032,53,357,410
2012-04-03 10:00:00,2,0,1,1,18.04,21.97,33,0.0,78,141,219
2012-04-03 11:00:00,2,0,1,1,19.68,23.485,23,0.0,91,163,254
2012-04-03 12:00:00,2,0,1,1,21.32,25.0,25,0.0,102,228,330
2012-04-03 13:00:00,2,0,1,1,22.96,26.515,19,16.9979,120,222,342
2012-04-03 14:00:00,2,0,1,1,22.96,26.515,21,15.0013,119,195,314
2012-04-03 15:00:00,2,0,1,1,24.6,29.545,20,12.998,108,209,317
2012-04-03 16:00:00,2,0,1,1,25.42,30.305,21,11.0014,145,340,485
2012-04-03 17:00:00,2,0,1,1,25.42,30.305,17,12.998,124,636,760
2012-04-03 18:00:00,2,0,1,1,24.6,30.305,26,11.0014,138,660,798
2012-04-03 19:00:00,2,0,1,1,22.96,26.515,26,7.0015,99,459,558
2012-04-03 20:00:00,2,0,1,1,22.96,26.515,24,8.9981,55,325,380
2012-04-03 21:00:00,2,0,1,1,22.14,25.76,45,0.0,31,213,244
2012-04-03 22:00:00,2,0,1,1,20.5,24.24,51,0.0,23,129,152
2012-04-03 23:00:00,2,0,1,1,20.5,24.24,59,0.0,12,68,80
2012-04-04 00:00:00,2,0,1,1,19.68,23.485,48,0.0,18,24,42
2012-04-04 01:00:00,2,0,1,1,18.86,22.725,59,0.0,1,10,11
2012-04-04 02:00:00,2,0,1,1,18.86,22.725,51,0.0,0,4,4
2012-04-04 03:00:00,2,0,1,1,18.04,21.97,58,6.0032,0,6,6
2012-04-04 04:00:00,2,0,1,1,17.22,21.21,67,6.0032,0,6,6
2012-04-04 05:00:00,2,0,1,1,17.22,21.21,67,6.0032,-1,31,30
2012-04-04 06:00:00,2,0,1,2,17.22,21.21,58,0.0,6,120,126
2012-04-04 07:00:00,2,0,1,2,18.04,21.97,62,0.0,11,347,358
2012-04-04 08:00:00,2,0,1,2,18.04,21.97,72,7.0015,31,653,684
2012-04-04 09:00:00,2,0,1,2,19.68,23.485,55,8.9981,46,313,359
2012-04-04 10:00:00,2,0,1,2,22.14,25.76,45,8.9981,67,96,163
2012-04-04 11:00:00,2,0,1,2,24.6,31.06,43,23.9994,61,153,214
2012-04-04 12:00:00,2,0,1,2,24.6,31.06,46,27.9993,73,200,273
2012-04-04 13:00:00,2,0,1,2,24.6,31.06,46,16.9979,69,181,250
2012-04-04 14:00:00,2,0,1,2,25.42,31.06,46,12.998,82,176,258
2012-04-04 15:00:00,2,0,1,2,26.24,31.06,44,19.0012,85,185,270
2012-04-04 16:00:00,2,0,1,2,26.24,31.06,44,19.0012,85,304,389
2012-04-04 17:00:00,2,0,1,1,27.06,31.06,41,19.9995,99,644,743
2012-04-04 18:00:00,2,0,1,1,27.06,31.06,41,16.9979,111,641,752
2012-04-04 19:00:00,2,0,1,1,27.06,31.06,39,15.0013,75,419,494
2012-04-04 20:00:00,2,0,1,1,26.24,31.06,27,15.0013,41,325,366
2012-04-04 21:00:00,2,0,1,1,24.6,30.305,23,22.0028,44,256,300
2012-04-04 22:00:00,2,0,1,1,22.96,26.515,22,11.0014,29,152,181
2012-04-04 23:00:00,2,0,1,1,21.32,25.0,23,27.9993,19,114,133
2012-04-05 00:00:00,2,0,1,1,21.32,25.0,23,27.9993,11,36,47
2012-04-05 01:00:00,2,0,1,1,19.68,23.485,27,22.0028,5,7,12
2012-04-05 02:00:00,2,0,1,1,18.86,22.725,33,30.0026,6,9,15
2012-04-05 03:00:00,2,0,1,1,17.22,21.21,41,19.9995,0,8,8
2012-04-05 04:00:00,2,0,1,1,15.58,19.695,43,19.0012,-1,1,0
2012-04-05 05:00:00,2,0,1,1,15.58,19.695,43,19.0012,0,27,27
2012-04-05 06:00:00,2,0,1,1,14.76,16.665,46,22.0028,7,120,127
2012-04-05 07:00:00,2,0,1,1,13.94,16.665,49,12.998,16,338,354
2012-04-05 08:00:00,2,0,1,1,14.76,17.425,46,15.0013,29,614,643
2012-04-05 09:00:00,2,0,1,1,16.4,20.455,37,16.9979,60,293,353
2012-04-05 10:00:00,2,0,1,1,17.22,21.21,35,19.0012,85,155,240
2012-04-05 11:00:00,2,0,1,2,17.22,21.21,38,15.0013,109,162,271
2012-04-05 12:00:00,2,0,1,1,18.04,21.97,33,0.0,64,208,272
2012-04-05 13:00:00,2,0,1,1,18.86,22.725,31,0.0,91,203,294
2012-04-05 14:00:00,2,0,1,1,18.86,22.725,33,11.0014,143,141,284
2012-04-05 15:00:00,2,0,1,1,20.5,24.24,31,7.0015,96,167,263
2012-04-05 16:00:00,2,0,1,1,20.5,24.24,31,12.998,84,318,402
2012-04-05 17:00:00,2,0,1,1,20.5,24.24,31,11.0014,145,679,824
2012-04-05 18:00:00,2,0,1,1,20.5,24.24,31,7.0015,80,615,695
2012-04-05 19:00:00,2,0,1,1,19.68,23.485,31,16.9979,64,424,488
2012-04-05 20:00:00,2,0,1,1,18.04,21.97,41,12.998,30,278,308
2012-04-05 21:00:00,2,0,1,1,17.22,21.21,47,12.998,25,214,239
2012-04-05 22:00:00,2,0,1,1,16.4,20.455,47,12.998,21,125,146
2012-04-05 23:00:00,2,0,1,1,16.4,20.455,50,8.9981,10,126,136
2012-04-06 00:00:00,2,0,1,1,16.4,20.455,43,0.0,12,50,62
2012-04-06 01:00:00,2,0,1,1,14.76,17.425,62,8.9981,10,28,38
2012-04-06 02:00:00,2,0,1,1,14.76,16.665,50,26.0027,5,7,12
2012-04-06 03:00:00,2,0,1,1,13.94,15.15,53,22.0028,3,9,12
2012-04-06 04:00:00,2,0,1,1,13.94,15.91,49,16.9979,2,1,3
2012-04-06 05:00:00,2,0,1,1,13.12,15.15,53,22.0028,-1,22,21
2012-04-06 06:00:00,2,0,1,1,12.3,13.635,49,26.0027,0,78,78
2012-04-06 07:00:00,2,0,1,1,12.3,14.395,49,19.0012,14,235,249
2012-04-06 08:00:00,2,0,1,1,12.3,13.635,49,22.0028,18,490,508
2012-04-06 09:00:00,2,0,1,1,13.94,15.15,42,22.0028,57,317,374
2012-04-06 10:00:00,2,0,1,1,14.76,16.665,40,22.0028,81,157,238
2012-04-06 11:00:00,2,0,1,1,16.4,20.455,37,19.9995,113,178,291
2012-04-06 12:00:00,2,0,1,1,17.22,21.21,35,19.9995,114,219,333
2012-04-06 13:00:00,2,0,1,1,18.04,21.97,33,22.0028,174,240,414
2012-04-06 14:00:00,2,0,1,1,19.68,23.485,29,26.0027,240,246,486
2012-04-06 15:00:00,2,0,1,1,20.5,24.24,27,19.0012,216,315,531
2012-04-06 16:00:00,2,0,1,1,20.5,24.24,22,27.9993,184,348,532
2012-04-06 17:00:00,2,0,1,1,21.32,25.0,23,27.9993,172,484,656
2012-04-06 18:00:00,2,0,1,1,20.5,24.24,22,31.0009,103,384,487
2012-04-06 19:00:00,2,0,1,1,19.68,23.485,23,19.9995,114,296,410
2012-04-06 20:00:00,2,0,1,1,18.86,22.725,24,19.0012,60,194,254
2012-04-06 21:00:00,2,0,1,1,18.04,21.97,26,8.9981,54,135,189
2012-04-06 22:00:00,2,0,1,1,16.4,20.455,35,15.0013,34,125,159
2012-04-06 23:00:00,2,0,1,1,17.22,21.21,30,19.0012,20,91,111
2012-04-07 00:00:00,2,0,0,1,17.22,21.21,26,19.9995,7,87,94
2012-04-07 01:00:00,2,0,0,1,16.4,20.455,28,16.9979,9,56,65
2012-04-07 02:00:00,2,0,0,1,14.76,16.665,29,23.9994,10,25,35
2012-04-07 03:00:00,2,0,0,1,14.76,16.665,32,16.9979,5,22,27
2012-04-07 04:00:00,2,0,0,1,13.12,15.91,36,11.0014,1,1,2
2012-04-07 05:00:00,2,0,0,1,13.12,15.91,33,11.0014,0,4,4
2012-04-07 06:00:00,2,0,0,1,13.12,15.91,36,12.998,1,27,28
2012-04-07 07:00:00,2,0,0,1,13.12,15.15,33,19.0012,13,41,54
2012-04-07 08:00:00,2,0,0,1,13.94,15.91,34,16.9979,27,93,120
2012-04-07 09:00:00,2,0,0,1,16.4,20.455,30,16.9979,104,173,277
2012-04-07 10:00:00,2,0,0,1,17.22,21.21,28,16.9979,187,173,360
2012-04-07 11:00:00,2,0,0,1,18.04,21.97,24,19.9995,250,244,494
2012-04-07 12:00:00,2,0,0,1,18.86,22.725,23,26.0027,320,269,589
2012-04-07 13:00:00,2,0,0,1,20.5,24.24,22,12.998,355,294,649
2012-04-07 14:00:00,2,0,0,1,20.5,24.24,22,19.9995,327,256,583
2012-04-07 15:00:00,2,0,0,1,21.32,25.0,19,27.9993,322,301,623
2012-04-07 16:00:00,2,0,0,1,22.14,25.76,19,26.0027,352,259,611
2012-04-07 17:00:00,2,0,0,1,22.14,25.76,19,27.9993,299,271,570
2012-04-07 18:00:00,2,0,0,1,22.14,25.76,18,19.9995,226,291,517
2012-04-07 19:00:00,2,0,0,1,22.14,25.76,16,22.0028,168,240,408
2012-04-07 20:00:00,2,0,0,1,20.5,24.24,20,15.0013,74,133,207
2012-04-07 21:00:00,2,0,0,1,20.5,24.24,20,12.998,75,157,232
2012-04-07 22:00:00,2,0,0,1,19.68,23.485,20,12.998,75,105,180
2012-04-07 23:00:00,2,0,0,1,18.86,22.725,23,15.0013,31,86,117
2012-04-08 00:00:00,2,0,0,1,18.04,21.97,24,15.0013,21,59,80
2012-04-08 01:00:00,2,0,0,1,18.04,21.97,24,15.0013,14,47,61
2012-04-08 02:00:00,2,0,0,1,18.04,21.97,24,15.0013,7,23,30
2012-04-08 03:00:00,2,0,0,1,17.22,21.21,26,8.9981,7,14,21
2012-04-08 04:00:00,2,0,0,1,16.4,20.455,40,0.0,0,14,14
2012-04-08 05:00:00,2,0,0,1,15.58,19.695,46,0.0,3,5,8
2012-04-08 06:00:00,2,0,0,1,14.76,18.94,37,0.0,5,19,24
2012-04-08 07:00:00,2,0,0,1,15.58,19.695,27,11.0014,10,26,36
2012-04-08 08:00:00,2,0,0,1,16.4,20.455,30,12.998,20,67,87
2012-04-08 09:00:00,2,0,0,1,18.04,21.97,26,15.0013,71,105,176
2012-04-08 10:00:00,2,0,0,1,20.5,24.24,25,15.0013,113,188,301
2012-04-08 11:00:00,2,0,0,1,20.5,24.24,25,19.0012,194,204,398
2012-04-08 12:00:00,2,0,0,1,22.14,25.76,24,16.9979,199,261,460
2012-04-08 13:00:00,2,0,0,1,23.78,27.275,23,11.0014,229,250,479
2012-04-08 14:00:00,2,0,0,1,24.6,29.545,18,30.0026,252,245,497
2012-04-08 15:00:00,2,0,0,1,25.42,30.305,17,23.9994,257,225,482
2012-04-08 16:00:00,2,0,0,1,26.24,30.305,19,22.0028,231,245,476
2012-04-08 17:00:00,2,0,0,1,25.42,30.305,22,19.9995,183,225,408
2012-04-08 18:00:00,2,0,0,1,25.42,30.305,25,22.0028,150,156,306
2012-04-08 19:00:00,2,0,0,1,24.6,30.305,23,26.0027,88,186,274
2012-04-08 20:00:00,2,0,0,1,22.96,26.515,28,27.9993,64,148,212
2012-04-08 21:00:00,2,0,0,1,21.32,25.0,34,15.0013,53,80,133
2012-04-08 22:00:00,2,0,0,1,20.5,24.24,36,15.0013,32,88,120
2012-04-08 23:00:00,2,0,0,1,20.5,24.24,39,16.9979,11,42,53
2012-04-09 00:00:00,2,0,1,1,19.68,23.485,39,19.0012,10,31,41
2012-04-09 01:00:00,2,0,1,1,18.86,22.725,41,8.9981,3,10,13
2012-04-09 02:00:00,2,0,1,1,18.86,22.725,31,12.998,0,5,5
2012-04-09 03:00:00,2,0,1,1,18.04,21.97,30,11.0014,0,3,3
2012-04-09 04:00:00,2,0,1,1,18.04,21.97,24,12.998,1,0,1
2012-04-09 05:00:00,2,0,1,1,18.04,21.97,24,12.998,1,32,33
2012-04-09 06:00:00,2,0,1,1,17.22,21.21,26,15.0013,3,113,116
2012-04-09 07:00:00,2,0,1,1,17.22,21.21,28,12.998,11,321,332
2012-04-09 08:00:00,2,0,1,1,18.04,21.97,30,12.998,21,591,612
2012-04-09 09:00:00,2,0,1,1,18.86,22.725,31,23.9994,48,237,285
2012-04-09 10:00:00,2,0,1,1,20.5,24.24,27,32.9975,65,112,177
2012-04-09 11:00:00,2,0,1,1,21.32,25.0,27,27.9993,96,131,227
2012-04-09 12:00:00,2,0,1,1,22.14,25.76,28,47.9988,94,181,275
2012-04-09 13:00:00,2,0,1,1,22.14,25.76,28,39.0007,107,171,278
2012-04-09 14:00:00,2,0,1,1,22.96,26.515,28,36.9974,65,153,218
2012-04-09 15:00:00,2,0,1,1,23.78,27.275,28,36.9974,82,169,251
2012-04-09 16:00:00,2,0,1,1,22.96,26.515,30,27.9993,81,307,388
2012-04-09 17:00:00,2,0,1,1,22.14,25.76,32,27.9993,67,561,628
2012-04-09 18:00:00,2,0,1,1,22.14,25.76,34,19.9995,59,585,644
2012-04-09 19:00:00,2,0,1,1,21.32,25.0,34,23.9994,34,385,419
2012-04-09 20:00:00,2,0,1,1,20.5,24.24,36,30.0026,19,253,272
2012-04-09 21:00:00,2,0,1,3,19.68,23.485,41,27.9993,12,152,164
2012-04-09 22:00:00,2,0,1,2,18.86,22.725,41,32.9975,5,99,104
2012-04-09 23:00:00,2,0,1,1,18.04,21.97,44,19.9995,6,63,69
2012-04-10 00:00:00,2,0,1,2,18.04,21.97,47,19.0012,3,24,27
2012-04-10 01:00:00,2,0,1,1,17.22,21.21,50,15.0013,0,13,13
2012-04-10 02:00:00,2,0,1,1,14.76,17.425,71,8.9981,-2,0,-2
2012-04-10 03:00:00,2,0,1,1,14.76,17.425,71,8.9981,0,-1,-1
2012-04-10 04:00:00,2,0,1,1,13.94,16.665,71,8.9981,0,5,5
2012-04-10 05:00:00,2,0,1,1,13.94,16.665,71,8.9981,0,26,26
2012-04-10 06:00:00,2,0,1,1,13.94,17.425,71,7.0015,2,102,104
2012-04-10 07:00:00,2,0,1,1,13.94,17.425,71,7.0015,17,367,384
2012-04-10 08:00:00,2,0,1,1,15.58,19.695,62,8.9981,21,670,691
2012-04-10 09:00:00,2,0,1,1,17.22,21.21,67,12.998,16,301,317
2012-04-10 10:00:00,2,0,1,1,18.86,22.725,47,11.0014,49,128,177
2012-04-10 11:00:00,2,0,1,1,20.5,24.24,36,0.0,78,161,239
2012-04-10 12:00:00,2,0,1,1,22.14,25.76,22,19.0012,74,186,260
2012-04-10 13:00:00,2,0,1,1,21.32,25.0,23,11.0014,80,203,283
2012-04-10 14:00:00,2,0,1,1,22.14,25.76,24,12.998,74,147,221
2012-04-10 15:00:00,2,0,1,1,22.96,26.515,21,19.9995,46,154,200
2012-04-10 16:00:00,2,0,1,1,23.78,27.275,21,16.9979,67,296,363
2012-04-10 17:00:00,2,0,1,1,22.96,26.515,21,35.0008,86,659,745
2012-04-10 18:00:00,2,0,1,1,22.14,25.76,22,27.9993,78,626,704
2012-04-10 19:00:00,2,0,1,1,21.32,25.0,20,23.9994,52,429,481
2012-04-10 20:00:00,2,0,1,1,18.86,22.725,28,26.0027,34,246,280
2012-04-10 21:00:00,2,0,1,1,18.04,21.97,30,30.0026,13,192,205
2012-04-10 22:00:00,2,0,1,1,16.4,20.455,37,32.9975,8,119,127
2012-04-10 23:00:00,2,0,1,1,14.76,16.665,40,27.9993,13,47,60
2012-04-11 00:00:00,2,0,1,1,13.94,15.15,36,27.9993,8,18,26
2012-04-11 01:00:00,2,0,1,1,13.94,15.91,39,19.0012,3,10,13
2012-04-11 02:00:00,2,0,1,1,13.12,15.15,45,19.0012,0,0,0
2012-04-11 03:00:00,2,0,1,1,12.3,14.395,49,15.0013,0,0,0
2012-04-11 05:00:00,2,0,1,1,11.48,13.635,56,12.998,0,30,30
2012-04-11 06:00:00,2,0,1,1,11.48,14.395,56,7.0015,6,101,107
2012-04-11 07:00:00,2,0,1,1,11.48,14.395,52,8.9981,18,306,324
2012-04-11 08:00:00,2,0,1,1,12.3,14.395,49,15.0013,15,587,602
2012-04-11 09:00:00,2,0,1,2,13.12,15.15,49,19.9995,20,288,308
2012-04-11 10:00:00,2,0,1,2,13.94,15.15,49,22.0028,26,136,162
2012-04-11 11:00:00,2,0,1,2,15.58,19.695,43,22.0028,39,143,182
2012-04-11 12:00:00,2,0,1,2,14.76,16.665,46,26.0027,35,147,182
2012-04-11 13:00:00,2,0,1,2,16.4,20.455,40,23.9994,15,149,164
2012-04-11 14:00:00,2,0,1,1,14.76,17.425,57,12.998,35,101,136
2012-04-11 15:00:00,2,0,1,3,15.58,19.695,46,15.0013,51,150,201
2012-04-11 16:00:00,2,0,1,1,18.04,21.97,33,19.9995,52,253,305
2012-04-11 17:00:00,2,0,1,1,17.22,21.21,35,26.0027,50,528,578
2012-04-11 18:00:00,2,0,1,3,16.4,20.455,43,27.9993,39,542,581
2012-04-11 19:00:00,2,0,1,1,16.4,20.455,40,23.9994,28,357,385
2012-04-11 20:00:00,2,0,1,1,14.76,16.665,46,22.0028,20,212,232
2012-04-11 21:00:00,2,0,1,1,13.94,15.15,57,26.0027,10,150,160
2012-04-11 22:00:00,2,0,1,1,13.94,15.15,57,22.0028,3,128,131
2012-04-11 23:00:00,2,0,1,1,13.94,15.15,57,19.9995,7,48,55
2012-04-12 00:00:00,2,0,1,1,13.12,15.15,66,19.0012,2,24,26
2012-04-12 01:00:00,2,0,1,1,13.12,15.15,66,15.0013,2,5,7
2012-04-12 02:00:00,2,0,1,1,13.12,15.15,61,19.0012,0,3,3
2012-04-12 03:00:00,2,0,1,1,13.12,15.15,61,16.9979,1,2,3
2012-04-12 04:00:00,2,0,1,1,12.3,14.395,61,15.0013,0,2,2
2012-04-12 05:00:00,2,0,1,1,12.3,14.395,61,15.0013,1,22,23
2012-04-12 06:00:00,2,0,1,1,12.3,14.395,65,16.9979,2,97,99
2012-04-12 07:00:00,2,0,1,1,12.3,13.635,65,22.0028,12,292,304
2012-04-12 08:00:00,2,0,1,1,13.12,15.15,66,22.0028,21,611,632
2012-04-12 09:00:00,2,0,1,1,14.76,16.665,57,23.9994,17,272,289
2012-04-12 10:00:00,2,0,1,1,16.4,20.455,50,19.9995,37,99,136
2012-04-12 11:00:00,2,0,1,1,17.22,21.21,47,19.9995,49,174,223
2012-04-12 12:00:00,2,0,1,1,18.86,22.725,41,30.0026,61,197,258
2012-04-12 13:00:00,2,0,1,1,19.68,23.485,36,30.0026,55,144,199
2012-04-12 14:00:00,2,0,1,1,20.5,24.24,31,22.0028,72,149,221
2012-04-12 15:00:00,2,0,1,1,19.68,23.485,31,16.9979,41,169,210
2012-04-12 16:00:00,2,0,1,1,19.68,23.485,31,19.0012,54,302,356
2012-04-12 17:00:00,2,0,1,1,20.5,24.24,27,26.0027,59,596,655
2012-04-12 18:00:00,2,0,1,1,20.5,24.24,27,26.0027,63,550,613
2012-04-12 19:00:00,2,0,1,1,18.86,22.725,31,19.9995,51,384,435
2012-04-12 20:00:00,2,0,1,1,18.04,21.97,33,16.9979,26,248,274
2012-04-12 21:00:00,2,0,1,1,17.22,21.21,35,8.9981,12,171,183
2012-04-12 22:00:00,2,0,1,1,17.22,21.21,35,12.998,15,147,162
2012-04-12 23:00:00,2,0,1,1,17.22,21.21,35,12.998,8,86,94
2012-04-13 00:00:00,2,0,1,1,16.4,20.455,37,16.9979,14,42,56
2012-04-13 01:00:00,2,0,1,1,14.76,17.425,46,12.998,2,26,28
2012-04-13 02:00:00,2,0,1,1,13.94,16.665,49,12.998,6,8,14
2012-04-13 03:00:00,2,0,1,1,13.94,16.665,61,11.0014,3,7,10
2012-04-13 04:00:00,2,0,1,2,13.94,16.665,53,8.9981,0,3,3
2012-04-13 05:00:00,2,0,1,2,13.94,16.665,53,11.0014,2,14,16
2012-04-13 06:00:00,2,0,1,1,13.12,15.91,57,11.0014,0,84,84
2012-04-13 07:00:00,2,0,1,1,13.94,15.91,61,15.0013,12,285,297
2012-04-13 08:00:00,2,0,1,1,15.58,19.695,46,11.0014,21,539,560
2012-04-13 09:00:00,2,0,1,1,17.22,21.21,41,11.0014,36,292,328
2012-04-13 10:00:00,2,0,1,1,18.04,21.97,38,12.998,60,138,198
2012-04-13 11:00:00,2,0,1,1,18.86,22.725,36,8.9981,75,159,234
2012-04-13 12:00:00,2,0,1,1,20.5,24.24,31,0.0,103,217,320
2012-04-13 13:00:00,2,0,1,1,21.32,25.0,27,19.0012,110,248,358
2012-04-13 14:00:00,2,0,1,1,21.32,25.0,27,0.0,124,221,345
2012-04-13 15:00:00,2,0,1,1,22.14,25.76,28,16.9979,114,240,354
2012-04-13 16:00:00,2,0,1,1,22.96,26.515,26,16.9979,112,348,460
2012-04-13 17:00:00,2,0,1,1,22.96,26.515,24,11.0014,118,622,740
2012-04-13 18:00:00,2,0,1,1,22.14,25.76,26,8.9981,104,561,665
2012-04-13 19:00:00,2,0,1,1,22.14,25.76,24,11.0014,76,354,430
2012-04-13 20:00:00,2,0,1,1,20.5,24.24,29,8.9981,42,241,283
2012-04-13 21:00:00,2,0,1,1,20.5,24.24,36,0.0,35,154,189
2012-04-13 22:00:00,2,0,1,1,18.04,21.97,62,7.0015,35,177,212
2012-04-13 23:00:00,2,0,1,1,17.22,21.21,62,6.0032,37,160,197
2012-04-14 00:00:00,2,0,0,1,16.4,20.455,58,8.9981,11,88,99
2012-04-14 01:00:00,2,0,0,1,16.4,20.455,58,8.9981,10,63,73
2012-04-14 02:00:00,2,0,0,1,15.58,19.695,66,8.9981,2,49,51
2012-04-14 03:00:00,2,0,0,1,14.76,18.18,66,6.0032,5,23,28
2012-04-14 04:00:00,2,0,0,1,14.76,18.18,71,7.0015,2,8,10
2012-04-14 05:00:00,2,0,0,1,14.76,18.18,66,7.0015,1,1,2
2012-04-14 06:00:00,2,0,0,1,13.94,16.665,76,11.0014,0,17,17
2012-04-14 07:00:00,2,0,0,1,14.76,18.18,71,7.0015,6,51,57
2012-04-14 08:00:00,2,0,0,1,14.76,17.425,71,8.9981,24,137,161
2012-04-14 09:00:00,2,0,0,1,17.22,21.21,54,8.9981,56,206,262
2012-04-14 10:00:00,2,0,0,1,18.86,22.725,51,11.0014,138,264,402
2012-04-14 11:00:00,2,0,0,1,21.32,25.0,45,12.998,208,361,569
2012-04-14 12:00:00,2,0,0,1,23.78,27.275,35,16.9979,275,401,676
2012-04-14 13:00:00,2,0,0,1,25.42,31.06,33,19.9995,307,372,679
2012-04-14 14:00:00,2,0,0,2,26.24,31.06,27,30.0026,288,375,663
2012-04-14 15:00:00,2,0,0,2,26.24,31.06,27,23.9994,312,346,658
2012-04-14 16:00:00,2,0,0,2,26.24,31.06,27,23.9994,252,332,584
2012-04-14 17:00:00,2,0,0,2,25.42,31.06,33,16.9979,252,311,563
2012-04-14 18:00:00,2,0,0,2,25.42,31.06,35,15.0013,196,287,483
2012-04-14 19:00:00,2,0,0,2,24.6,31.06,40,11.0014,162,302,464
2012-04-14 20:00:00,2,0,0,2,22.96,26.515,46,8.9981,113,206,319
2012-04-14 21:00:00,2,0,0,2,22.96,26.515,43,8.9981,52,164,216
2012-04-14 22:00:00,2,0,0,2,22.14,25.76,52,11.0014,63,146,209
2012-04-14 23:00:00,2,0,0,2,22.14,25.76,56,12.998,46,147,193
2012-04-15 00:00:00,2,0,0,2,22.14,25.76,56,12.998,30,92,122
2012-04-15 01:00:00,2,0,0,2,22.14,25.76,56,11.0014,18,91,109
2012-04-15 02:00:00,2,0,0,2,22.14,25.76,56,7.0015,18,48,66
2012-04-15 03:00:00,2,0,0,2,21.32,25.0,59,8.9981,18,26,44
2012-04-15 04:00:00,2,0,0,2,22.14,25.76,52,0.0,3,10,13
2012-04-15 05:00:00,2,0,0,1,20.5,24.24,68,11.0014,3,6,9
2012-04-15 06:00:00,2,0,0,1,20.5,24.24,63,8.9981,6,10,16
2012-04-15 07:00:00,2,0,0,1,20.5,24.24,63,7.0015,15,30,45
2012-04-15 08:00:00,2,0,0,1,21.32,25.0,59,0.0,31,66,97
2012-04-15 09:00:00,2,0,0,1,22.14,25.76,56,15.0013,95,151,246
2012-04-15 10:00:00,2,0,0,1,23.78,27.275,53,15.0013,185,235,420
2012-04-15 11:00:00,2,0,0,1,25.42,31.06,46,19.9995,227,299,526
2012-04-15 12:00:00,2,0,0,1,26.24,31.06,44,19.0012,275,356,631
2012-04-15 13:00:00,2,0,0,1,27.06,31.06,44,19.0012,297,381,678
2012-04-15 14:00:00,2,0,0,1,28.7,31.82,39,19.0012,281,345,626
2012-04-15 15:00:00,2,0,0,1,28.7,31.82,39,26.0027,265,345,610
2012-04-15 16:00:00,2,0,0,1,29.52,32.575,39,23.9994,286,333,619
2012-04-15 17:00:00,2,0,0,1,28.7,31.82,42,22.0028,263,359,622
2012-04-15 18:00:00,2,0,0,1,28.7,31.82,42,16.9979,182,296,478
2012-04-15 19:00:00,2,0,0,1,28.7,31.82,42,16.9979,113,268,381
2012-04-15 20:00:00,2,0,0,1,26.24,31.06,50,15.0013,86,207,293
2012-04-15 21:00:00,2,0,0,1,25.42,31.06,57,16.9979,75,151,226
2012-04-15 22:00:00,2,0,0,1,27.88,31.82,44,23.9994,36,98,134
2012-04-15 23:00:00,2,0,0,1,27.06,31.06,50,26.0027,27,67,94
2012-04-16 00:00:00,2,1,0,1,26.24,31.06,53,22.0028,14,22,36
2012-04-16 01:00:00,2,1,0,1,25.42,30.305,61,23.9994,6,22,28
2012-04-16 02:00:00,2,1,0,1,24.6,30.305,64,16.9979,5,10,15
2012-04-16 03:00:00,2,1,0,1,23.78,27.275,68,12.998,3,10,13
2012-04-16 04:00:00,2,1,0,1,22.14,25.76,77,15.0013,0,6,6
2012-04-16 05:00:00,2,1,0,1,22.14,25.76,77,15.0013,4,35,39
2012-04-16 06:00:00,2,1,0,1,21.32,25.0,83,11.0014,8,123,131
2012-04-16 07:00:00,2,1,0,1,21.32,25.0,83,8.9981,20,365,385
2012-04-16 08:00:00,2,1,0,2,22.96,26.515,83,11.0014,47,553,600
2012-04-16 09:00:00,2,1,0,1,25.42,30.305,69,15.0013,58,236,294
2012-04-16 10:00:00,2,1,0,1,25.42,30.305,69,16.9979,76,151,227
2012-04-16 11:00:00,2,1,0,1,26.24,30.305,65,16.9979,114,135,249
2012-04-16 12:00:00,2,1,0,1,27.88,31.82,57,16.9979,74,196,270
2012-04-16 13:00:00,2,1,0,1,30.34,33.335,45,19.9995,79,183,262
2012-04-16 14:00:00,2,1,0,1,31.16,34.09,45,22.0028,105,181,286
2012-04-16 15:00:00,2,1,0,1,32.8,34.85,33,30.0026,81,191,272
2012-04-16 16:00:00,2,1,0,1,32.8,34.85,33,31.0009,91,270,361
2012-04-16 17:00:00,2,1,0,1,32.8,34.85,33,26.0027,112,596,708
2012-04-16 18:00:00,2,1,0,1,32.8,34.85,31,26.0027,86,591,677
2012-04-16 19:00:00,2,1,0,1,31.16,33.335,35,26.0027,59,460,519
2012-04-16 20:00:00,2,1,0,1,30.34,32.575,37,19.9995,47,329,376
2012-04-16 21:00:00,2,1,0,1,27.88,31.82,51,16.9979,38,228,266
2012-04-16 22:00:00,2,1,0,1,27.88,31.82,51,16.9979,35,181,216
2012-04-16 23:00:00,2,1,0,1,28.7,31.82,45,19.9995,23,97,120
2012-04-17 00:00:00,2,0,1,1,27.06,31.06,54,12.998,8,29,37
2012-04-17 01:00:00,2,0,1,1,26.24,31.06,57,11.0014,7,4,11
2012-04-17 02:00:00,2,0,1,1,22.96,26.515,83,7.0015,1,6,7
2012-04-17 03:00:00,2,0,1,1,22.96,26.515,83,6.0032,0,10,10
2012-04-17 04:00:00,2,0,1,1,27.06,31.06,44,15.0013,4,3,7
2012-04-17 05:00:00,2,0,1,1,24.6,31.06,53,16.9979,0,27,27
2012-04-17 06:00:00,2,0,1,1,24.6,31.06,46,16.9979,8,135,143
2012-04-17 07:00:00,2,0,1,1,24.6,31.06,43,16.9979,18,444,462
2012-04-17 08:00:00,2,0,1,1,24.6,31.06,43,15.0013,43,629,672
2012-04-17 09:00:00,2,0,1,1,24.6,31.06,38,32.9975,71,332,403
2012-04-17 10:00:00,2,0,1,1,24.6,31.06,38,27.9993,52,168,220
2012-04-17 11:00:00,2,0,1,1,24.6,31.06,33,27.9993,65,171,236
2012-04-17 12:00:00,2,0,1,1,24.6,31.06,33,23.9994,65,179,244
2012-04-17 13:00:00,2,0,1,1,25.42,31.06,29,16.9979,51,187,238
2012-04-17 14:00:00,2,0,1,1,26.24,31.06,27,19.0012,59,198,257
2012-04-17 15:00:00,2,0,1,1,27.06,31.06,24,22.0028,91,220,311
2012-04-17 16:00:00,2,0,1,1,27.88,31.06,22,23.9994,47,316,363
2012-04-17 17:00:00,2,0,1,1,26.24,30.305,25,19.9995,106,675,781
2012-04-17 18:00:00,2,0,1,1,26.24,30.305,25,19.0012,105,669,774
2012-04-17 19:00:00,2,0,1,1,24.6,30.305,26,16.9979,74,465,539
2012-04-17 20:00:00,2,0,1,1,24.6,30.305,23,19.0012,43,357,400
2012-04-17 21:00:00,2,0,1,1,22.96,26.515,26,19.9995,37,258,295
2012-04-17 22:00:00,2,0,1,1,22.14,25.76,30,16.9979,17,142,159
2012-04-17 23:00:00,2,0,1,1,22.14,25.76,32,15.0013,10,69,79
2012-04-18 00:00:00,2,0,1,1,22.14,25.76,32,11.0014,3,36,39
2012-04-18 01:00:00,2,0,1,1,21.32,25.0,34,12.998,0,15,15
2012-04-18 02:00:00,2,0,1,2,20.5,24.24,42,12.998,1,2,3
2012-04-18 03:00:00,2,0,1,2,20.5,24.24,42,15.0013,0,5,5
2012-04-18 04:00:00,2,0,1,2,20.5,24.24,42,19.0012,1,4,5
2012-04-18 05:00:00,2,0,1,2,20.5,24.24,39,19.0012,0,31,31
2012-04-18 06:00:00,2,0,1,2,20.5,24.24,39,19.0012,5,128,133
2012-04-18 07:00:00,2,0,1,2,20.5,24.24,39,12.998,8,404,412
2012-04-18 08:00:00,2,0,1,3,20.5,24.24,39,12.998,25,548,573
2012-04-18 09:00:00,2,0,1,3,19.68,23.485,44,19.9995,21,247,268
2012-04-18 10:00:00,2,0,1,3,19.68,23.485,47,15.0013,30,111,141
2012-04-18 11:00:00,2,0,1,3,18.86,22.725,47,16.9979,13,108,121
2012-04-18 12:00:00,2,0,1,3,18.86,22.725,51,7.0015,16,92,108
2012-04-18 13:00:00,2,0,1,3,18.86,22.725,59,0.0,12,52,64
2012-04-18 14:00:00,2,0,1,3,18.04,21.97,72,7.0015,7,41,48
2012-04-18 15:00:00,2,0,1,3,17.22,21.21,77,12.998,9,87,96
2012-04-18 16:00:00,2,0,1,2,17.22,21.21,77,15.0013,33,198,231
2012-04-18 17:00:00,2,0,1,2,17.22,21.21,77,12.998,47,443,490
2012-04-18 18:00:00,2,0,1,2,17.22,21.21,77,0.0,28,476,504
2012-04-18 19:00:00,2,0,1,2,17.22,21.21,77,8.9981,26,343,369
2012-04-18 20:00:00,2,0,1,2,17.22,21.21,77,7.0015,6,245,251
2012-04-18 21:00:00,2,0,1,2,17.22,21.21,82,6.0032,23,158,181
2012-04-18 22:00:00,2,0,1,2,17.22,21.21,77,6.0032,8,157,165
2012-04-18 23:00:00,2,0,1,2,17.22,21.21,77,0.0,13,56,69
2012-04-19 00:00:00,2,0,1,3,17.22,21.21,77,0.0,4,16,20
2012-04-19 01:00:00,2,0,1,3,17.22,21.21,77,7.0015,1,14,15
2012-04-19 02:00:00,2,0,1,2,17.22,21.21,77,0.0,0,0,0
2012-04-19 03:00:00,2,0,1,2,17.22,21.21,77,0.0,0,0,0
2012-04-19 04:00:00,2,0,1,2,17.22,21.21,71,0.0,0,0,0
2012-04-19 05:00:00,2,0,1,1,16.4,20.455,82,0.0,0,33,33
2012-04-19 06:00:00,2,0,1,2,16.4,20.455,82,7.0015,2,115,117
2012-04-19 07:00:00,2,0,1,2,16.4,20.455,82,8.9981,14,397,411
2012-04-19 08:00:00,2,0,1,2,17.22,21.21,82,7.0015,26,654,680
2012-04-19 09:00:00,2,0,1,2,18.86,22.725,72,0.0,30,266,296
2012-04-19 10:00:00,2,0,1,1,19.68,23.485,63,6.0032,44,141,185
2012-04-19 11:00:00,2,0,1,1,21.32,25.0,48,0.0,44,179,223
2012-04-19 12:00:00,2,0,1,1,22.14,25.76,49,0.0,50,208,258
2012-04-19 13:00:00,2,0,1,1,22.96,26.515,46,0.0,50,183,233
2012-04-19 14:00:00,2,0,1,1,23.78,27.275,43,0.0,55,186,241
2012-04-19 15:00:00,2,0,1,1,24.6,31.06,43,0.0,66,193,259
2012-04-19 16:00:00,2,0,1,1,25.42,31.06,41,7.0015,62,319,381
2012-04-19 17:00:00,2,0,1,1,24.6,31.06,43,6.0032,85,661,746
2012-04-19 18:00:00,2,0,1,1,24.6,31.06,43,6.0032,97,676,773
2012-04-19 19:00:00,2,0,1,1,23.78,27.275,46,8.9981,70,518,588
2012-04-19 20:00:00,2,0,1,1,22.96,26.515,49,15.0013,52,357,409
2012-04-19 21:00:00,2,0,1,1,21.32,25.0,55,7.0015,25,240,265
2012-04-19 22:00:00,2,0,1,1,21.32,25.0,59,12.998,28,221,249
2012-04-19 23:00:00,2,0,1,1,20.5,24.24,63,7.0015,21,123,144
2012-05-01 00:00:00,2,0,1,2,20.5,24.24,59,12.998,6,27,33
2012-05-01 01:00:00,2,0,1,2,20.5,24.24,63,8.9981,0,17,17
2012-05-01 02:00:00,2,0,1,2,20.5,24.24,72,6.0032,1,6,7
2012-05-01 03:00:00,2,0,1,2,20.5,24.24,77,0.0,2,2,4
2012-05-01 04:00:00,2,0,1,2,21.32,25.0,72,6.0032,2,6,8
2012-05-01 05:00:00,2,0,1,2,21.32,25.0,72,6.0032,-1,9,8
2012-05-01 06:00:00,2,0,1,3,21.32,25.0,77,7.0015,3,23,26
2012-05-01 07:00:00,2,0,1,2,20.5,24.24,94,16.9979,6,161,167
2012-05-01 08:00:00,2,0,1,2,21.32,25.0,94,19.0012,19,543,562
2012-05-01 09:00:00,2,0,1,2,22.14,25.76,88,12.998,17,332,349
2012-05-01 10:00:00,2,0,1,1,25.42,29.545,78,16.9979,29,141,170
2012-05-01 11:00:00,2,0,1,2,27.06,31.06,65,19.0012,50,181,231
2012-05-01 12:00:00,2,0,1,2,28.7,32.575,58,15.0013,42,232,274
2012-05-01 13:00:00,2,0,1,2,29.52,33.335,51,15.0013,39,210,249
2012-05-01 14:00:00,2,0,1,2,30.34,33.335,48,16.9979,35,160,195
2012-05-01 15:00:00,2,0,1,2,30.34,33.335,45,15.0013,47,189,236
2012-05-01 16:00:00,2,0,1,1,30.34,33.335,45,12.998,40,312,352
2012-05-01 17:00:00,2,0,1,1,30.34,33.335,48,6.0032,66,613,679
2012-05-01 18:00:00,2,0,1,1,28.7,32.575,54,8.9981,80,655,735
2012-05-01 19:00:00,2,0,1,1,28.7,32.575,54,8.9981,58,430,488
2012-05-01 20:00:00,2,0,1,1,27.06,31.06,61,11.0014,36,291,327
2012-05-01 21:00:00,2,0,1,1,26.24,30.305,65,8.9981,29,242,271
2012-05-01 22:00:00,2,0,1,1,26.24,30.305,65,0.0,21,192,213
2012-05-01 23:00:00,2,0,1,1,24.6,28.79,78,0.0,16,76,92
2012-05-02 00:00:00,2,0,1,1,24.6,28.79,78,7.0015,3,40,43
2012-05-02 01:00:00,2,0,1,1,22.96,26.515,83,0.0,9,4,13
2012-05-02 02:00:00,2,0,1,1,22.96,26.515,83,0.0,8,8,16
2012-05-02 03:00:00,2,0,1,1,22.96,26.515,83,6.0032,1,5,6
2012-05-02 04:00:00,2,0,1,1,22.14,25.76,88,0.0,2,3,5
2012-05-02 05:00:00,2,0,1,1,22.14,25.76,90,8.9981,2,29,31
2012-05-02 06:00:00,2,0,1,3,22.96,26.515,84,0.0,2,118,120
2012-05-02 07:00:00,2,0,1,2,22.14,25.76,88,12.998,14,345,359
2012-05-02 08:00:00,2,0,1,2,22.96,26.515,88,0.0,25,639,664
2012-05-02 09:00:00,2,0,1,2,22.96,26.515,88,0.0,25,287,312
2012-05-02 10:00:00,2,0,1,2,23.78,27.275,83,7.0015,26,142,168
2012-05-02 11:00:00,2,0,1,2,23.78,27.275,81,8.9981,40,148,188
2012-05-02 12:00:00,2,0,1,2,23.78,27.275,83,15.0013,36,209,245
2012-05-02 13:00:00,2,0,1,2,23.78,27.275,78,12.998,48,178,226
2012-05-02 14:00:00,2,0,1,1,25.42,30.305,69,6.0032,51,192,243
2012-05-02 15:00:00,2,0,1,1,26.24,30.305,65,12.998,52,204,256
2012-05-02 16:00:00,2,0,1,1,26.24,30.305,65,11.0014,54,311,365
2012-05-02 17:00:00,2,0,1,1,24.6,29.545,73,16.9979,70,660,730
2012-05-02 18:00:00,2,0,1,1,22.96,26.515,73,15.0013,42,772,814
2012-05-02 19:00:00,2,0,1,1,22.14,25.76,77,16.9979,42,455,497
2012-05-02 20:00:00,2,0,1,1,21.32,25.0,77,16.9979,43,299,342
2012-05-02 21:00:00,2,0,1,1,21.32,25.0,77,15.0013,18,219,237
2012-05-02 22:00:00,2,0,1,1,20.5,24.24,82,15.0013,27,148,175
2012-05-02 23:00:00,2,0,1,2,20.5,24.24,77,16.9979,21,80,101
2012-05-03 00:00:00,2,0,1,2,19.68,23.485,82,15.0013,13,76,89
2012-05-03 01:00:00,2,0,1,2,18.86,22.725,88,7.0015,8,14,22
2012-05-03 02:00:00,2,0,1,2,18.86,22.725,88,8.9981,3,16,19
2012-05-03 03:00:00,2,0,1,2,18.86,22.725,88,0.0,1,2,3
2012-05-03 04:00:00,2,0,1,2,18.86,22.725,88,16.9979,0,0,0
2012-05-03 05:00:00,2,0,1,2,18.86,22.725,88,16.9979,1,21,22
2012-05-03 06:00:00,2,0,1,2,18.86,22.725,88,11.0014,6,125,131
2012-05-03 07:00:00,2,0,1,3,18.04,21.97,94,7.0015,8,378,386
2012-05-03 08:00:00,2,0,1,3,18.86,22.725,88,12.998,20,606,626
2012-05-03 09:00:00,2,0,1,2,19.68,23.485,88,7.0015,25,275,300
2012-05-03 10:00:00,2,0,1,2,21.32,25.0,77,0.0,38,133,171
2012-05-03 11:00:00,2,0,1,1,22.14,25.76,77,0.0,35,165,200
2012-05-03 12:00:00,2,0,1,1,22.96,26.515,73,8.9981,64,239,303
2012-05-03 13:00:00,2,0,1,1,24.6,29.545,69,12.998,48,216,264
2012-05-03 14:00:00,2,0,1,1,26.24,30.305,65,12.998,31,171,202
2012-05-03 15:00:00,2,0,1,1,27.06,31.06,61,12.998,62,222,284
2012-05-03 16:00:00,2,0,1,1,27.88,31.82,57,11.0014,45,329,374
2012-05-03 17:00:00,2,0,1,1,29.52,33.335,54,8.9981,87,620,707
2012-05-03 18:00:00,2,0,1,1,29.52,33.335,58,8.9981,64,641,705
2012-05-03 19:00:00,2,0,1,1,28.7,32.575,61,12.998,54,470,524
2012-05-03 20:00:00,2,0,1,1,26.24,30.305,73,12.998,52,366,418
2012-05-03 21:00:00,2,0,1,1,25.42,29.545,78,8.9981,40,262,302
2012-05-03 22:00:00,2,0,1,1,25.42,29.545,78,0.0,29,214,243
2012-05-03 23:00:00,2,0,1,1,24.6,28.03,83,0.0,19,99,118
2012-05-04 00:00:00,2,0,1,1,24.6,28.79,78,22.0028,19,72,91
2012-05-04 01:00:00,2,0,1,1,24.6,28.79,78,7.0015,13,32,45
2012-05-04 02:00:00,2,0,1,1,23.78,27.275,83,8.9981,0,12,12
2012-05-04 03:00:00,2,0,1,1,22.96,26.515,88,15.0013,0,15,15
2012-05-04 04:00:00,2,0,1,1,22.96,26.515,88,12.998,0,-1,-1
2012-05-04 05:00:00,2,0,1,1,22.96,26.515,88,12.998,0,22,22
2012-05-04 06:00:00,2,0,1,1,22.14,25.76,94,7.0015,8,123,131
2012-05-04 07:00:00,2,0,1,1,22.96,26.515,88,0.0,8,350,358
2012-05-04 08:00:00,2,0,1,1,22.96,26.515,88,0.0,34,586,620
2012-05-04 09:00:00,2,0,1,1,24.6,28.79,78,0.0,32,268,300
2012-05-04 10:00:00,2,0,1,2,25.42,29.545,73,8.9981,46,152,198
2012-05-04 11:00:00,2,0,1,2,28.7,32.575,61,0.0,77,179,256
2012-05-04 12:00:00,2,0,1,3,25.42,29.545,78,23.9994,43,125,168
2012-05-04 13:00:00,2,0,1,2,26.24,30.305,73,0.0,69,206,275
2012-05-04 14:00:00,2,0,1,2,27.06,31.06,74,19.0012,84,159,243
2012-05-04 15:00:00,2,0,1,2,29.52,34.09,62,7.0015,102,238,340
2012-05-04 16:00:00,2,0,1,1,31.16,34.09,48,11.0014,82,364,446
2012-05-04 17:00:00,2,0,1,1,28.7,32.575,54,31.0009,98,543,641
2012-05-04 18:00:00,2,0,1,1,28.7,32.575,54,31.0009,76,561,637
2012-05-04 19:00:00,2,0,1,1,28.7,32.575,51,8.9981,64,386,450
2012-05-04 20:00:00,2,0,1,1,27.88,31.82,51,7.0015,58,256,314
2012-05-04 21:00:00,2,0,1,1,26.24,30.305,69,12.998,48,188,236
2012-05-04 22:00:00,2,0,1,1,24.6,28.03,83,8.9981,50,185,235
2012-05-04 23:00:00,2,0,1,1,24.6,28.03,83,6.0032,51,204,255
2012-05-05 00:00:00,2,0,0,1,24.6,28.03,83,0.0,43,114,157
2012-05-05 01:00:00,2,0,0,1,24.6,28.03,83,0.0,28,77,105
2012-05-05 02:00:00,2,0,0,1,23.78,27.275,88,0.0,26,44,70
2012-05-05 03:00:00,2,0,0,1,23.78,27.275,83,0.0,12,27,39
2012-05-05 04:00:00,2,0,0,1,22.96,26.515,88,7.0015,-1,13,12
2012-05-05 05:00:00,2,0,0,1,22.96,26.515,88,6.0032,8,13,21
2012-05-05 06:00:00,2,0,0,2,22.14,25.76,94,0.0,7,33,40
2012-05-05 07:00:00,2,0,0,1,22.96,26.515,88,0.0,9,72,81
2012-05-05 08:00:00,2,0,0,1,23.78,27.275,83,6.0032,43,154,197
2012-05-05 09:00:00,2,0,0,1,25.42,29.545,78,7.0015,62,219,281
2012-05-05 10:00:00,2,0,0,1,27.06,31.06,65,8.9981,148,285,433
2012-05-05 11:00:00,2,0,0,1,28.7,32.575,58,6.0032,220,350,570
2012-05-05 12:00:00,2,0,0,1,29.52,33.335,58,7.0015,219,328,547
2012-05-05 13:00:00,2,0,0,1,30.34,34.09,55,8.9981,216,302,518
2012-05-05 14:00:00,2,0,0,3,28.7,32.575,61,19.9995,187,242,429
2012-05-05 15:00:00,2,0,0,3,27.06,31.06,74,12.998,240,306,546
2012-05-05 16:00:00,2,0,0,2,27.88,31.82,65,26.0027,229,310,539
2012-05-05 17:00:00,2,0,0,2,27.88,31.82,65,19.9995,206,299,505
2012-05-05 18:00:00,2,0,0,2,27.06,31.06,69,23.9994,156,271,427
2012-05-05 19:00:00,2,0,0,2,25.42,29.545,73,22.0028,150,256,406
2012-05-05 20:00:00,2,0,0,1,24.6,28.79,78,16.9979,100,211,311
2012-05-05 21:00:00,2,0,0,2,23.78,27.275,78,15.0013,87,185,272
2012-05-05 22:00:00,2,0,0,2,23.78,27.275,78,12.998,67,143,210
2012-05-05 23:00:00,2,0,0,2,22.96,26.515,83,19.0012,34,113,147
2012-05-06 00:00:00,2,0,0,2,22.96,26.515,83,8.9981,21,113,134
2012-05-06 01:00:00,2,0,0,2,22.14,25.76,83,15.0013,37,86,123
2012-05-06 02:00:00,2,0,0,2,22.14,25.76,83,19.0012,28,62,90
2012-05-06 03:00:00,2,0,0,2,22.14,25.76,83,12.998,8,25,33
2012-05-06 04:00:00,2,0,0,3,21.32,25.0,83,11.0014,10,7,17
2012-05-06 05:00:00,2,0,0,3,21.32,25.0,83,11.0014,0,9,9
2012-05-06 06:00:00,2,0,0,3,21.32,25.0,83,15.0013,3,13,16
2012-05-06 07:00:00,2,0,0,3,21.32,25.0,83,11.0014,5,30,35
2012-05-06 08:00:00,2,0,0,2,20.5,24.24,88,8.9981,22,95,117
2012-05-06 09:00:00,2,0,0,2,21.32,25.0,83,11.0014,61,127,188
2012-05-06 10:00:00,2,0,0,2,22.14,25.76,77,7.0015,111,214,325
2012-05-06 11:00:00,2,0,0,1,22.96,26.515,73,7.0015,143,263,406
2012-05-06 12:00:00,2,0,0,2,24.6,30.305,64,6.0032,206,348,554
2012-05-06 13:00:00,2,0,0,2,24.6,30.305,64,0.0,197,367,564
2012-05-06 14:00:00,2,0,0,2,24.6,30.305,64,7.0015,224,292,516
2012-05-06 15:00:00,2,0,0,2,25.42,30.305,61,7.0015,227,338,565
2012-05-06 16:00:00,2,0,0,2,25.42,30.305,61,0.0,180,365,545
2012-05-06 17:00:00,2,0,0,2,25.42,30.305,65,8.9981,194,319,513
2012-05-06 18:00:00,2,0,0,2,25.42,30.305,61,12.998,130,334,464
2012-05-06 19:00:00,2,0,0,2,24.6,30.305,64,11.0014,117,270,387
2012-05-06 20:00:00,2,0,0,1,24.6,30.305,64,12.998,73,200,273
2012-05-06 21:00:00,2,0,0,1,22.96,26.515,73,12.998,55,147,202
2012-05-06 22:00:00,2,0,0,1,22.96,26.515,73,11.0014,44,114,158
2012-05-06 23:00:00,2,0,0,1,21.32,25.0,77,12.998,21,82,103
2012-05-07 00:00:00,2,0,1,2,21.32,25.0,77,8.9981,13,20,33
2012-05-07 01:00:00,2,0,1,2,21.32,25.0,77,12.998,0,8,8
2012-05-07 02:00:00,2,0,1,1,20.5,24.24,77,12.998,1,3,4
2012-05-07 03:00:00,2,0,1,1,20.5,24.24,77,12.998,1,7,8
2012-05-07 04:00:00,2,0,1,2,18.86,22.725,88,8.9981,0,9,9
2012-05-07 05:00:00,2,0,1,1,18.86,22.725,88,7.0015,2,21,23
2012-05-07 06:00:00,2,0,1,1,18.86,22.725,88,7.0015,7,134,141
2012-05-07 07:00:00,2,0,1,2,19.68,23.485,82,7.0015,15,371,386
2012-05-07 08:00:00,2,0,1,2,20.5,24.24,82,12.998,31,609,640
2012-05-07 09:00:00,2,0,1,2,20.5,24.24,82,15.0013,61,288,349
2012-05-07 10:00:00,2,0,1,2,21.32,25.0,77,12.998,63,130,193
2012-05-07 11:00:00,2,0,1,2,22.14,25.76,73,12.998,62,146,208
2012-05-07 12:00:00,2,0,1,2,22.96,26.515,68,15.0013,75,190,265
2012-05-07 13:00:00,2,0,1,2,24.6,31.06,53,22.0028,75,203,278
2012-05-07 14:00:00,2,0,1,2,25.42,31.06,50,23.9994,58,181,239
2012-05-07 15:00:00,2,0,1,2,25.42,31.06,53,19.9995,76,189,265
2012-05-07 16:00:00,2,0,1,2,24.6,31.06,53,26.0027,68,321,389
2012-05-07 17:00:00,2,0,1,2,24.6,31.06,53,22.0028,102,669,771
2012-05-07 18:00:00,2,0,1,2,24.6,31.06,53,23.9994,77,600,677
2012-05-07 19:00:00,2,0,1,1,23.78,27.275,56,22.0028,81,464,545
2012-05-07 20:00:00,2,0,1,1,22.14,25.76,52,19.0012,46,269,315
2012-05-07 21:00:00,2,0,1,2,22.14,25.76,45,15.0013,38,211,249
2012-05-07 22:00:00,2,0,1,2,22.14,25.76,45,16.9979,25,145,170
2012-05-07 23:00:00,2,0,1,2,22.14,25.76,45,12.998,20,91,111
2012-05-08 00:00:00,2,0,1,2,21.32,25.0,52,16.9979,10,31,41
2012-05-08 01:00:00,2,0,1,2,21.32,25.0,59,15.0013,5,5,10
2012-05-08 02:00:00,2,0,1,2,21.32,25.0,63,19.9995,9,13,22
2012-05-08 03:00:00,2,0,1,2,21.32,25.0,68,19.0012,0,4,4
2012-05-08 04:00:00,2,0,1,2,21.32,25.0,68,22.0028,0,9,9
2012-05-08 05:00:00,2,0,1,2,21.32,25.0,72,19.0012,0,18,18
2012-05-08 06:00:00,2,0,1,1,20.5,24.24,77,19.9995,6,159,165
2012-05-08 07:00:00,2,0,1,1,21.32,25.0,72,19.0012,21,441,462
2012-05-08 08:00:00,2,0,1,2,22.14,25.76,73,19.9995,36,603,639
2012-05-08 09:00:00,2,0,1,2,22.96,26.515,68,23.9994,36,255,291
2012-05-08 10:00:00,2,0,1,2,23.78,27.275,68,27.9993,46,113,159
2012-05-08 11:00:00,2,0,1,2,24.6,30.305,64,26.0027,59,158,217
2012-05-08 12:00:00,2,0,1,2,25.42,30.305,65,22.0028,60,199,259
2012-05-08 13:00:00,2,0,1,3,26.24,30.305,65,16.9979,52,159,211
2012-05-08 14:00:00,2,0,1,3,25.42,30.305,69,22.0028,9,61,70
2012-05-08 15:00:00,2,0,1,3,25.42,29.545,73,16.9979,38,94,132
2012-05-08 16:00:00,2,0,1,3,26.24,30.305,73,15.0013,55,340,395
2012-05-08 17:00:00,2,0,1,2,26.24,30.305,69,19.0012,77,642,719
2012-05-08 18:00:00,2,0,1,2,26.24,30.305,69,19.0012,68,642,710
2012-05-08 19:00:00,2,0,1,2,26.24,30.305,69,19.0012,57,401,458
2012-05-08 20:00:00,2,0,1,2,26.24,30.305,69,19.0012,41,261,302
2012-05-08 21:00:00,2,0,1,2,26.24,30.305,65,19.0012,21,200,221
2012-05-08 22:00:00,2,0,1,3,24.6,28.79,78,16.9979,12,138,150
2012-05-08 23:00:00,2,0,1,3,24.6,28.79,78,22.0028,11,51,62
2012-05-09 00:00:00,2,0,1,2,23.78,27.275,83,12.998,6,24,30
2012-05-09 01:00:00,2,0,1,2,24.6,28.79,78,16.9979,3,9,12
2012-05-09 02:00:00,2,0,1,3,22.96,26.515,88,30.0026,0,1,1
2012-05-09 03:00:00,2,0,1,3,22.96,26.515,88,11.0014,0,-1,-1
2012-05-09 04:00:00,2,0,1,3,22.96,26.515,88,15.0013,0,1,1
2012-05-09 05:00:00,2,0,1,2,22.96,26.515,88,8.9981,0,31,31
2012-05-09 06:00:00,2,0,1,2,22.96,26.515,88,7.0015,5,119,124
2012-05-09 07:00:00,2,0,1,2,22.96,26.515,94,12.998,16,398,414
2012-05-09 08:00:00,2,0,1,2,24.6,28.03,83,8.9981,29,593,622
2012-05-09 09:00:00,2,0,1,2,24.6,28.03,83,0.0,40,282,322
2012-05-09 10:00:00,2,0,1,2,25.42,30.305,65,16.9979,39,112,151
2012-05-09 11:00:00,2,0,1,2,25.42,31.06,59,19.9995,46,159,205
2012-05-09 12:00:00,2,0,1,2,25.42,31.06,57,15.0013,58,222,280
2012-05-09 13:00:00,2,0,1,2,26.24,31.06,53,16.9979,49,214,263
2012-05-09 14:00:00,2,0,1,2,26.24,31.06,53,16.9979,68,174,242
2012-05-09 15:00:00,2,0,1,2,26.24,31.06,53,7.0015,67,192,259
2012-05-09 16:00:00,2,0,1,2,27.06,31.06,50,12.998,67,291,358
2012-05-09 17:00:00,2,0,1,2,26.24,31.06,53,8.9981,77,629,706
2012-05-09 18:00:00,2,0,1,3,21.32,25.0,77,39.0007,23,352,375
2012-05-09 19:00:00,2,0,1,3,20.5,24.24,77,23.9994,3,98,101
2012-05-09 20:00:00,2,0,1,3,20.5,24.24,82,15.0013,3,48,51
2012-05-09 21:00:00,2,0,1,3,20.5,24.24,82,11.0014,3,35,38
2012-05-09 22:00:00,2,0,1,3,19.68,23.485,82,7.0015,5,60,65
2012-05-09 23:00:00,2,0,1,3,19.68,23.485,82,12.998,7,44,51
2012-05-10 00:00:00,2,0,1,3,20.5,24.24,77,11.0014,0,35,35
2012-05-10 01:00:00,2,0,1,2,19.68,23.485,88,8.9981,1,7,8
2012-05-10 02:00:00,2,0,1,2,19.68,23.485,88,7.0015,0,2,2
2012-05-10 03:00:00,2,0,1,1,18.86,22.725,88,15.0013,0,0,0
2012-05-10 04:00:00,2,0,1,1,18.86,22.725,77,12.998,0,3,3
2012-05-10 05:00:00,2,0,1,1,18.86,22.725,72,19.9995,0,19,19
2012-05-10 06:00:00,2,0,1,1,18.04,21.97,72,15.0013,6,134,140
2012-05-10 07:00:00,2,0,1,1,18.04,21.97,72,19.9995,9,391,400
2012-05-10 08:00:00,2,0,1,1,18.86,22.725,67,23.9994,28,600,628
2012-05-10 09:00:00,2,0,1,1,20.5,24.24,59,31.0009,62,298,360
2012-05-10 10:00:00,2,0,1,1,20.5,24.24,51,27.9993,42,107,149
2012-05-10 11:00:00,2,0,1,1,21.32,25.0,48,35.0008,76,177,253
2012-05-10 12:00:00,2,0,1,1,21.32,25.0,48,27.9993,66,205,271
2012-05-10 13:00:00,2,0,1,1,22.14,25.76,39,30.0026,88,230,318
2012-05-10 14:00:00,2,0,1,1,22.96,26.515,37,27.9993,62,185,247
2012-05-10 15:00:00,2,0,1,1,22.14,25.76,37,26.0027,79,192,271
2012-05-10 16:00:00,2,0,1,1,23.78,27.275,30,31.0009,86,329,415
2012-05-10 17:00:00,2,0,1,1,24.6,31.06,31,26.0027,83,649,732
2012-05-10 18:00:00,2,0,1,1,22.96,26.515,35,35.0008,108,660,768
2012-05-10 19:00:00,2,0,1,1,22.14,25.76,37,23.9994,82,471,553
2012-05-10 20:00:00,2,0,1,1,21.32,25.0,40,22.0028,60,309,369
2012-05-10 21:00:00,2,0,1,1,20.5,24.24,42,12.998,18,210,228
2012-05-10 22:00:00,2,0,1,1,20.5,24.24,42,7.0015,35,194,229
2012-05-10 23:00:00,2,0,1,1,19.68,23.485,48,7.0015,23,115,138
2012-05-11 00:00:00,2,0,1,1,18.86,22.725,55,7.0015,17,52,69
2012-05-11 01:00:00,2,0,1,1,18.86,22.725,51,8.9981,13,30,43
2012-05-11 02:00:00,2,0,1,1,18.86,22.725,44,11.0014,14,13,27
2012-05-11 03:00:00,2,0,1,1,18.86,22.725,41,19.0012,3,6,9
2012-05-11 04:00:00,2,0,1,1,17.22,21.21,50,12.998,3,3,6
2012-05-11 05:00:00,2,0,1,1,17.22,21.21,47,11.0014,1,21,22
2012-05-11 06:00:00,2,0,1,1,17.22,21.21,50,16.9979,8,128,136
2012-05-11 07:00:00,2,0,1,1,17.22,21.21,50,16.9979,7,345,352
2012-05-11 08:00:00,2,0,1,1,18.86,22.725,44,16.9979,41,578,619
2012-05-11 09:00:00,2,0,1,1,19.68,23.485,41,19.9995,35,288,323
2012-05-11 10:00:00,2,0,1,1,21.32,25.0,36,22.0028,69,137,206
2012-05-11 11:00:00,2,0,1,1,22.96,26.515,35,16.9979,88,199,287
2012-05-11 12:00:00,2,0,1,1,22.96,26.515,28,27.9993,90,258,348
2012-05-11 13:00:00,2,0,1,1,24.6,30.305,26,26.0027,100,266,366
2012-05-11 14:00:00,2,0,1,1,25.42,30.305,23,15.0013,116,215,331
2012-05-11 15:00:00,2,0,1,1,25.42,30.305,25,12.998,138,298,436
2012-05-11 16:00:00,2,0,1,1,25.42,30.305,25,22.0028,129,393,522
2012-05-11 17:00:00,2,0,1,1,26.24,30.305,23,16.9979,101,677,778
2012-05-11 18:00:00,2,0,1,1,26.24,30.305,23,19.0012,78,515,593
2012-05-11 19:00:00,2,0,1,1,26.24,30.305,23,16.9979,74,430,504
2012-05-11 20:00:00,2,0,1,1,25.42,30.305,25,8.9981,60,271,331
2012-05-11 21:00:00,2,0,1,1,24.6,30.305,28,7.0015,45,227,272
2012-05-11 22:00:00,2,0,1,1,22.96,26.515,35,15.0013,42,195,237
2012-05-11 23:00:00,2,0,1,1,22.14,25.76,37,12.998,35,145,180
2012-05-12 00:00:00,2,0,0,1,21.32,25.0,42,11.0014,26,113,139
2012-05-12 01:00:00,2,0,0,1,20.5,24.24,48,0.0,15,76,91
2012-05-12 02:00:00,2,0,0,1,18.86,22.725,59,8.9981,10,48,58
2012-05-12 03:00:00,2,0,0,1,19.68,23.485,59,0.0,14,19,33
2012-05-12 04:00:00,2,0,0,1,18.04,21.97,67,7.0015,2,5,7
2012-05-12 05:00:00,2,0,0,1,17.22,21.21,67,8.9981,4,11,15
2012-05-12 06:00:00,2,0,0,1,17.22,21.21,67,6.0032,9,20,29
2012-05-12 07:00:00,2,0,0,1,17.22,21.21,71,8.9981,11,59,70
2012-05-12 08:00:00,2,0,0,1,21.32,25.0,48,0.0,22,160,182
2012-05-12 09:00:00,2,0,0,1,22.14,25.76,49,0.0,88,245,333
2012-05-12 10:00:00,2,0,0,1,22.96,26.515,49,6.0032,131,278,409
2012-05-12 11:00:00,2,0,0,1,25.42,31.06,41,6.0032,158,364,522
2012-05-12 12:00:00,2,0,0,1,26.24,31.06,36,11.0014,207,353,560
2012-05-12 13:00:00,2,0,0,1,26.24,31.06,36,12.998,293,361,654
2012-05-12 14:00:00,2,0,0,1,27.06,31.06,36,12.998,257,355,612
2012-05-12 15:00:00,2,0,0,1,27.88,31.06,24,12.998,268,317,585
2012-05-12 16:00:00,2,0,0,2,28.7,31.82,21,12.998,253,329,582
2012-05-12 17:00:00,2,0,0,2,27.06,31.06,36,12.998,233,346,579
2012-05-12 18:00:00,2,0,0,2,27.06,31.06,31,12.998,163,383,546
2012-05-12 19:00:00,2,0,0,2,26.24,31.06,36,11.0014,165,270,435
2012-05-12 20:00:00,2,0,0,1,25.42,31.06,46,11.0014,112,170,282
2012-05-12 21:00:00,2,0,0,2,24.6,30.305,60,8.9981,74,156,230
2012-05-12 22:00:00,2,0,0,1,22.96,26.515,68,8.9981,60,212,272
2012-05-12 23:00:00,2,0,0,1,23.78,27.275,56,6.0032,43,132,175
2012-05-13 00:00:00,2,0,0,1,22.96,26.515,64,11.0014,17,74,91
2012-05-13 01:00:00,2,0,0,2,22.14,25.76,68,8.9981,22,69,91
2012-05-13 02:00:00,2,0,0,2,22.14,25.76,68,11.0014,22,60,82
2012-05-13 03:00:00,2,0,0,2,22.14,25.76,64,8.9981,3,24,27
2012-05-13 04:00:00,2,0,0,2,22.14,25.76,68,12.998,1,8,9
2012-05-13 05:00:00,2,0,0,1,21.32,25.0,72,12.998,3,4,7
2012-05-13 06:00:00,2,0,0,1,21.32,25.0,68,11.0014,6,18,24
2012-05-13 07:00:00,2,0,0,1,21.32,25.0,68,11.0014,18,42,60
2012-05-13 08:00:00,2,0,0,1,22.96,26.515,64,11.0014,30,121,151
2012-05-13 09:00:00,2,0,0,1,24.6,31.06,56,8.9981,79,143,222
2012-05-13 10:00:00,2,0,0,1,24.6,30.305,60,16.9979,128,222,350
2012-05-13 11:00:00,2,0,0,1,25.42,31.06,57,16.9979,150,279,429
2012-05-13 12:00:00,2,0,0,1,26.24,31.06,57,15.0013,188,341,529
2012-05-13 13:00:00,2,0,0,1,27.88,31.82,54,16.9979,254,348,602
2012-05-13 14:00:00,2,0,0,1,28.7,32.575,48,8.9981,229,324,553
2012-05-13 15:00:00,2,0,0,1,29.52,32.575,45,23.9994,190,306,496
2012-05-13 16:00:00,2,0,0,1,29.52,32.575,42,16.9979,226,338,564
2012-05-13 17:00:00,2,0,0,1,28.7,31.82,45,27.9993,192,288,480
2012-05-13 18:00:00,2,0,0,2,27.88,31.82,44,23.9994,131,259,390
2012-05-13 19:00:00,2,0,0,2,27.06,31.06,50,27.9993,107,232,339
2012-05-13 20:00:00,2,0,0,2,27.06,31.06,50,19.0012,68,166,234
2012-05-13 21:00:00,2,0,0,2,26.24,31.06,53,12.998,49,116,165
2012-05-13 22:00:00,2,0,0,2,25.42,30.305,61,11.0014,42,90,132
2012-05-13 23:00:00,2,0,0,2,25.42,31.06,57,15.0013,18,61,79
2012-05-14 00:00:00,2,0,1,2,24.6,31.06,56,16.9979,20,20,40
2012-05-14 01:00:00,2,0,1,2,24.6,30.305,60,19.0012,5,10,15
2012-05-14 02:00:00,2,0,1,1,24.6,30.305,60,19.9995,2,-3,-1
2012-05-14 03:00:00,2,0,1,2,23.78,27.275,68,22.0028,0,5,5
2012-05-14 04:00:00,2,0,1,2,22.14,25.76,77,15.0013,4,4,8
2012-05-14 05:00:00,2,0,1,2,22.14,25.76,77,11.0014,0,21,21
2012-05-14 06:00:00,2,0,1,3,21.32,25.0,94,19.9995,2,62,64
2012-05-14 07:00:00,2,0,1,3,21.32,25.0,94,12.998,3,74,77
2012-05-14 08:00:00,2,0,1,3,22.14,25.76,88,15.0013,1,151,152
2012-05-14 09:00:00,2,0,1,3,22.14,25.76,88,19.0012,4,106,110
2012-05-14 10:00:00,2,0,1,3,22.14,25.76,88,16.9979,6,55,61
2012-05-14 11:00:00,2,0,1,2,22.96,26.515,83,15.0013,12,59,71
2012-05-14 12:00:00,2,0,1,2,22.96,26.515,88,19.0012,52,136,188
2012-05-14 13:00:00,2,0,1,2,25.42,29.545,73,15.0013,33,142,175
2012-05-14 14:00:00,2,0,1,2,25.42,29.545,73,16.9979,41,125,166
2012-05-14 15:00:00,2,0,1,2,25.42,29.545,73,11.0014,40,157,197
2012-05-14 16:00:00,2,0,1,3,25.42,30.305,69,19.0012,20,86,106
2012-05-14 17:00:00,2,0,1,3,22.96,26.515,88,16.9979,24,199,223
2012-05-14 18:00:00,2,0,1,2,23.78,27.275,83,0.0,17,281,298
2012-05-14 19:00:00,2,0,1,3,23.78,27.275,88,8.9981,9,296,305
2012-05-14 20:00:00,2,0,1,2,23.78,27.275,88,12.998,12,179,191
2012-05-14 21:00:00,2,0,1,2,23.78,27.275,83,6.0032,7,145,152
2012-05-14 22:00:00,2,0,1,2,23.78,27.275,78,6.0032,12,118,130
2012-05-14 23:00:00,2,0,1,2,23.78,27.275,78,7.0015,10,63,73
2012-05-15 00:00:00,2,0,1,2,22.96,26.515,88,8.9981,6,26,32
2012-05-15 01:00:00,2,0,1,3,22.96,26.515,88,8.9981,6,16,22
2012-05-15 02:00:00,2,0,1,2,22.96,26.515,88,8.9981,0,7,7
2012-05-15 03:00:00,2,0,1,3,23.78,27.275,83,8.9981,2,5,7
2012-05-15 04:00:00,2,0,1,3,22.96,26.515,94,0.0,2,0,2
2012-05-15 05:00:00,2,0,1,3,22.96,26.515,94,15.0013,1,10,11
2012-05-15 06:00:00,2,0,1,3,22.96,26.515,94,15.0013,0,29,29
2012-05-15 07:00:00,2,0,1,3,22.96,26.515,94,8.9981,1,92,93
2012-05-15 08:00:00,2,0,1,2,23.78,27.275,88,6.0032,8,395,403
2012-05-15 09:00:00,2,0,1,2,23.78,27.275,88,6.0032,29,330,359
2012-05-15 10:00:00,2,0,1,1,25.42,29.545,78,7.0015,27,141,168
2012-05-15 11:00:00,2,0,1,1,26.24,29.545,78,12.998,38,185,223
2012-05-15 12:00:00,2,0,1,1,26.24,30.305,73,12.998,44,216,260
2012-05-15 13:00:00,2,0,1,3,26.24,30.305,73,12.998,35,209,244
2012-05-15 14:00:00,2,0,1,2,26.24,30.305,73,12.998,37,146,183
2012-05-15 15:00:00,2,0,1,2,28.7,32.575,61,6.0032,50,205,255
2012-05-15 16:00:00,2,0,1,1,27.88,31.82,65,11.0014,74,296,370
2012-05-15 17:00:00,2,0,1,1,27.88,31.82,65,7.0015,74,601,675
2012-05-15 18:00:00,2,0,1,1,28.7,32.575,61,6.0032,67,664,731
2012-05-15 19:00:00,2,0,1,1,27.06,31.06,69,11.0014,57,456,513
2012-05-15 20:00:00,2,0,1,3,26.24,30.305,73,8.9981,28,234,262
2012-05-15 21:00:00,2,0,1,3,26.24,30.305,73,19.0012,10,103,113
2012-05-15 22:00:00,2,0,1,1,23.78,27.275,78,15.0013,8,74,82
2012-05-15 23:00:00,2,0,1,3,22.96,26.515,88,7.0015,13,56,69
2012-05-16 00:00:00,2,0,1,2,23.78,27.275,88,0.0,12,24,36
2012-05-16 01:00:00,2,0,1,2,23.78,27.275,88,8.9981,6,15,21
2012-05-16 02:00:00,2,0,1,1,22.96,26.515,94,12.998,4,11,15
2012-05-16 03:00:00,2,0,1,1,22.96,26.515,88,7.0015,-1,1,0
2012-05-16 04:00:00,2,0,1,1,22.14,25.76,94,8.9981,1,7,8
2012-05-16 05:00:00,2,0,1,1,22.14,25.76,94,7.0015,3,33,36
2012-05-16 06:00:00,2,0,1,1,22.14,25.76,94,6.0032,5,145,150
2012-05-16 07:00:00,2,0,1,1,22.96,26.515,83,0.0,14,419,433
2012-05-16 08:00:00,2,0,1,1,23.78,27.275,83,0.0,33,616,649
2012-05-16 09:00:00,2,0,1,2,24.6,28.79,78,8.9981,32,317,349
2012-05-16 10:00:00,2,0,1,1,27.06,31.06,61,0.0,42,145,187
2012-05-16 11:00:00,2,0,1,1,28.7,32.575,54,8.9981,54,210,264
2012-05-16 12:00:00,2,0,1,1,28.7,32.575,54,12.998,60,275,335
2012-05-16 13:00:00,2,0,1,1,29.52,32.575,42,0.0,75,271,346
2012-05-16 14:00:00,2,0,1,1,29.52,32.575,42,6.0032,42,216,258
2012-05-16 15:00:00,2,0,1,2,29.52,33.335,48,7.0015,51,221,272
2012-05-16 16:00:00,2,0,1,1,29.52,32.575,45,7.0015,71,375,446
2012-05-16 17:00:00,2,0,1,1,29.52,33.335,51,12.998,104,767,871
2012-05-16 18:00:00,2,0,1,1,29.52,33.335,51,15.0013,97,747,844
2012-05-16 19:00:00,2,0,1,1,28.7,32.575,54,19.0012,90,502,592
2012-05-16 20:00:00,2,0,1,1,27.06,31.06,65,16.9979,62,397,459
2012-05-16 21:00:00,2,0,1,1,26.24,30.305,73,12.998,63,331,394
2012-05-16 22:00:00,2,0,1,1,26.24,30.305,73,11.0014,31,254,285
2012-05-16 23:00:00,2,0,1,1,25.42,29.545,78,7.0015,26,107,133
2012-05-17 00:00:00,2,0,1,1,24.6,28.79,78,8.9981,31,45,76
2012-05-17 01:00:00,2,0,1,1,24.6,28.03,83,11.0014,12,14,26
2012-05-17 02:00:00,2,0,1,1,24.6,28.79,78,11.0014,7,11,18
2012-05-17 03:00:00,2,0,1,1,24.6,29.545,73,16.9979,2,3,5
2012-05-17 04:00:00,2,0,1,1,24.6,30.305,64,22.0028,3,10,13
2012-05-17 05:00:00,2,0,1,1,22.96,26.515,68,22.0028,0,33,33
2012-05-17 06:00:00,2,0,1,1,22.14,25.76,73,23.9994,10,148,158
2012-05-17 07:00:00,2,0,1,1,22.14,25.76,73,26.0027,25,448,473
2012-05-17 08:00:00,2,0,1,1,21.32,25.0,55,30.0026,27,606,633
2012-05-17 09:00:00,2,0,1,1,22.14,25.76,52,27.9993,57,290,347
2012-05-17 10:00:00,2,0,1,1,22.96,26.515,52,16.9979,42,161,203
2012-05-17 11:00:00,2,0,1,1,23.78,27.275,49,15.0013,77,203,280
2012-05-17 12:00:00,2,0,1,1,24.6,31.06,43,12.998,71,280,351
2012-05-17 13:00:00,2,0,1,1,25.42,31.06,41,12.998,85,244,329
2012-05-17 14:00:00,2,0,1,1,26.24,31.06,38,12.998,67,201,268
2012-05-17 15:00:00,2,0,1,1,26.24,31.06,36,16.9979,83,231,314
2012-05-17 16:00:00,2,0,1,1,27.06,31.06,31,12.998,85,347,432
2012-05-17 17:00:00,2,0,1,1,27.06,31.06,31,8.9981,133,722,855
2012-05-17 18:00:00,2,0,1,1,27.06,31.06,27,11.0014,133,735,868
2012-05-17 19:00:00,2,0,1,1,26.24,31.06,31,12.998,85,447,532
2012-05-17 20:00:00,2,0,1,1,24.6,31.06,40,12.998,82,356,438
2012-05-17 21:00:00,2,0,1,1,23.78,27.275,40,7.0015,45,249,294
2012-05-17 22:00:00,2,0,1,1,22.96,26.515,43,6.0032,42,209,251
2012-05-17 23:00:00,2,0,1,1,22.14,25.76,49,8.9981,29,132,161
2012-05-18 00:00:00,2,0,1,1,21.32,25.0,59,7.0015,12,55,67
2012-05-18 01:00:00,2,0,1,1,20.5,24.24,59,6.0032,14,29,43
2012-05-18 02:00:00,2,0,1,1,19.68,23.485,67,8.9981,13,9,22
2012-05-18 03:00:00,2,0,1,1,18.86,22.725,72,6.0032,5,3,8
2012-05-18 04:00:00,2,0,1,1,18.86,22.725,77,11.0014,0,11,11
2012-05-18 05:00:00,2,0,1,1,18.86,22.725,77,7.0015,0,32,32
2012-05-18 06:00:00,2,0,1,1,18.04,21.97,77,8.9981,15,169,184
2012-05-18 07:00:00,2,0,1,1,18.86,22.725,82,7.0015,40,478,518
2012-05-18 08:00:00,2,0,1,1,21.32,25.0,59,8.9981,50,697,747
2012-05-18 09:00:00,2,0,1,1,22.96,26.515,56,7.0015,56,310,366
2012-05-18 10:00:00,2,0,1,1,24.6,31.06,46,8.9981,74,181,255
2012-05-18 11:00:00,2,0,1,1,25.42,31.06,43,0.0,108,224,332
2012-05-18 12:00:00,2,0,1,1,25.42,31.06,41,12.998,107,247,354
2012-05-18 13:00:00,2,0,1,1,26.24,31.06,36,11.0014,97,300,397
2012-05-18 14:00:00,2,0,1,1,27.06,31.06,34,8.9981,106,240,346
2012-05-18 15:00:00,2,0,1,1,27.06,31.06,36,12.998,129,269,398
2012-05-18 16:00:00,2,0,1,1,27.06,31.06,34,16.9979,151,412,563
2012-05-18 17:00:00,2,0,1,1,27.06,31.06,34,8.9981,124,686,810
2012-05-18 18:00:00,2,0,1,1,26.24,31.06,38,15.0013,99,568,667
2012-05-18 19:00:00,2,0,1,1,25.42,31.06,41,12.998,90,397,487
2012-05-18 20:00:00,2,0,1,1,25.42,31.06,41,11.0014,73,263,336
2012-05-18 21:00:00,2,0,1,1,24.6,31.06,40,0.0,49,204,253
2012-05-18 22:00:00,2,0,1,1,22.96,26.515,52,22.0028,57,196,253
2012-05-18 23:00:00,2,0,1,1,21.32,25.0,55,0.0,40,133,173
2012-05-19 00:00:00,2,0,0,1,21.32,25.0,48,7.0015,29,117,146
2012-05-19 01:00:00,2,0,0,1,20.5,24.24,48,0.0,19,84,103
2012-05-19 02:00:00,2,0,0,1,20.5,24.24,51,7.0015,13,57,70
2012-05-19 03:00:00,2,0,0,1,20.5,24.24,48,7.0015,11,26,37
2012-05-19 04:00:00,2,0,0,1,19.68,23.485,59,6.0032,5,2,7
2012-05-19 05:00:00,2,0,0,1,18.86,22.725,67,0.0,1,12,13
2012-05-19 06:00:00,2,0,0,1,18.04,21.97,72,6.0032,13,35,48
2012-05-19 07:00:00,2,0,0,1,18.86,22.725,67,7.0015,28,62,90
2012-05-19 08:00:00,2,0,0,1,21.32,25.0,52,11.0014,32,166,198
2012-05-19 09:00:00,2,0,0,1,22.96,26.515,43,11.0014,78,212,290
2012-05-19 10:00:00,2,0,0,1,22.96,26.515,43,0.0,177,281,458
2012-05-19 11:00:00,2,0,0,1,25.42,31.06,38,6.0032,236,350,586
2012-05-19 12:00:00,2,0,0,1,27.06,31.06,36,0.0,274,372,646
2012-05-19 13:00:00,2,0,0,1,28.7,31.82,37,8.9981,333,372,705
2012-05-19 14:00:00,2,0,0,1,29.52,32.575,30,6.0032,361,367,728
2012-05-19 15:00:00,2,0,0,1,29.52,32.575,30,7.0015,356,315,671
2012-05-19 16:00:00,2,0,0,1,30.34,32.575,30,7.0015,332,317,649
2012-05-19 17:00:00,2,0,0,1,30.34,32.575,30,6.0032,279,348,627
2012-05-19 18:00:00,2,0,0,1,30.34,32.575,33,6.0032,254,387,641
2012-05-19 19:00:00,2,0,0,1,28.7,31.82,39,8.9981,202,233,435
2012-05-19 20:00:00,2,0,0,1,27.88,31.82,41,6.0032,119,197,316
2012-05-19 21:00:00,2,0,0,1,26.24,31.06,50,0.0,81,177,258
2012-05-19 22:00:00,2,0,0,1,26.24,31.06,47,0.0,104,234,338
2012-05-19 23:00:00,2,0,0,1,24.6,31.06,56,11.0014,71,169,240
2012-06-01 00:00:00,2,0,1,1,27.06,31.06,50,16.9979,10,74,84
2012-06-01 01:00:00,2,0,1,1,26.24,31.06,53,15.0013,-1,35,34
2012-06-01 02:00:00,2,0,1,1,26.24,31.06,57,15.0013,4,7,11
2012-06-01 03:00:00,2,0,1,2,25.42,29.545,73,6.0032,0,8,8
2012-06-01 04:00:00,2,0,1,2,25.42,29.545,73,6.0032,2,8,10
2012-06-01 05:00:00,2,0,1,2,25.42,29.545,78,6.0032,3,37,40
2012-06-01 06:00:00,2,0,1,3,25.42,28.03,88,8.9981,5,134,139
2012-06-01 07:00:00,2,0,1,2,26.24,28.79,89,12.998,34,369,403
2012-06-01 08:00:00,2,0,1,2,26.24,28.79,89,12.998,18,673,691
2012-06-01 09:00:00,2,0,1,2,26.24,28.79,83,15.0013,22,272,294
2012-06-01 10:00:00,2,0,1,2,27.06,30.305,78,19.0012,47,157,204
2012-06-01 11:00:00,2,0,1,2,28.7,33.335,74,19.0012,41,193,234
2012-06-01 12:00:00,2,0,1,2,28.7,33.335,74,23.9994,70,239,309
2012-06-01 13:00:00,2,0,1,1,29.52,34.09,70,19.9995,75,239,314
2012-06-01 14:00:00,2,0,1,3,29.52,34.09,66,19.0012,53,203,256
2012-06-01 15:00:00,2,0,1,3,29.52,34.09,66,19.0012,45,211,256
2012-06-01 16:00:00,2,0,1,3,30.34,34.09,58,30.0026,35,188,223
2012-06-01 17:00:00,2,0,1,3,28.7,32.575,70,16.9979,23,201,224
2012-06-01 18:00:00,2,0,1,3,25.42,28.03,88,23.9994,10,106,116
2012-06-01 19:00:00,2,0,1,3,25.42,28.03,88,23.9994,1,43,44
2012-06-01 20:00:00,2,0,1,3,25.42,27.275,94,16.9979,1,37,38
2012-06-01 21:00:00,2,0,1,3,26.24,29.545,78,16.9979,12,71,83
2012-06-01 22:00:00,2,0,1,3,24.6,27.275,88,8.9981,0,22,22
2012-06-01 23:00:00,2,0,1,3,24.6,27.275,88,8.9981,5,63,68
2012-06-02 00:00:00,2,0,0,2,22.96,26.515,83,8.9981,3,81,84
2012-06-02 01:00:00,2,0,0,2,22.96,26.515,83,7.0015,14,55,69
2012-06-02 02:00:00,2,0,0,2,22.14,25.76,88,0.0,2,39,41
2012-06-02 03:00:00,2,0,0,1,22.96,26.515,73,16.9979,6,18,24
2012-06-02 04:00:00,2,0,0,1,22.14,25.76,68,19.0012,1,14,15
2012-06-02 05:00:00,2,0,0,1,20.5,24.24,72,12.998,0,12,12
2012-06-02 06:00:00,2,0,0,2,20.5,24.24,77,12.998,4,33,37
2012-06-02 07:00:00,2,0,0,1,21.32,25.0,72,7.0015,6,80,86
2012-06-02 08:00:00,2,0,0,1,22.14,25.76,64,11.0014,31,177,208
2012-06-02 09:00:00,2,0,0,1,22.96,26.515,60,16.9979,90,243,333
2012-06-02 10:00:00,2,0,0,1,24.6,31.06,53,19.9995,144,343,487
2012-06-02 11:00:00,2,0,0,1,23.78,27.275,46,19.0012,179,356,535
2012-06-02 12:00:00,2,0,0,1,25.42,31.06,43,23.9994,248,418,666
2012-06-02 13:00:00,2,0,0,1,25.42,31.06,41,16.9979,279,401,680
2012-06-02 14:00:00,2,0,0,1,26.24,31.06,38,19.9995,260,390,650
2012-06-02 15:00:00,2,0,0,1,26.24,31.06,38,16.9979,297,408,705
2012-06-02 16:00:00,2,0,0,1,26.24,31.06,38,16.9979,276,369,645
2012-06-02 17:00:00,2,0,0,1,26.24,31.06,36,0.0,246,338,584
2012-06-02 18:00:00,2,0,0,1,26.24,31.06,36,0.0,172,342,514
2012-06-02 19:00:00,2,0,0,1,26.24,31.06,36,11.0014,185,367,552
2012-06-02 20:00:00,2,0,0,1,25.42,31.06,35,19.0012,139,261,400
2012-06-02 21:00:00,2,0,0,1,24.6,31.06,40,7.0015,97,213,310
2012-06-02 22:00:00,2,0,0,1,23.78,27.275,46,8.9981,50,180,230
2012-06-02 23:00:00,2,0,0,1,22.96,26.515,52,7.0015,54,185,239
2012-06-03 00:00:00,2,0,0,1,22.14,25.76,60,11.0014,26,139,165
2012-06-03 01:00:00,2,0,0,1,22.14,25.76,56,8.9981,19,97,116
2012-06-03 02:00:00,2,0,0,1,21.32,25.0,59,7.0015,22,64,86
2012-06-03 03:00:00,2,0,0,1,21.32,25.0,63,7.0015,16,36,52
2012-06-03 04:00:00,2,0,0,1,20.5,24.24,72,6.0032,0,14,14
2012-06-03 05:00:00,2,0,0,1,20.5,24.24,68,0.0,1,13,14
2012-06-03 06:00:00,2,0,0,1,18.86,22.725,82,7.0015,5,18,23
2012-06-03 07:00:00,2,0,0,1,20.5,24.24,68,7.0015,6,30,36
2012-06-03 08:00:00,2,0,0,1,22.14,25.76,60,6.0032,29,105,134
2012-06-03 09:00:00,2,0,0,1,24.6,31.06,46,12.998,69,227,296
2012-06-03 10:00:00,2,0,0,1,25.42,31.06,43,15.0013,125,276,401
2012-06-03 11:00:00,2,0,0,1,26.24,31.06,41,16.9979,197,315,512
2012-06-03 12:00:00,2,0,0,1,27.06,31.06,39,19.9995,276,409,685
2012-06-03 13:00:00,2,0,0,1,27.88,31.82,36,19.0012,265,415,680
2012-06-03 14:00:00,2,0,0,1,27.88,31.82,36,22.0028,268,414,682
2012-06-03 15:00:00,2,0,0,1,28.7,31.82,34,0.0,236,415,651
2012-06-03 16:00:00,2,0,0,1,28.7,31.82,34,19.9995,225,437,662
2012-06-03 17:00:00,2,0,0,1,28.7,31.82,34,16.9979,191,383,574
2012-06-03 18:00:00,2,0,0,1,28.7,31.82,34,16.9979,153,341,494
2012-06-03 19:00:00,2,0,0,1,27.88,31.82,34,19.0012,116,333,449
2012-06-03 20:00:00,2,0,0,1,27.06,31.06,39,12.998,85,230,315
2012-06-03 21:00:00,2,0,0,1,25.42,31.06,43,11.0014,66,179,245
2012-06-03 22:00:00,2,0,0,1,25.42,31.06,50,26.0027,62,167,229
2012-06-03 23:00:00,2,0,0,1,23.78,27.275,53,7.0015,25,80,105
2012-06-04 00:00:00,2,0,1,1,23.78,27.275,53,0.0,9,39,48
2012-06-04 01:00:00,2,0,1,3,22.96,26.515,60,11.0014,3,16,19
2012-06-04 02:00:00,2,0,1,1,22.96,26.515,60,15.0013,1,6,7
2012-06-04 03:00:00,2,0,1,2,22.96,26.515,60,11.0014,0,5,5
2012-06-04 04:00:00,2,0,1,1,22.14,25.76,64,6.0032,2,4,6
2012-06-04 05:00:00,2,0,1,1,21.32,25.0,68,0.0,2,29,31
2012-06-04 06:00:00,2,0,1,1,21.32,25.0,68,0.0,6,139,145
2012-06-04 07:00:00,2,0,1,1,22.96,26.515,60,15.0013,14,503,517
2012-06-04 08:00:00,2,0,1,1,24.6,31.06,49,15.0013,21,633,654
2012-06-04 09:00:00,2,0,1,1,25.42,31.06,43,19.0012,39,241,280
2012-06-04 10:00:00,2,0,1,1,26.24,31.06,41,31.0009,67,121,188
2012-06-04 11:00:00,2,0,1,1,26.24,31.06,38,32.9975,71,173,244
2012-06-04 12:00:00,2,0,1,1,26.24,31.06,41,30.0026,62,220,282
2012-06-04 13:00:00,2,0,1,1,26.24,31.06,41,23.9994,85,187,272
2012-06-04 14:00:00,2,0,1,1,25.42,31.06,41,32.9975,84,183,267
2012-06-04 15:00:00,2,0,1,1,27.06,31.06,39,19.9995,76,217,293
2012-06-04 16:00:00,2,0,1,1,27.06,31.06,39,31.0009,73,377,450
2012-06-04 17:00:00,2,0,1,1,26.24,31.06,38,30.0026,102,735,837
2012-06-04 18:00:00,2,0,1,1,26.24,31.06,38,26.0027,101,719,820
2012-06-04 19:00:00,2,0,1,1,25.42,31.06,38,27.9993,90,552,642
2012-06-04 20:00:00,2,0,1,1,24.6,31.06,40,23.9994,70,387,457
2012-06-04 21:00:00,2,0,1,1,23.78,27.275,49,16.9979,38,224,262
2012-06-04 22:00:00,2,0,1,1,22.96,26.515,52,19.0012,41,132,173
2012-06-04 23:00:00,2,0,1,1,23.78,27.275,49,19.9995,5,75,80
2012-06-05 00:00:00,2,0,1,1,22.14,25.76,68,27.9993,5,26,31
2012-06-05 01:00:00,2,0,1,2,21.32,25.0,77,22.0028,1,14,15
2012-06-05 02:00:00,2,0,1,3,21.32,25.0,72,19.9995,0,10,10
2012-06-05 03:00:00,2,0,1,3,20.5,24.24,82,12.998,1,-3,-2
2012-06-05 04:00:00,2,0,1,3,20.5,24.24,82,12.998,-1,4,3
2012-06-05 05:00:00,2,0,1,3,19.68,23.485,82,11.0014,0,28,28
2012-06-05 06:00:00,2,0,1,1,19.68,23.485,82,16.9979,6,181,187
2012-06-05 07:00:00,2,0,1,1,19.68,23.485,77,19.9995,27,544,571
2012-06-05 08:00:00,2,0,1,2,19.68,23.485,77,15.0013,29,682,711
2012-06-05 09:00:00,2,0,1,2,21.32,25.0,72,16.9979,50,288,338
2012-06-05 10:00:00,2,0,1,2,21.32,25.0,63,19.9995,58,121,179
2012-06-05 11:00:00,2,0,1,2,22.96,26.515,56,12.998,65,163,228
2012-06-05 12:00:00,2,0,1,2,22.14,25.76,56,15.0013,43,203,246
2012-06-05 13:00:00,2,0,1,2,24.6,31.06,46,11.0014,67,199,266
2012-06-05 14:00:00,2,0,1,2,23.78,27.275,46,11.0014,82,189,271
2012-06-05 15:00:00,2,0,1,2,23.78,27.275,46,8.9981,54,220,274
2012-06-05 16:00:00,2,0,1,1,24.6,31.06,43,12.998,92,385,477
2012-06-05 17:00:00,2,0,1,1,24.6,31.06,43,0.0,84,764,848
2012-06-05 18:00:00,2,0,1,1,24.6,31.06,43,12.998,110,667,777
2012-06-05 19:00:00,2,0,1,1,23.78,27.275,46,16.9979,68,442,510
2012-06-05 20:00:00,2,0,1,1,22.96,26.515,49,15.0013,43,369,412
2012-06-05 21:00:00,2,0,1,1,22.14,25.76,56,11.0014,29,254,283
2012-06-05 22:00:00,2,0,1,1,22.96,26.515,52,7.0015,23,172,195
2012-06-05 23:00:00,2,0,1,1,22.14,25.76,56,6.0032,21,90,111
2012-06-06 00:00:00,2,0,1,1,21.32,25.0,59,6.0032,3,47,50
2012-06-06 01:00:00,2,0,1,1,21.32,25.0,68,0.0,5,17,22
2012-06-06 02:00:00,2,0,1,1,20.5,24.24,68,0.0,3,4,7
2012-06-06 03:00:00,2,0,1,1,18.86,22.725,82,0.0,0,9,9
2012-06-06 04:00:00,2,0,1,1,18.86,22.725,82,7.0015,3,4,7
2012-06-06 05:00:00,2,0,1,1,19.68,23.485,77,0.0,1,39,40
2012-06-06 06:00:00,2,0,1,1,19.68,23.485,77,0.0,8,163,171
2012-06-06 07:00:00,2,0,1,1,20.5,24.24,72,0.0,13,535,548
2012-06-06 08:00:00,2,0,1,1,22.14,25.76,68,0.0,30,636,666
2012-06-06 09:00:00,2,0,1,1,22.96,26.515,60,6.0032,33,263,296
2012-06-06 10:00:00,2,0,1,1,24.6,31.06,46,6.0032,56,149,205
2012-06-06 11:00:00,2,0,1,1,25.42,31.06,43,6.0032,63,164,227
2012-06-06 12:00:00,2,0,1,1,25.42,31.06,38,0.0,79,227,306
2012-06-06 13:00:00,2,0,1,1,25.42,31.06,41,6.0032,71,223,294
2012-06-06 14:00:00,2,0,1,1,26.24,31.06,38,0.0,110,193,303
2012-06-06 15:00:00,2,0,1,1,26.24,31.06,38,0.0,73,225,298
2012-06-06 16:00:00,2,0,1,1,26.24,31.06,41,8.9981,107,348,455
2012-06-06 17:00:00,2,0,1,1,25.42,31.06,43,8.9981,70,653,723
2012-06-06 18:00:00,2,0,1,3,24.6,31.06,53,12.998,92,687,779
2012-06-06 19:00:00,2,0,1,1,22.96,26.515,73,19.9995,52,483,535
2012-06-06 20:00:00,2,0,1,1,22.14,25.76,73,19.0012,58,344,402
2012-06-06 21:00:00,2,0,1,1,22.14,25.76,73,11.0014,37,263,300
2012-06-06 22:00:00,2,0,1,1,21.32,25.0,77,6.0032,27,223,250
2012-06-06 23:00:00,2,0,1,1,21.32,25.0,77,0.0,13,109,122
2012-06-07 00:00:00,2,0,1,1,21.32,25.0,77,8.9981,10,43,53
2012-06-07 01:00:00,2,0,1,1,21.32,25.0,77,11.0014,8,16,24
2012-06-07 02:00:00,2,0,1,1,21.32,25.0,77,6.0032,0,10,10
2012-06-07 03:00:00,2,0,1,1,20.5,24.24,77,7.0015,0,6,6
2012-06-07 04:00:00,2,0,1,1,18.86,22.725,88,7.0015,0,7,7
2012-06-07 05:00:00,2,0,1,1,19.68,23.485,82,6.0032,0,35,35
2012-06-07 06:00:00,2,0,1,1,18.86,22.725,88,7.0015,3,164,167
2012-06-07 07:00:00,2,0,1,1,20.5,24.24,82,11.0014,18,507,525
2012-06-07 08:00:00,2,0,1,1,21.32,25.0,77,0.0,17,661,678
2012-06-07 09:00:00,2,0,1,1,23.78,27.275,68,0.0,36,297,333
2012-06-07 10:00:00,2,0,1,1,24.6,30.305,64,6.0032,55,160,215
2012-06-07 11:00:00,2,0,1,1,27.06,31.06,47,15.0013,66,169,235
2012-06-07 12:00:00,2,0,1,1,28.7,31.82,42,0.0,62,276,338
2012-06-07 13:00:00,2,0,1,1,28.7,31.82,37,19.0012,63,251,314
2012-06-07 14:00:00,2,0,1,1,29.52,32.575,37,16.9979,67,204,271
2012-06-07 15:00:00,2,0,1,1,30.34,32.575,30,0.0,98,231,329
2012-06-07 16:00:00,2,0,1,1,29.52,32.575,34,15.0013,76,389,465
2012-06-07 17:00:00,2,0,1,1,29.52,32.575,34,16.9979,90,776,866
2012-06-07 18:00:00,2,0,1,1,28.7,31.82,34,19.0012,110,701,811
2012-06-07 19:00:00,2,0,1,1,28.7,31.82,34,19.0012,66,540,606
2012-06-07 20:00:00,2,0,1,1,27.06,31.06,36,19.9995,74,401,475
2012-06-07 21:00:00,2,0,1,1,25.42,31.06,41,22.0028,29,278,307
2012-06-07 22:00:00,2,0,1,1,24.6,31.06,46,11.0014,34,195,229
2012-06-07 23:00:00,2,0,1,1,22.96,26.515,52,8.9981,42,134,176
2012-06-08 00:00:00,2,0,1,1,22.96,26.515,56,11.0014,19,61,80
2012-06-08 01:00:00,2,0,1,1,22.96,26.515,56,11.0014,3,25,28
2012-06-08 02:00:00,2,0,1,1,22.96,26.515,56,0.0,2,15,17
2012-06-08 03:00:00,2,0,1,1,22.14,25.76,60,6.0032,0,10,10
2012-06-08 04:00:00,2,0,1,1,21.32,25.0,63,0.0,1,9,10
2012-06-08 05:00:00,2,0,1,1,20.5,24.24,72,7.0015,1,27,28
2012-06-08 06:00:00,2,0,1,1,21.32,25.0,68,6.0032,7,130,137
2012-06-08 07:00:00,2,0,1,1,21.32,25.0,72,7.0015,18,405,423
2012-06-08 08:00:00,2,0,1,1,23.78,27.275,60,6.0032,36,660,696
2012-06-08 09:00:00,2,0,1,1,25.42,31.06,53,11.0014,46,335,381
2012-06-08 10:00:00,2,0,1,1,27.06,31.06,47,16.9979,61,184,245
2012-06-08 11:00:00,2,0,1,1,28.7,31.82,42,16.9979,65,196,261
2012-06-08 12:00:00,2,0,1,1,29.52,32.575,39,22.0028,91,277,368
2012-06-08 13:00:00,2,0,1,1,30.34,32.575,37,16.9979,127,289,416
2012-06-08 14:00:00,2,0,1,1,31.16,33.335,31,26.0027,128,247,375
2012-06-08 15:00:00,2,0,1,1,31.16,33.335,29,19.0012,97,298,395
2012-06-08 16:00:00,2,0,1,1,31.16,33.335,29,19.9995,111,416,527
2012-06-08 17:00:00,2,0,1,1,31.16,33.335,29,12.998,114,679,793
2012-06-08 18:00:00,2,0,1,1,31.16,33.335,27,15.0013,146,575,721
2012-06-08 19:00:00,2,0,1,1,30.34,32.575,30,15.0013,94,465,559
2012-06-08 20:00:00,2,0,1,1,29.52,32.575,32,8.9981,114,291,405
2012-06-08 21:00:00,2,0,1,1,28.7,31.82,37,8.9981,83,260,343
2012-06-08 22:00:00,2,0,1,1,27.88,31.82,41,7.0015,61,226,287
2012-06-08 23:00:00,2,0,1,1,26.24,31.06,57,11.0014,51,164,215
2012-06-09 00:00:00,2,0,0,1,26.24,31.06,53,7.0015,54,151,205
2012-06-09 01:00:00,2,0,0,1,26.24,31.06,53,6.0032,33,84,117
2012-06-09 02:00:00,2,0,0,1,26.24,31.06,50,15.0013,20,62,82
2012-06-09 03:00:00,2,0,0,1,25.42,31.06,57,0.0,12,26,38
2012-06-09 04:00:00,2,0,0,1,25.42,31.06,57,0.0,2,9,11
2012-06-09 05:00:00,2,0,0,1,24.6,31.06,56,7.0015,5,14,19
2012-06-09 06:00:00,2,0,0,1,22.96,26.515,64,7.0015,17,57,74
2012-06-09 07:00:00,2,0,0,1,23.78,27.275,64,7.0015,27,58,85
2012-06-09 08:00:00,2,0,0,1,25.42,30.305,61,7.0015,41,202,243
2012-06-09 09:00:00,2,0,0,1,26.24,31.06,57,11.0014,98,244,342
2012-06-09 10:00:00,2,0,0,1,28.7,32.575,51,7.0015,169,296,465
2012-06-09 11:00:00,2,0,0,1,31.16,33.335,35,0.0,217,355,572
2012-06-09 12:00:00,2,0,0,1,32.8,34.85,29,16.9979,196,334,530
2012-06-09 13:00:00,2,0,0,1,33.62,34.85,24,19.0012,234,350,584
2012-06-09 14:00:00,2,0,0,1,33.62,34.85,23,12.998,240,350,590
2012-06-09 15:00:00,2,0,0,1,34.44,35.605,20,19.9995,219,335,554
2012-06-09 16:00:00,2,0,0,1,33.62,34.85,24,12.998,219,312,531
2012-06-09 17:00:00,2,0,0,1,34.44,35.605,24,0.0,238,252,490
2012-06-09 18:00:00,2,0,0,1,33.62,34.85,24,15.0013,175,276,451
2012-06-09 19:00:00,2,0,0,1,32.8,34.85,29,11.0014,127,229,356
2012-06-09 20:00:00,2,0,0,1,31.16,33.335,35,15.0013,126,237,363
2012-06-09 21:00:00,2,0,0,1,30.34,32.575,40,12.998,106,210,316
2012-06-09 22:00:00,2,0,0,1,28.7,32.575,58,11.0014,63,151,214
2012-06-09 23:00:00,2,0,0,1,27.88,31.82,61,11.0014,69,163,232
2012-06-10 00:00:00,2,0,0,1,27.06,31.06,69,7.0015,33,123,156
2012-06-10 01:00:00,2,0,0,1,26.24,30.305,73,8.9981,32,89,121
2012-06-10 02:00:00,2,0,0,1,26.24,30.305,69,8.9981,16,56,72
2012-06-10 03:00:00,2,0,0,1,26.24,30.305,73,7.0015,5,18,23
2012-06-10 04:00:00,2,0,0,1,25.42,29.545,78,6.0032,1,12,13
2012-06-10 05:00:00,2,0,0,1,25.42,30.305,69,6.0032,1,13,14
2012-06-10 06:00:00,2,0,0,1,25.42,29.545,73,0.0,4,25,29
2012-06-10 07:00:00,2,0,0,1,24.6,28.79,78,7.0015,20,41,61
2012-06-10 08:00:00,2,0,0,1,26.24,30.305,73,6.0032,59,121,180
2012-06-10 09:00:00,2,0,0,1,28.7,32.575,58,0.0,93,171,264
2012-06-10 10:00:00,2,0,0,1,31.16,34.09,40,7.0015,149,258,407
2012-06-10 11:00:00,2,0,0,1,31.16,34.09,45,6.0032,184,318,502
2012-06-10 12:00:00,2,0,0,1,33.62,35.605,30,0.0,172,329,501
2012-06-10 13:00:00,2,0,0,1,34.44,36.365,28,8.9981,203,286,489
2012-06-10 14:00:00,2,0,0,1,34.44,36.365,30,8.9981,185,313,498
2012-06-10 15:00:00,2,0,0,1,34.44,36.365,30,15.0013,159,314,473
2012-06-10 16:00:00,2,0,0,1,34.44,37.12,36,19.0012,172,336,508
2012-06-10 17:00:00,2,0,0,1,33.62,37.12,41,19.0012,184,338,522
2012-06-10 18:00:00,2,0,0,1,33.62,36.365,38,15.0013,164,329,493
2012-06-10 19:00:00,2,0,0,1,33.62,35.605,28,19.0012,116,258,374
2012-06-10 20:00:00,2,0,0,1,31.16,34.09,48,11.0014,112,246,358
2012-06-10 21:00:00,2,0,0,1,29.52,34.09,62,11.0014,83,166,249
2012-06-10 22:00:00,2,0,0,1,28.7,32.575,65,11.0014,41,118,159
2012-06-10 23:00:00,2,0,0,1,29.52,33.335,58,7.0015,28,77,105
2012-06-11 00:00:00,2,0,1,1,28.7,32.575,65,7.0015,9,32,41
2012-06-11 01:00:00,2,0,1,1,27.06,31.06,74,11.0014,7,17,24
2012-06-11 02:00:00,2,0,1,1,27.06,31.06,74,7.0015,4,10,14
2012-06-11 03:00:00,2,0,1,1,26.24,29.545,78,7.0015,0,7,7
2012-06-11 04:00:00,2,0,1,1,26.24,29.545,78,8.9981,0,1,1
2012-06-11 05:00:00,2,0,1,1,26.24,29.545,78,8.9981,0,33,33
2012-06-11 06:00:00,2,0,1,1,25.42,28.79,83,7.0015,7,137,144
2012-06-11 07:00:00,2,0,1,1,26.24,29.545,78,7.0015,25,477,502
2012-06-11 08:00:00,2,0,1,1,27.06,31.06,74,8.9981,38,617,655
2012-06-11 09:00:00,2,0,1,1,28.7,32.575,65,8.9981,57,260,317
2012-06-11 10:00:00,2,0,1,1,29.52,34.09,62,11.0014,52,92,144
2012-06-11 11:00:00,2,0,1,2,31.16,34.09,48,15.0013,59,142,201
2012-06-11 12:00:00,2,0,1,2,32.8,36.365,43,12.998,62,196,258
2012-06-11 13:00:00,2,0,1,2,32.8,35.605,41,19.9995,62,187,249
2012-06-11 14:00:00,2,0,1,2,33.62,36.365,34,19.0012,66,196,262
2012-06-11 15:00:00,2,0,1,1,32.8,35.605,41,23.9994,71,185,256
2012-06-11 16:00:00,2,0,1,2,32.8,35.605,41,27.9993,85,339,424
2012-06-11 17:00:00,2,0,1,2,32.8,35.605,41,23.9994,83,713,796
2012-06-11 18:00:00,2,0,1,2,32.8,36.365,43,19.9995,104,722,826
2012-06-11 19:00:00,2,0,1,2,31.16,34.09,48,22.0028,89,505,594
2012-06-11 20:00:00,2,0,1,2,30.34,33.335,48,15.0013,64,337,401
2012-06-11 21:00:00,2,0,1,2,29.52,33.335,58,12.998,32,215,247
2012-06-11 22:00:00,2,0,1,2,29.52,33.335,58,12.998,20,145,165
2012-06-11 23:00:00,2,0,1,2,28.7,32.575,58,15.0013,7,72,79
2012-06-12 00:00:00,2,0,1,2,28.7,32.575,58,15.0013,2,27,29
2012-06-12 01:00:00,2,0,1,2,27.88,31.82,65,11.0014,4,9,13
2012-06-12 02:00:00,2,0,1,2,27.88,31.82,65,12.998,0,5,5
2012-06-12 03:00:00,2,0,1,2,27.06,31.06,69,16.9979,3,13,16
2012-06-12 04:00:00,2,0,1,3,24.6,27.275,88,11.0014,-1,6,5
2012-06-12 05:00:00,2,0,1,3,24.6,27.275,88,8.9981,1,19,20
2012-06-12 06:00:00,2,0,1,2,24.6,27.275,88,8.9981,4,132,136
2012-06-12 07:00:00,2,0,1,3,25.42,28.03,88,16.9979,16,284,300
2012-06-12 08:00:00,2,0,1,2,25.42,28.03,88,15.0013,16,600,616
2012-06-12 09:00:00,2,0,1,2,26.24,28.79,89,19.0012,30,250,280
2012-06-12 10:00:00,2,0,1,3,26.24,28.79,89,19.0012,31,98,129
2012-06-12 11:00:00,2,0,1,3,27.06,30.305,83,23.9994,7,55,62
2012-06-12 12:00:00,2,0,1,3,27.06,30.305,83,16.9979,18,75,93
2012-06-12 13:00:00,2,0,1,3,27.06,30.305,83,12.998,11,47,58
2012-06-12 14:00:00,2,0,1,3,26.24,28.79,89,16.9979,10,48,58
2012-06-12 15:00:00,2,0,1,3,27.06,29.545,89,12.998,23,98,121
2012-06-12 16:00:00,2,0,1,2,27.06,29.545,89,19.0012,28,211,239
2012-06-12 17:00:00,2,0,1,2,27.06,29.545,89,19.0012,58,625,683
2012-06-12 18:00:00,2,0,1,1,27.88,31.82,83,12.998,59,591,650
2012-06-12 19:00:00,2,0,1,1,27.88,31.82,83,12.998,47,442,489
2012-06-12 20:00:00,2,0,1,1,27.88,31.82,83,12.998,34,344,378
2012-06-12 21:00:00,2,0,1,1,27.88,31.82,83,7.0015,40,235,275
2012-06-12 22:00:00,2,0,1,1,27.06,29.545,94,7.0015,19,193,212
2012-06-12 23:00:00,2,0,1,3,27.06,29.545,94,15.0013,12,75,87
2012-06-13 00:00:00,2,0,1,2,27.06,29.545,94,12.998,8,20,28
2012-06-13 01:00:00,2,0,1,1,26.24,29.545,78,0.0,7,22,29
2012-06-13 02:00:00,2,0,1,1,25.42,28.79,83,8.9981,0,6,6
2012-06-13 03:00:00,2,0,1,1,25.42,28.79,83,12.998,0,10,10
2012-06-13 04:00:00,2,0,1,1,24.6,28.03,83,8.9981,1,7,8
2012-06-13 05:00:00,2,0,1,1,24.6,28.03,83,12.998,2,38,40
2012-06-13 06:00:00,2,0,1,1,24.6,28.03,83,15.0013,7,188,195
2012-06-13 07:00:00,2,0,1,1,24.6,28.03,83,19.9995,24,480,504
2012-06-13 08:00:00,2,0,1,2,25.42,29.545,73,35.0008,40,671,711
2012-06-13 09:00:00,2,0,1,2,26.24,30.305,69,39.0007,53,301,354
2012-06-13 10:00:00,2,0,1,2,26.24,30.305,65,27.9993,63,133,196
2012-06-13 11:00:00,2,0,1,2,27.06,31.06,54,30.0026,64,181,245
2012-06-13 12:00:00,2,0,1,2,27.88,31.82,44,27.9993,93,240,333
2012-06-13 13:00:00,2,0,1,2,28.7,31.82,45,26.0027,53,196,249
2012-06-13 14:00:00,2,0,1,2,29.52,32.575,37,27.9993,96,221,317
2012-06-13 15:00:00,2,0,1,1,29.52,32.575,32,32.9975,65,213,278
2012-06-13 16:00:00,2,0,1,1,29.52,32.575,30,32.9975,74,317,391
2012-06-13 17:00:00,2,0,1,1,29.52,32.575,32,32.9975,75,781,856
2012-06-13 18:00:00,2,0,1,1,29.52,32.575,32,30.0026,103,640,743
2012-06-13 19:00:00,2,0,1,1,28.7,31.82,34,26.0027,120,550,670
2012-06-13 20:00:00,2,0,1,1,27.88,31.82,36,27.9993,86,361,447
2012-06-13 21:00:00,2,0,1,1,26.24,31.06,44,23.9994,77,315,392
2012-06-13 22:00:00,2,0,1,1,25.42,31.06,50,19.9995,29,207,236
2012-06-13 23:00:00,2,0,1,1,25.42,31.06,50,19.0012,25,121,146
2012-06-14 00:00:00,2,0,1,1,24.6,31.06,53,19.9995,1,41,42
2012-06-14 01:00:00,2,0,1,1,24.6,31.06,56,15.0013,5,15,20
2012-06-14 02:00:00,2,0,1,2,25.42,31.06,53,16.9979,0,3,3
2012-06-14 03:00:00,2,0,1,2,25.42,31.06,53,19.0012,1,4,5
2012-06-14 04:00:00,2,0,1,2,24.6,31.06,56,16.9979,0,7,7
2012-06-14 05:00:00,2,0,1,2,24.6,31.06,56,16.9979,1,42,43
2012-06-14 06:00:00,2,0,1,1,23.78,27.275,60,19.0012,12,162,174
2012-06-14 07:00:00,2,0,1,1,24.6,30.305,60,19.0012,27,481,508
2012-06-14 08:00:00,2,0,1,1,24.6,30.305,64,22.0028,36,683,719
2012-06-14 09:00:00,2,0,1,1,25.42,30.305,61,15.0013,46,312,358
2012-06-14 10:00:00,2,0,1,1,26.24,30.305,65,27.9993,48,129,177
2012-06-14 11:00:00,2,0,1,1,27.06,31.06,57,16.9979,60,167,227
2012-06-14 12:00:00,2,0,1,2,27.06,31.06,61,15.0013,56,203,259
2012-06-14 13:00:00,2,0,1,1,27.88,31.82,57,11.0014,69,217,286
2012-06-14 14:00:00,2,0,1,1,28.7,32.575,54,19.0012,84,211,295
2012-06-14 15:00:00,2,0,1,1,30.34,33.335,48,19.9995,110,210,320
2012-06-14 16:00:00,2,0,1,1,29.52,33.335,51,19.0012,68,374,442
2012-06-14 17:00:00,2,0,1,1,29.52,33.335,48,15.0013,117,746,863
2012-06-14 18:00:00,2,0,1,1,30.34,33.335,42,12.998,106,713,819
2012-06-14 19:00:00,2,0,1,1,28.7,32.575,48,16.9979,96,478,574
2012-06-14 20:00:00,2,0,1,1,27.06,31.06,65,16.9979,85,347,432
2012-06-14 21:00:00,2,0,1,1,26.24,30.305,65,11.0014,65,267,332
2012-06-14 22:00:00,2,0,1,2,26.24,30.305,65,15.0013,45,197,242
2012-06-14 23:00:00,2,0,1,2,25.42,30.305,69,11.0014,34,135,169
2012-06-15 00:00:00,2,0,1,1,24.6,29.545,73,11.0014,25,71,96
2012-06-15 01:00:00,2,0,1,1,23.78,27.275,78,12.998,8,41,49
2012-06-15 02:00:00,2,0,1,1,22.96,26.515,83,7.0015,0,16,16
2012-06-15 03:00:00,2,0,1,1,22.96,26.515,83,11.0014,1,1,2
2012-06-15 04:00:00,2,0,1,1,22.96,26.515,83,11.0014,2,13,15
2012-06-15 05:00:00,2,0,1,1,22.14,25.76,88,7.0015,2,32,34
2012-06-15 06:00:00,2,0,1,1,22.14,25.76,83,8.9981,11,141,152
2012-06-15 07:00:00,2,0,1,1,22.96,26.515,83,11.0014,16,411,427
2012-06-15 08:00:00,2,0,1,1,24.6,29.545,69,11.0014,43,610,653
2012-06-15 09:00:00,2,0,1,1,25.42,30.305,65,11.0014,57,308,365
2012-06-15 10:00:00,2,0,1,1,26.24,31.06,57,11.0014,57,163,220
2012-06-15 11:00:00,2,0,1,1,27.06,31.06,50,12.998,105,178,283
2012-06-15 12:00:00,2,0,1,1,28.7,31.82,45,11.0014,110,291,401
2012-06-15 13:00:00,2,0,1,1,28.7,31.82,42,16.9979,121,272,393
2012-06-15 14:00:00,2,0,1,1,29.52,32.575,39,12.998,121,256,377
2012-06-15 15:00:00,2,0,1,1,29.52,32.575,39,12.998,107,271,378
2012-06-15 16:00:00,2,0,1,1,29.52,32.575,37,12.998,131,427,558
2012-06-15 17:00:00,2,0,1,1,30.34,32.575,37,19.0012,125,694,819
2012-06-15 18:00:00,2,0,1,1,29.52,32.575,39,15.0013,121,567,688
2012-06-15 19:00:00,2,0,1,1,28.7,31.82,42,11.0014,97,363,460
2012-06-15 20:00:00,2,0,1,1,27.88,31.82,44,12.998,87,293,380
2012-06-15 21:00:00,2,0,1,1,27.06,31.06,50,7.0015,82,247,329
2012-06-15 22:00:00,2,0,1,1,26.24,31.06,53,8.9981,79,246,325
2012-06-15 23:00:00,2,0,1,1,25.42,31.06,53,16.9979,45,178,223
2012-06-16 00:00:00,2,0,0,1,23.78,27.275,56,8.9981,24,112,136
2012-06-16 01:00:00,2,0,0,1,22.96,26.515,56,0.0,15,80,95
2012-06-16 02:00:00,2,0,0,1,23.78,27.275,53,0.0,11,56,67
2012-06-16 03:00:00,2,0,0,1,22.96,26.515,60,6.0032,7,15,22
2012-06-16 04:00:00,2,0,0,1,22.14,25.76,68,8.9981,2,10,12
2012-06-16 05:00:00,2,0,0,1,22.14,25.76,68,7.0015,1,16,17
2012-06-16 06:00:00,2,0,0,1,22.14,25.76,68,12.998,11,34,45
2012-06-16 07:00:00,2,0,0,1,22.14,25.76,68,12.998,10,71,81
2012-06-16 08:00:00,2,0,0,1,23.78,27.275,64,11.0014,45,159,204
2012-06-16 09:00:00,2,0,0,1,24.6,30.305,60,6.0032,88,281,369
2012-06-16 10:00:00,2,0,0,1,26.24,31.06,47,12.998,138,292,430
2012-06-16 11:00:00,2,0,0,1,27.06,31.06,39,11.0014,212,355,567
2012-06-16 12:00:00,2,0,0,1,27.88,31.82,41,7.0015,253,350,603
2012-06-16 13:00:00,2,0,0,1,29.52,32.575,34,11.0014,293,327,620
2012-06-16 14:00:00,2,0,0,1,29.52,32.575,37,15.0013,266,308,574
2012-06-16 15:00:00,2,0,0,1,30.34,32.575,35,16.9979,295,282,577
2012-06-16 16:00:00,2,0,0,2,29.52,32.575,37,7.0015,237,303,540
2012-06-16 17:00:00,2,0,0,2,29.52,32.575,37,16.9979,244,348,592
2012-06-16 18:00:00,2,0,0,2,29.52,32.575,37,15.0013,255,319,574
2012-06-16 19:00:00,2,0,0,2,28.7,31.82,42,12.998,182,274,456
2012-06-16 20:00:00,2,0,0,2,27.06,31.06,47,12.998,124,231,355
2012-06-16 21:00:00,2,0,0,2,26.24,31.06,50,15.0013,99,187,286
2012-06-16 22:00:00,2,0,0,1,25.42,31.06,53,19.9995,90,193,283
2012-06-16 23:00:00,2,0,0,1,24.6,31.06,53,19.9995,48,131,179
2012-06-17 00:00:00,2,0,0,1,22.96,26.515,56,8.9981,30,116,146
2012-06-17 01:00:00,2,0,0,1,22.96,26.515,60,11.0014,19,62,81
2012-06-17 02:00:00,2,0,0,1,22.96,26.515,56,6.0032,19,51,70
2012-06-17 03:00:00,2,0,0,1,22.14,25.76,64,7.0015,6,18,24
2012-06-17 04:00:00,2,0,0,1,22.14,25.76,64,6.0032,2,15,17
2012-06-17 05:00:00,2,0,0,1,22.14,25.76,68,8.9981,2,14,16
2012-06-17 06:00:00,2,0,0,1,21.32,25.0,72,7.0015,6,15,21
2012-06-17 07:00:00,2,0,0,1,21.32,25.0,72,6.0032,15,30,45
2012-06-17 08:00:00,2,0,0,1,22.96,26.515,68,16.9979,24,92,116
2012-06-17 09:00:00,2,0,0,1,22.96,26.515,68,11.0014,90,177,267
2012-06-17 10:00:00,2,0,0,1,23.78,27.275,64,0.0,147,286,433
2012-06-17 11:00:00,2,0,0,1,25.42,31.06,57,7.0015,195,349,544
2012-06-17 12:00:00,2,0,0,1,25.42,31.06,57,0.0,258,354,612
2012-06-17 13:00:00,2,0,0,1,26.24,31.06,53,11.0014,269,349,618
2012-06-17 14:00:00,2,0,0,1,26.24,31.06,53,0.0,255,329,584
2012-06-17 15:00:00,2,0,0,1,27.06,31.06,50,15.0013,203,265,468
2012-06-17 16:00:00,2,0,0,1,27.06,31.06,54,19.9995,240,340,580
2012-06-17 17:00:00,2,0,0,1,26.24,31.06,57,15.0013,233,364,597
2012-06-17 18:00:00,2,0,0,1,26.24,31.06,53,12.998,203,311,514
2012-06-17 19:00:00,2,0,0,1,26.24,31.06,53,11.0014,146,240,386
2012-06-17 20:00:00,2,0,0,1,25.42,31.06,57,12.998,99,200,299
2012-06-17 21:00:00,2,0,0,1,25.42,31.06,57,12.998,75,171,246
2012-06-17 22:00:00,2,0,0,1,24.6,30.305,60,12.998,53,99,152
2012-06-17 23:00:00,2,0,0,1,23.78,27.275,64,12.998,26,81,107
2012-06-18 00:00:00,2,0,1,1,22.96,26.515,73,16.9979,13,29,42
2012-06-18 01:00:00,2,0,1,1,22.14,25.76,77,15.0013,10,5,15
2012-06-18 02:00:00,2,0,1,1,22.14,25.76,77,15.0013,2,6,8
2012-06-18 03:00:00,2,0,1,2,21.32,25.0,83,15.0013,0,3,3
2012-06-18 04:00:00,2,0,1,2,22.14,25.76,77,12.998,0,13,13
2012-06-18 05:00:00,2,0,1,3,21.32,25.0,83,8.9981,0,26,26
2012-06-18 06:00:00,2,0,1,3,21.32,25.0,88,8.9981,0,36,36
2012-06-18 07:00:00,2,0,1,3,21.32,25.0,94,15.0013,8,135,143
2012-06-18 08:00:00,2,0,1,2,22.14,25.76,83,12.998,28,447,475
2012-06-18 09:00:00,2,0,1,2,22.14,25.76,83,15.0013,29,225,254
2012-06-18 10:00:00,2,0,1,3,22.14,25.76,88,7.0015,11,76,87
2012-06-18 11:00:00,2,0,1,2,22.14,25.76,88,11.0014,25,94,119
2012-06-18 12:00:00,2,0,1,3,22.96,26.515,78,8.9981,29,138,167
2012-06-18 13:00:00,2,0,1,2,23.78,27.275,73,8.9981,51,174,225
2012-06-18 14:00:00,2,0,1,2,23.78,27.275,68,12.998,58,161,219
2012-06-18 15:00:00,2,0,1,2,24.6,29.545,69,12.998,60,178,238
2012-06-18 16:00:00,2,0,1,2,24.6,29.545,73,12.998,52,278,330
2012-06-18 17:00:00,2,0,1,2,24.6,29.545,73,12.998,54,665,719
2012-06-18 18:00:00,2,0,1,2,25.42,30.305,69,11.0014,47,594,641
2012-06-18 19:00:00,2,0,1,2,25.42,29.545,73,6.0032,50,410,460
2012-06-18 20:00:00,2,0,1,2,25.42,29.545,73,8.9981,44,317,361
2012-06-18 21:00:00,2,0,1,2,25.42,29.545,73,7.0015,35,235,270
2012-06-18 22:00:00,2,0,1,2,25.42,29.545,73,11.0014,20,135,155
2012-06-18 23:00:00,2,0,1,3,24.6,28.79,78,12.998,16,60,76
2012-06-19 00:00:00,2,0,1,2,24.6,28.79,78,11.0014,4,27,31
2012-06-19 01:00:00,2,0,1,2,24.6,28.79,78,11.0014,3,13,16
2012-06-19 02:00:00,2,0,1,2,24.6,28.79,78,8.9981,0,16,16
2012-06-19 03:00:00,2,0,1,2,24.6,28.79,78,7.0015,-1,4,3
2012-06-19 04:00:00,2,0,1,2,24.6,28.79,78,8.9981,0,11,11
2012-06-19 05:00:00,2,0,1,2,24.6,28.79,78,12.998,3,27,30
2012-06-19 06:00:00,2,0,1,2,24.6,28.79,78,7.0015,6,150,156
2012-06-19 07:00:00,2,0,1,2,24.6,28.79,78,8.9981,16,467,483
2012-06-19 08:00:00,2,0,1,2,24.6,28.79,78,11.0014,39,635,674
2012-06-19 09:00:00,2,0,1,1,26.24,30.305,73,6.0032,40,287,327
2012-06-19 10:00:00,2,0,1,1,26.24,30.305,73,6.0032,45,135,180
2012-06-19 11:00:00,2,0,1,1,27.06,31.06,69,8.9981,55,175,230
2012-06-19 12:00:00,2,0,1,1,28.7,32.575,65,6.0032,71,220,291
2012-06-19 13:00:00,2,0,1,1,30.34,34.09,58,8.9981,70,205,275
2012-06-19 14:00:00,2,0,1,1,31.16,35.605,58,7.0015,61,169,230
2012-06-19 15:00:00,2,0,1,1,31.98,37.12,59,11.0014,71,191,262
2012-06-19 16:00:00,2,0,1,1,32.8,37.88,55,15.0013,48,281,329
2012-06-19 17:00:00,2,0,1,1,32.8,37.88,55,12.998,85,723,808
2012-06-19 18:00:00,2,0,1,1,32.8,37.88,55,11.0014,90,704,794
2012-06-19 19:00:00,2,0,1,1,32.8,38.635,59,15.0013,82,434,516
2012-06-19 20:00:00,2,0,1,1,32.8,37.88,55,16.9979,58,400,458
2012-06-19 21:00:00,2,0,1,1,31.16,35.605,62,11.0014,36,241,277
2012-06-19 22:00:00,2,0,1,1,29.52,34.85,79,6.0032,51,239,290
2012-06-19 23:00:00,2,0,1,1,29.52,34.85,79,8.9981,22,108,130
2012-07-01 00:00:00,3,0,0,1,31.16,36.365,66,0.0,27,123,150
2012-07-01 01:00:00,3,0,0,1,30.34,34.85,70,8.9981,11,78,89
2012-07-01 02:00:00,3,0,0,1,29.52,34.85,74,6.0032,20,70,90
2012-07-01 03:00:00,3,0,0,1,29.52,35.605,84,8.9981,5,25,30
2012-07-01 04:00:00,3,0,0,1,28.7,33.335,79,12.998,0,0,0
2012-07-01 05:00:00,3,0,0,1,27.88,31.82,79,7.0015,3,3,6
2012-07-01 06:00:00,3,0,0,1,28.7,33.335,79,6.0032,7,17,24
2012-07-01 07:00:00,3,0,0,1,30.34,34.85,70,0.0,12,37,49
2012-07-01 08:00:00,3,0,0,1,31.98,37.12,62,7.0015,34,107,141
2012-07-01 09:00:00,3,0,0,1,33.62,39.395,56,0.0,50,167,217
2012-07-01 10:00:00,3,0,0,1,35.26,39.395,44,19.9995,96,267,363
2012-07-01 11:00:00,3,0,0,1,36.08,40.15,39,15.0013,121,254,375
2012-07-01 12:00:00,3,0,0,1,36.9,40.91,37,15.0013,114,319,433
2012-07-01 13:00:00,3,0,0,1,37.72,41.665,33,16.9979,112,304,416
2012-07-01 14:00:00,3,0,0,1,37.72,41.665,33,16.9979,99,349,448
2012-07-01 15:00:00,3,0,0,1,36.9,40.91,37,19.0012,100,240,340
2012-07-01 16:00:00,3,0,0,1,37.72,41.665,33,19.9995,82,226,308
2012-07-01 17:00:00,3,0,0,1,37.72,40.15,26,19.9995,90,323,413
2012-07-01 18:00:00,3,0,0,1,36.08,38.635,32,23.9994,95,275,370
2012-07-01 19:00:00,3,0,0,1,34.44,37.12,39,8.9981,105,282,387
2012-07-01 20:00:00,3,0,0,1,34.44,37.12,39,8.9981,87,239,326
2012-07-01 21:00:00,3,0,0,1,34.44,37.12,39,8.9981,77,185,262
2012-07-01 22:00:00,3,0,0,1,33.62,37.12,43,8.9981,38,111,149
2012-07-01 23:00:00,3,0,0,3,31.98,35.605,52,11.0014,21,84,105
2012-07-02 00:00:00,3,0,1,2,31.16,35.605,58,15.0013,11,31,42
2012-07-02 01:00:00,3,0,1,2,31.16,35.605,58,12.998,2,13,15
2012-07-02 02:00:00,3,0,1,2,30.34,33.335,51,16.9979,1,13,14
2012-07-02 03:00:00,3,0,1,2,29.52,33.335,54,27.9993,0,2,2
2012-07-02 04:00:00,3,0,1,2,29.52,33.335,54,19.9995,1,8,9
2012-07-02 05:00:00,3,0,1,2,29.52,33.335,51,0.0,5,41,46
2012-07-02 06:00:00,3,0,1,1,28.7,32.575,58,7.0015,3,132,135
2012-07-02 07:00:00,3,0,1,1,30.34,33.335,51,7.0015,9,395,404
2012-07-02 08:00:00,3,0,1,1,31.16,34.85,52,12.998,20,546,566
2012-07-02 09:00:00,3,0,1,1,31.98,34.85,46,16.9979,57,242,299
2012-07-02 10:00:00,3,0,1,1,32.8,36.365,43,16.9979,70,111,181
2012-07-02 11:00:00,3,0,1,1,34.44,36.365,28,19.9995,67,134,201
2012-07-02 12:00:00,3,0,1,1,34.44,36.365,32,12.998,72,179,251
2012-07-02 13:00:00,3,0,1,1,35.26,37.88,34,15.0013,75,158,233
2012-07-02 14:00:00,3,0,1,1,35.26,37.88,34,15.0013,79,151,230
2012-07-02 15:00:00,3,0,1,1,34.44,37.12,36,12.998,60,175,235
2012-07-02 16:00:00,3,0,1,1,34.44,37.12,36,19.0012,58,304,362
2012-07-02 17:00:00,3,0,1,1,34.44,36.365,32,8.9981,82,661,743
2012-07-02 18:00:00,3,0,1,1,34.44,36.365,32,11.0014,72,659,731
2012-07-02 19:00:00,3,0,1,1,31.98,34.85,43,8.9981,71,508,579
2012-07-02 20:00:00,3,0,1,1,31.98,34.85,43,8.9981,37,356,393
2012-07-02 21:00:00,3,0,1,1,31.16,34.09,45,8.9981,16,236,252
2012-07-02 22:00:00,3,0,1,1,30.34,33.335,51,11.0014,19,167,186
2012-07-02 23:00:00,3,0,1,1,30.34,33.335,51,7.0015,12,85,97
2012-07-03 00:00:00,3,0,1,1,29.52,33.335,54,0.0,10,40,50
2012-07-03 01:00:00,3,0,1,1,29.52,33.335,58,0.0,5,10,15
2012-07-03 02:00:00,3,0,1,1,29.52,33.335,58,0.0,0,12,12
2012-07-03 03:00:00,3,0,1,1,28.7,32.575,65,8.9981,0,3,3
2012-07-03 04:00:00,3,0,1,1,27.88,31.82,65,7.0015,0,3,3
2012-07-03 05:00:00,3,0,1,1,28.7,32.575,61,0.0,1,30,31
2012-07-03 06:00:00,3,0,1,1,28.7,32.575,65,8.9981,7,146,153
2012-07-03 07:00:00,3,0,1,1,30.34,34.09,58,0.0,20,462,482
2012-07-03 08:00:00,3,0,1,1,30.34,34.09,62,6.0032,42,605,647
2012-07-03 09:00:00,3,0,1,1,32.8,37.12,49,11.0014,45,224,269
2012-07-03 10:00:00,3,0,1,1,33.62,37.12,43,15.0013,55,154,209
2012-07-03 11:00:00,3,0,1,1,35.26,37.88,34,12.998,66,147,213
2012-07-03 12:00:00,3,0,1,1,36.08,37.88,28,12.998,75,195,270
2012-07-03 13:00:00,3,0,1,1,36.9,38.635,25,8.9981,81,201,282
2012-07-03 14:00:00,3,0,1,1,36.9,38.635,25,12.998,69,244,313
2012-07-03 15:00:00,3,0,1,2,36.9,38.635,24,0.0,71,331,402
2012-07-03 16:00:00,3,0,1,2,36.9,38.635,24,12.998,89,437,526
2012-07-03 17:00:00,3,0,1,2,35.26,37.12,30,11.0014,101,619,720
2012-07-03 18:00:00,3,0,1,2,35.26,37.12,30,0.0,84,543,627
2012-07-03 19:00:00,3,0,1,2,34.44,37.12,36,8.9981,66,431,497
2012-07-03 20:00:00,3,0,1,3,31.16,34.85,55,32.9975,78,290,368
2012-07-03 21:00:00,3,0,1,2,28.7,32.575,70,19.0012,37,158,195
2012-07-03 22:00:00,3,0,1,1,27.88,31.82,79,12.998,26,155,181
2012-07-03 23:00:00,3,0,1,1,27.06,30.305,83,0.0,18,146,164
2012-07-04 00:00:00,3,1,0,1,27.88,31.82,79,6.0032,19,140,159
2012-07-04 01:00:00,3,1,0,1,27.88,31.82,74,0.0,27,99,126
2012-07-04 02:00:00,3,1,0,1,27.06,30.305,83,8.9981,26,65,91
2012-07-04 03:00:00,3,1,0,1,27.88,31.82,74,12.998,8,20,28
2012-07-04 04:00:00,3,1,0,1,27.88,31.82,69,16.9979,3,13,16
2012-07-04 05:00:00,3,1,0,1,27.06,31.06,69,0.0,4,17,21
2012-07-04 06:00:00,3,1,0,1,27.06,31.06,69,0.0,10,22,32
2012-07-04 07:00:00,3,1,0,1,27.88,31.82,65,0.0,10,61,71
2012-07-04 08:00:00,3,1,0,1,28.7,32.575,61,7.0015,44,111,155
2012-07-04 09:00:00,3,1,0,1,31.16,34.85,52,0.0,90,202,292
2012-07-04 10:00:00,3,1,0,1,32.8,36.365,46,0.0,141,306,447
2012-07-04 11:00:00,3,1,0,1,33.62,37.88,46,8.9981,163,317,480
2012-07-04 12:00:00,3,1,0,1,35.26,39.395,41,15.0013,164,333,497
2012-07-04 13:00:00,3,1,0,1,36.9,40.91,35,0.0,177,321,498
2012-07-04 14:00:00,3,1,0,1,36.9,40.91,37,11.0014,190,354,544
2012-07-04 15:00:00,3,1,0,1,37.72,42.425,35,19.9995,155,301,456
2012-07-04 16:00:00,3,1,0,1,37.72,42.425,35,16.9979,163,227,390
2012-07-04 17:00:00,3,1,0,1,37.72,42.425,35,19.9995,160,254,414
2012-07-04 18:00:00,3,1,0,1,36.9,42.425,42,12.998,160,270,430
2012-07-04 19:00:00,3,1,0,1,35.26,40.15,47,15.0013,174,246,420
2012-07-04 20:00:00,3,1,0,1,35.26,40.15,47,15.0013,237,316,553
2012-07-04 21:00:00,3,1,0,1,34.44,40.15,53,8.9981,222,360,582
2012-07-04 22:00:00,3,1,0,1,33.62,39.395,56,15.0013,176,331,507
2012-07-04 23:00:00,3,1,0,2,31.98,34.85,43,6.0032,29,156,185
2012-07-05 00:00:00,3,0,1,1,30.34,33.335,51,7.0015,18,70,88
2012-07-05 01:00:00,3,0,1,1,30.34,33.335,51,19.0012,4,23,27
2012-07-05 02:00:00,3,0,1,1,30.34,33.335,51,0.0,2,13,15
2012-07-05 03:00:00,3,0,1,1,29.52,33.335,54,12.998,3,1,4
2012-07-05 04:00:00,3,0,1,1,29.52,33.335,58,0.0,0,6,6
2012-07-05 05:00:00,3,0,1,1,29.52,34.09,62,0.0,1,26,27
2012-07-05 06:00:00,3,0,1,1,29.52,33.335,58,0.0,1,121,122
2012-07-05 07:00:00,3,0,1,1,31.16,34.85,55,0.0,26,319,345
2012-07-05 08:00:00,3,0,1,1,32.8,37.12,49,8.9981,38,515,553
2012-07-05 09:00:00,3,0,1,1,34.44,39.395,49,19.9995,46,244,290
2012-07-05 10:00:00,3,0,1,1,35.26,39.395,44,23.9994,68,120,188
2012-07-05 11:00:00,3,0,1,1,36.9,40.91,35,19.9995,107,135,242
2012-07-05 12:00:00,3,0,1,1,36.9,40.91,35,23.9994,89,196,285
2012-07-05 13:00:00,3,0,1,1,37.72,41.665,33,15.0013,128,178,306
2012-07-05 14:00:00,3,0,1,1,37.72,41.665,33,22.0028,87,156,243
2012-07-05 15:00:00,3,0,1,1,37.72,41.665,33,23.9994,70,181,251
2012-07-05 16:00:00,3,0,1,1,37.72,41.665,33,16.9979,108,323,431
2012-07-05 17:00:00,3,0,1,1,37.72,42.425,35,11.0014,113,579,692
2012-07-05 18:00:00,3,0,1,2,36.9,41.665,39,22.0028,95,511,606
2012-07-05 19:00:00,3,0,1,2,36.08,40.15,39,16.9979,128,370,498
2012-07-05 20:00:00,3,0,1,2,35.26,39.395,41,15.0013,77,242,319
2012-07-05 21:00:00,3,0,1,1,34.44,38.635,47,12.998,90,233,323
2012-07-05 22:00:00,3,0,1,1,33.62,40.15,59,8.9981,62,162,224
2012-07-05 23:00:00,3,0,1,1,32.8,37.88,55,11.0014,32,98,130
2012-07-06 00:00:00,3,0,1,1,31.98,37.12,62,8.9981,38,59,97
2012-07-06 01:00:00,3,0,1,1,31.98,36.365,55,15.0013,8,23,31
2012-07-06 02:00:00,3,0,1,1,31.16,35.605,62,8.9981,4,8,12
2012-07-06 03:00:00,3,0,1,2,30.34,34.85,70,12.998,3,0,3
2012-07-06 04:00:00,3,0,1,1,30.34,34.85,66,15.0013,2,7,9
2012-07-06 05:00:00,3,0,1,1,30.34,34.85,66,12.998,3,33,36
2012-07-06 06:00:00,3,0,1,1,30.34,34.85,66,12.998,4,123,127
2012-07-06 07:00:00,3,0,1,1,31.98,34.85,46,8.9981,20,336,356
2012-07-06 08:00:00,3,0,1,1,32.8,35.605,41,11.0014,28,557,585
2012-07-06 09:00:00,3,0,1,1,33.62,36.365,36,8.9981,54,243,297
2012-07-06 10:00:00,3,0,1,1,35.26,37.12,30,0.0,81,134,215
2012-07-06 11:00:00,3,0,1,1,34.44,36.365,32,6.0032,92,140,232
2012-07-06 12:00:00,3,0,1,1,36.08,37.88,28,7.0015,111,223,334
2012-07-06 13:00:00,3,0,1,1,36.9,39.395,27,7.0015,99,191,290
2012-07-06 14:00:00,3,0,1,1,36.9,40.15,31,11.0014,91,182,273
2012-07-06 15:00:00,3,0,1,1,37.72,40.91,29,12.998,78,211,289
2012-07-06 16:00:00,3,0,1,1,37.72,40.91,29,7.0015,68,301,369
2012-07-06 17:00:00,3,0,1,1,37.72,40.91,29,0.0,91,486,577
2012-07-06 18:00:00,3,0,1,1,36.9,40.15,33,16.9979,107,453,560
2012-07-06 19:00:00,3,0,1,1,36.08,39.395,35,15.0013,111,303,414
2012-07-06 20:00:00,3,0,1,1,35.26,38.635,39,7.0015,90,250,340
2012-07-06 21:00:00,3,0,1,1,33.62,38.635,52,8.9981,76,223,299
2012-07-06 22:00:00,3,0,1,1,32.8,37.88,55,12.998,79,209,288
2012-07-06 23:00:00,3,0,1,1,32.8,39.395,63,7.0015,26,131,157
2012-07-07 00:00:00,3,0,0,1,31.98,37.88,66,8.9981,32,116,148
2012-07-07 01:00:00,3,0,0,1,31.16,36.365,70,11.0014,17,51,68
2012-07-07 02:00:00,3,0,0,1,31.16,37.12,72,11.0014,10,45,55
2012-07-07 03:00:00,3,0,0,1,30.34,35.605,74,8.9981,13,20,33
2012-07-07 04:00:00,3,0,0,1,30.34,35.605,74,11.0014,3,14,17
2012-07-07 05:00:00,3,0,0,1,30.34,35.605,74,12.998,1,10,11
2012-07-07 06:00:00,3,0,0,1,30.34,35.605,74,7.0015,2,31,33
2012-07-07 07:00:00,3,0,0,1,31.98,37.88,66,7.0015,8,64,72
2012-07-07 08:00:00,3,0,0,1,33.62,41.665,63,12.998,29,122,151
2012-07-07 09:00:00,3,0,0,1,34.44,41.665,59,11.0014,69,182,251
2012-07-07 10:00:00,3,0,0,1,37.72,43.18,37,15.0013,102,222,324
2012-07-07 11:00:00,3,0,0,1,38.54,43.94,38,12.998,121,245,366
2012-07-07 12:00:00,3,0,0,1,39.36,43.18,31,23.9994,124,219,343
2012-07-07 13:00:00,3,0,0,2,39.36,43.18,31,16.9979,114,244,358
2012-07-07 14:00:00,3,0,0,2,39.36,43.18,30,8.9981,106,203,309
2012-07-07 15:00:00,3,0,0,1,39.36,42.425,26,0.0,113,193,306
2012-07-07 16:00:00,3,0,0,1,41.0,43.18,19,11.0014,102,190,292
2012-07-07 17:00:00,3,0,0,1,39.36,42.425,26,8.9981,104,174,278
2012-07-07 18:00:00,3,0,0,1,38.54,41.665,29,6.0032,83,197,280
2012-07-07 19:00:00,3,0,0,1,37.72,41.665,33,8.9981,67,221,288
2012-07-07 20:00:00,3,0,0,1,36.9,40.91,37,11.0014,77,197,274
2012-07-07 21:00:00,3,0,0,1,36.08,39.395,37,12.998,51,154,205
2012-07-07 22:00:00,3,0,0,1,34.44,41.665,59,12.998,57,163,220
2012-07-07 23:00:00,3,0,0,1,34.44,40.91,56,11.0014,34,113,147
2012-07-08 00:00:00,3,0,0,1,33.62,39.395,56,8.9981,21,120,141
2012-07-08 01:00:00,3,0,0,1,33.62,39.395,56,7.0015,25,93,118
2012-07-08 02:00:00,3,0,0,1,33.62,38.635,52,7.0015,11,56,67
2012-07-08 03:00:00,3,0,0,1,32.8,38.635,59,7.0015,0,38,38
2012-07-08 04:00:00,3,0,0,1,31.98,37.88,66,7.0015,0,12,12
2012-07-08 05:00:00,3,0,0,1,31.98,37.12,62,0.0,1,1,2
2012-07-08 06:00:00,3,0,0,1,31.98,38.635,70,8.9981,5,16,21
2012-07-08 07:00:00,3,0,0,1,32.8,40.15,66,0.0,18,27,45
2012-07-08 08:00:00,3,0,0,1,34.44,40.15,53,8.9981,34,89,123
2012-07-08 09:00:00,3,0,0,1,35.26,40.91,50,7.0015,71,170,241
2012-07-08 10:00:00,3,0,0,1,36.9,43.18,45,0.0,84,237,321
2012-07-08 11:00:00,3,0,0,1,37.72,44.695,42,19.9995,119,263,382
2012-07-08 12:00:00,3,0,0,1,37.72,44.695,42,12.998,104,265,369
2012-07-08 13:00:00,3,0,0,1,38.54,43.94,38,16.9979,117,212,329
2012-07-08 14:00:00,3,0,0,1,39.36,45.455,36,11.0014,77,236,313
2012-07-08 15:00:00,3,0,0,3,37.72,44.695,42,19.0012,78,216,294
2012-07-08 16:00:00,3,0,0,2,32.8,40.15,66,15.0013,66,229,295
2012-07-08 17:00:00,3,0,0,1,31.98,37.12,59,0.0,67,198,265
2012-07-08 18:00:00,3,0,0,1,31.98,37.12,62,7.0015,52,199,251
2012-07-08 19:00:00,3,0,0,1,31.98,37.12,62,11.0014,66,180,246
2012-07-08 20:00:00,3,0,0,1,31.16,36.365,70,6.0032,79,207,286
2012-07-08 21:00:00,3,0,0,1,31.16,36.365,70,8.9981,58,147,205
2012-07-08 22:00:00,3,0,0,3,30.34,34.85,70,6.0032,11,115,126
2012-07-08 23:00:00,3,0,0,3,27.88,31.82,83,6.0032,25,94,119
2012-07-09 00:00:00,3,0,1,2,27.88,31.82,89,6.0032,6,35,41
2012-07-09 01:00:00,3,0,1,3,28.7,33.335,89,7.0015,3,13,16
2012-07-09 02:00:00,3,0,1,3,28.7,33.335,89,12.998,1,1,2
2012-07-09 03:00:00,3,0,1,3,28.7,33.335,89,12.998,-1,1,0
2012-07-09 04:00:00,3,0,1,3,27.06,29.545,89,26.0027,1,1,2
2012-07-09 05:00:00,3,0,1,2,27.06,30.305,83,15.0013,2,29,31
2012-07-09 06:00:00,3,0,1,3,26.24,28.79,89,16.9979,6,86,92
2012-07-09 07:00:00,3,0,1,3,27.06,30.305,83,15.0013,6,227,233
2012-07-09 08:00:00,3,0,1,2,27.06,30.305,83,11.0014,26,427,453
2012-07-09 09:00:00,3,0,1,2,27.06,30.305,83,11.0014,40,323,363
2012-07-09 10:00:00,3,0,1,2,27.06,30.305,83,12.998,57,115,172
2012-07-09 11:00:00,3,0,1,2,29.52,34.09,62,8.9981,73,142,215
2012-07-09 12:00:00,3,0,1,2,30.34,34.09,58,8.9981,59,206,265
2012-07-09 13:00:00,3,0,1,2,31.16,34.85,55,16.9979,69,192,261
2012-07-09 14:00:00,3,0,1,2,30.34,34.09,55,16.9979,58,182,240
2012-07-09 15:00:00,3,0,1,2,31.16,34.09,45,15.0013,65,214,279
2012-07-09 16:00:00,3,0,1,1,31.98,34.85,40,19.0012,88,324,412
2012-07-09 17:00:00,3,0,1,1,31.98,34.85,40,11.0014,108,737,845
2012-07-09 18:00:00,3,0,1,1,31.16,34.09,48,8.9981,82,792,874
2012-07-09 19:00:00,3,0,1,1,30.34,34.09,55,11.0014,89,539,628
2012-07-09 20:00:00,3,0,1,2,30.34,34.09,55,7.0015,68,376,444
2012-07-09 21:00:00,3,0,1,2,30.34,34.09,55,6.0032,33,297,330
2012-07-09 22:00:00,3,0,1,2,29.52,33.335,58,7.0015,35,192,227
2012-07-09 23:00:00,3,0,1,2,28.7,32.575,65,7.0015,21,109,130
2012-07-10 00:00:00,3,0,1,1,28.7,32.575,70,6.0032,14,48,62
2012-07-10 01:00:00,3,0,1,1,28.7,33.335,74,8.9981,1,20,21
2012-07-10 02:00:00,3,0,1,1,28.7,33.335,74,8.9981,0,14,14
2012-07-10 03:00:00,3,0,1,1,27.88,31.82,79,0.0,-2,1,-1
2012-07-10 04:00:00,3,0,1,1,27.88,31.82,79,8.9981,0,5,5
2012-07-10 05:00:00,3,0,1,1,27.06,30.305,83,8.9981,2,42,44
2012-07-10 06:00:00,3,0,1,2,27.88,31.82,79,7.0015,1,181,182
2012-07-10 07:00:00,3,0,1,2,28.7,33.335,74,7.0015,30,490,520
2012-07-10 08:00:00,3,0,1,1,29.52,34.85,74,8.9981,34,618,652
2012-07-10 09:00:00,3,0,1,1,30.34,34.85,66,8.9981,47,286,333
2012-07-10 10:00:00,3,0,1,1,31.16,35.605,62,12.998,54,133,187
2012-07-10 11:00:00,3,0,1,1,32.8,36.365,46,12.998,91,156,247
2012-07-10 12:00:00,3,0,1,1,32.8,35.605,41,8.9981,68,202,270
2012-07-10 13:00:00,3,0,1,1,33.62,36.365,38,12.998,77,200,277
2012-07-10 14:00:00,3,0,1,1,33.62,36.365,38,11.0014,71,169,240
2012-07-10 15:00:00,3,0,1,1,32.8,35.605,41,15.0013,77,186,263
2012-07-10 16:00:00,3,0,1,1,32.8,36.365,43,15.0013,87,345,432
2012-07-10 17:00:00,3,0,1,1,31.98,35.605,49,12.998,103,770,873
2012-07-10 18:00:00,3,0,1,3,28.7,33.335,74,15.0013,69,747,816
2012-07-10 19:00:00,3,0,1,3,28.7,33.335,74,15.0013,53,356,409
2012-07-10 20:00:00,3,0,1,3,26.24,28.79,83,15.0013,8,77,85
2012-07-10 21:00:00,3,0,1,3,26.24,28.79,89,7.0015,7,80,87
2012-07-10 22:00:00,3,0,1,2,26.24,28.79,83,8.9981,14,124,138
2012-07-10 23:00:00,3,0,1,2,26.24,28.79,89,7.0015,28,74,102
2012-07-11 00:00:00,3,0,1,2,27.06,30.305,83,8.9981,7,35,42
2012-07-11 01:00:00,3,0,1,1,26.24,28.79,89,0.0,2,15,17
2012-07-11 02:00:00,3,0,1,1,26.24,28.79,89,0.0,0,3,3
2012-07-11 03:00:00,3,0,1,1,26.24,28.79,89,8.9981,0,4,4
2012-07-11 04:00:00,3,0,1,1,26.24,28.79,89,8.9981,2,7,9
2012-07-11 05:00:00,3,0,1,1,26.24,28.79,89,0.0,4,36,40
2012-07-11 06:00:00,3,0,1,1,26.24,28.79,89,8.9981,18,172,190
2012-07-11 07:00:00,3,0,1,2,27.06,30.305,83,7.0015,26,473,499
2012-07-11 08:00:00,3,0,1,2,27.88,31.82,79,11.0014,29,646,675
2012-07-11 09:00:00,3,0,1,2,28.7,33.335,74,8.9981,29,297,326
2012-07-11 10:00:00,3,0,1,2,29.52,34.09,62,8.9981,47,152,199
2012-07-11 11:00:00,3,0,1,2,31.16,35.605,58,8.9981,56,172,228
2012-07-11 12:00:00,3,0,1,2,31.98,34.85,43,0.0,70,226,296
2012-07-11 13:00:00,3,0,1,2,32.8,35.605,42,11.0014,67,204,271
2012-07-11 14:00:00,3,0,1,1,32.8,35.605,41,15.0013,65,179,244
2012-07-11 15:00:00,3,0,1,1,32.8,35.605,41,16.9979,54,218,272
2012-07-11 16:00:00,3,0,1,1,32.8,35.605,38,12.998,53,359,412
2012-07-11 17:00:00,3,0,1,1,32.8,34.85,31,15.0013,89,740,829
2012-07-11 18:00:00,3,0,1,1,31.98,34.09,38,16.9979,78,736,814
2012-07-11 19:00:00,3,0,1,1,30.34,33.335,48,15.0013,73,556,629
2012-07-11 20:00:00,3,0,1,1,30.34,33.335,51,11.0014,73,411,484
2012-07-11 21:00:00,3,0,1,1,29.52,33.335,58,15.0013,68,321,389
2012-07-11 22:00:00,3,0,1,1,29.52,33.335,58,16.9979,40,198,238
2012-07-11 23:00:00,3,0,1,2,28.7,32.575,58,16.9979,19,134,153
2012-07-12 00:00:00,3,0,1,2,27.88,31.82,61,0.0,1,52,53
2012-07-12 01:00:00,3,0,1,2,27.06,31.06,61,0.0,0,18,18
2012-07-12 02:00:00,3,0,1,2,27.06,31.06,65,6.0032,0,8,8
2012-07-12 03:00:00,3,0,1,1,26.24,30.305,69,7.0015,0,4,4
2012-07-12 04:00:00,3,0,1,1,26.24,30.305,73,7.0015,1,8,9
2012-07-12 05:00:00,3,0,1,1,25.42,29.545,73,7.0015,2,40,42
2012-07-12 06:00:00,3,0,1,1,26.24,30.305,73,6.0032,7,171,178
2012-07-12 07:00:00,3,0,1,1,26.24,30.305,73,8.9981,32,477,509
2012-07-12 08:00:00,3,0,1,1,27.88,31.82,65,8.9981,49,656,705
2012-07-12 09:00:00,3,0,1,1,29.52,33.335,58,7.0015,41,284,325
2012-07-12 10:00:00,3,0,1,1,30.34,33.335,48,11.0014,69,145,214
2012-07-12 11:00:00,3,0,1,1,31.16,34.09,45,7.0015,49,165,214
2012-07-12 12:00:00,3,0,1,1,31.98,34.09,35,8.9981,71,226,297
2012-07-12 13:00:00,3,0,1,1,32.8,34.85,33,15.0013,52,224,276
2012-07-12 14:00:00,3,0,1,1,31.98,34.09,33,15.0013,41,172,213
2012-07-12 15:00:00,3,0,1,1,32.8,35.605,36,12.998,63,208,271
2012-07-12 16:00:00,3,0,1,1,32.8,35.605,36,12.998,68,371,439
2012-07-12 17:00:00,3,0,1,1,31.16,34.09,43,15.0013,93,706,799
2012-07-12 18:00:00,3,0,1,1,31.16,34.09,45,8.9981,86,731,817
2012-07-12 19:00:00,3,0,1,1,30.34,33.335,48,15.0013,97,532,629
2012-07-12 20:00:00,3,0,1,1,30.34,33.335,48,15.0013,74,439,513
2012-07-12 21:00:00,3,0,1,1,29.52,33.335,48,15.0013,44,333,377
2012-07-12 22:00:00,3,0,1,1,29.52,33.335,51,11.0014,55,264,319
2012-07-12 23:00:00,3,0,1,2,28.7,32.575,51,15.0013,31,177,208
2012-07-13 00:00:00,3,0,1,2,28.7,32.575,54,11.0014,18,77,95
2012-07-13 01:00:00,3,0,1,2,27.88,31.82,54,7.0015,16,44,60
2012-07-13 02:00:00,3,0,1,2,27.06,31.06,61,6.0032,0,11,11
2012-07-13 03:00:00,3,0,1,2,27.88,31.82,61,0.0,1,9,10
2012-07-13 04:00:00,3,0,1,2,27.06,31.06,61,0.0,-1,17,16
2012-07-13 05:00:00,3,0,1,2,27.06,31.82,56,6.0032,3,33,36
2012-07-13 06:00:00,3,0,1,2,28.7,32.575,54,0.0,7,121,128
2012-07-13 07:00:00,3,0,1,2,28.7,32.575,54,0.0,26,357,383
2012-07-13 08:00:00,3,0,1,2,28.7,32.575,54,0.0,52,662,714
2012-07-13 09:00:00,3,0,1,2,29.52,33.335,51,0.0,70,343,413
2012-07-13 10:00:00,3,0,1,2,30.34,33.335,48,0.0,78,193,271
2012-07-13 11:00:00,3,0,1,2,31.16,34.09,45,8.9981,66,219,285
2012-07-13 12:00:00,3,0,1,2,31.16,34.09,40,7.0015,124,255,379
2012-07-13 13:00:00,3,0,1,2,32.8,35.605,38,8.9981,99,270,369
2012-07-13 14:00:00,3,0,1,2,32.8,35.605,38,0.0,119,246,365
2012-07-13 15:00:00,3,0,1,2,32.8,35.605,36,7.0015,92,261,353
2012-07-13 16:00:00,3,0,1,2,32.8,35.605,36,15.0013,113,379,492
2012-07-13 17:00:00,3,0,1,2,32.8,35.605,36,11.0014,136,699,835
2012-07-13 18:00:00,3,0,1,1,31.98,34.85,46,12.998,108,523,631
2012-07-13 19:00:00,3,0,1,1,30.34,33.335,51,11.0014,101,383,484
2012-07-13 20:00:00,3,0,1,1,30.34,33.335,48,8.9981,92,293,385
2012-07-13 21:00:00,3,0,1,1,29.52,33.335,54,0.0,75,222,297
2012-07-13 22:00:00,3,0,1,1,30.34,33.335,45,0.0,59,203,262
2012-07-13 23:00:00,3,0,1,2,29.52,32.575,45,8.9981,36,167,203
2012-07-14 00:00:00,3,0,0,2,29.52,33.335,48,6.0032,34,153,187
2012-07-14 01:00:00,3,0,0,2,28.7,32.575,51,7.0015,12,103,115
2012-07-14 02:00:00,3,0,0,2,28.7,32.575,54,7.0015,9,93,102
2012-07-14 03:00:00,3,0,0,2,28.7,32.575,54,7.0015,8,26,34
2012-07-14 04:00:00,3,0,0,3,27.06,31.06,61,7.0015,2,3,5
2012-07-14 05:00:00,3,0,0,2,26.24,30.305,73,7.0015,0,4,4
2012-07-14 06:00:00,3,0,0,2,26.24,29.545,78,6.0032,6,30,36
2012-07-14 07:00:00,3,0,0,1,26.24,29.545,78,19.0012,6,36,42
2012-07-14 08:00:00,3,0,0,1,25.42,29.545,78,19.0012,30,114,144
2012-07-14 09:00:00,3,0,0,1,27.06,31.06,74,12.998,81,198,279
2012-07-14 10:00:00,3,0,0,2,29.52,34.09,70,6.0032,122,278,400
2012-07-14 11:00:00,3,0,0,2,29.52,34.09,70,7.0015,142,298,440
2012-07-14 12:00:00,3,0,0,2,30.34,34.85,66,6.0032,181,320,501
2012-07-14 13:00:00,3,0,0,2,31.16,35.605,62,6.0032,219,375,594
2012-07-14 14:00:00,3,0,0,1,32.8,37.88,55,7.0015,268,359,627
2012-07-14 15:00:00,3,0,0,1,32.8,37.88,55,11.0014,240,314,554
2012-07-14 16:00:00,3,0,0,2,29.52,34.85,79,23.9994,225,338,563
2012-07-14 17:00:00,3,0,0,3,28.7,33.335,79,11.0014,198,256,454
2012-07-14 18:00:00,3,0,0,1,29.52,34.85,79,8.9981,106,240,346
2012-07-14 19:00:00,3,0,0,1,29.52,35.605,84,6.0032,157,276,433
2012-07-14 20:00:00,3,0,0,1,29.52,35.605,84,6.0032,101,258,359
2012-07-14 21:00:00,3,0,0,1,28.7,33.335,84,15.0013,67,196,263
2012-07-14 22:00:00,3,0,0,1,28.7,33.335,79,12.998,64,161,225
2012-07-14 23:00:00,3,0,0,2,27.88,31.82,83,6.0032,55,155,210
2012-07-15 00:00:00,3,0,0,1,27.88,31.82,89,11.0014,39,149,188
2012-07-15 01:00:00,3,0,0,2,27.88,31.82,89,8.9981,47,119,166
2012-07-15 02:00:00,3,0,0,2,27.88,31.82,89,11.0014,28,81,109
2012-07-15 03:00:00,3,0,0,2,27.88,31.82,89,11.0014,15,43,58
2012-07-15 04:00:00,3,0,0,2,27.88,31.82,89,7.0015,7,15,22
2012-07-15 05:00:00,3,0,0,1,27.88,31.82,89,8.9981,1,2,3
2012-07-15 06:00:00,3,0,0,1,27.88,31.82,83,8.9981,6,12,18
2012-07-15 07:00:00,3,0,0,1,28.7,33.335,79,6.0032,16,27,43
2012-07-15 08:00:00,3,0,0,2,28.7,33.335,84,8.9981,38,95,133
2012-07-15 09:00:00,3,0,0,2,29.52,34.85,79,0.0,57,163,220
2012-07-15 10:00:00,3,0,0,1,31.16,36.365,66,8.9981,141,240,381
2012-07-15 11:00:00,3,0,0,1,33.62,38.635,52,11.0014,168,277,445
2012-07-15 12:00:00,3,0,0,1,34.44,38.635,47,7.0015,152,337,489
2012-07-15 13:00:00,3,0,0,1,35.26,39.395,41,7.0015,170,316,486
2012-07-15 14:00:00,3,0,0,1,36.9,40.91,37,16.9979,160,315,475
2012-07-15 15:00:00,3,0,0,1,35.26,40.15,47,8.9981,182,308,490
2012-07-15 16:00:00,3,0,0,1,35.26,39.395,41,15.0013,152,340,492
2012-07-15 17:00:00,3,0,0,1,32.8,38.635,59,32.9975,119,310,429
2012-07-15 18:00:00,3,0,0,3,29.52,34.85,79,23.9994,84,229,313
2012-07-15 19:00:00,3,0,0,1,29.52,35.605,84,15.0013,109,204,313
2012-07-15 20:00:00,3,0,0,1,29.52,34.85,79,16.9979,93,196,289
2012-07-15 21:00:00,3,0,0,1,29.52,34.85,79,6.0032,61,164,225
2012-07-15 22:00:00,3,0,0,1,29.52,34.85,74,7.0015,33,94,127
2012-07-15 23:00:00,3,0,0,1,29.52,34.85,79,8.9981,25,68,93
2012-07-16 00:00:00,3,0,1,3,29.52,34.85,79,7.0015,10,32,42
2012-07-16 01:00:00,3,0,1,2,28.7,33.335,74,12.998,0,9,9
2012-07-16 02:00:00,3,0,1,1,28.7,33.335,74,7.0015,4,9,13
2012-07-16 03:00:00,3,0,1,1,27.88,31.82,79,6.0032,0,6,6
2012-07-16 04:00:00,3,0,1,1,27.88,31.82,79,7.0015,0,9,9
2012-07-16 05:00:00,3,0,1,1,27.06,30.305,78,7.0015,10,44,54
2012-07-16 06:00:00,3,0,1,1,27.88,31.82,79,8.9981,8,132,140
2012-07-16 07:00:00,3,0,1,1,29.52,34.09,70,6.0032,25,460,485
2012-07-16 08:00:00,3,0,1,1,30.34,34.85,66,7.0015,48,619,667
2012-07-16 09:00:00,3,0,1,1,31.16,35.605,62,11.0014,52,300,352
2012-07-16 10:00:00,3,0,1,1,32.8,38.635,59,0.0,70,118,188
2012-07-16 11:00:00,3,0,1,1,34.44,40.15,53,15.0013,56,129,185
2012-07-16 12:00:00,3,0,1,1,34.44,39.395,49,8.9981,79,159,238
2012-07-16 13:00:00,3,0,1,1,34.44,39.395,49,19.0012,63,179,242
2012-07-16 14:00:00,3,0,1,1,36.08,40.91,42,7.0015,55,155,210
2012-07-16 15:00:00,3,0,1,1,35.26,40.15,47,16.9979,59,174,233
2012-07-16 16:00:00,3,0,1,3,31.16,36.365,66,39.0007,76,311,387
2012-07-16 17:00:00,3,0,1,3,31.16,36.365,66,39.0007,85,666,751
2012-07-16 18:00:00,3,0,1,1,34.44,40.15,53,0.0,96,692,788
2012-07-16 19:00:00,3,0,1,1,32.8,39.395,63,8.9981,91,508,599
2012-07-16 20:00:00,3,0,1,1,32.8,38.635,59,8.9981,66,385,451
2012-07-16 21:00:00,3,0,1,1,31.16,36.365,66,8.9981,45,283,328
2012-07-16 22:00:00,3,0,1,1,31.16,35.605,62,6.0032,57,224,281
2012-07-16 23:00:00,3,0,1,1,30.34,35.605,74,6.0032,26,133,159
2012-07-17 00:00:00,3,0,1,1,29.52,35.605,84,7.0015,8,39,47
2012-07-17 01:00:00,3,0,1,1,30.34,34.85,70,0.0,4,20,24
2012-07-17 02:00:00,3,0,1,1,29.52,34.09,70,6.0032,1,5,6
2012-07-17 03:00:00,3,0,1,1,29.52,34.09,66,0.0,0,3,3
2012-07-17 04:00:00,3,0,1,1,29.52,34.09,62,0.0,-1,5,4
2012-07-17 05:00:00,3,0,1,1,27.88,31.82,74,6.0032,6,30,36
2012-07-17 06:00:00,3,0,1,1,29.52,34.09,66,7.0015,14,199,213
2012-07-17 07:00:00,3,0,1,2,30.34,34.85,70,0.0,24,497,521
2012-07-17 08:00:00,3,0,1,2,32.8,37.88,55,0.0,43,621,664
2012-07-17 09:00:00,3,0,1,2,33.62,38.635,49,15.0013,31,288,319
2012-07-17 10:00:00,3,0,1,2,34.44,39.395,49,12.998,38,124,162
2012-07-17 11:00:00,3,0,1,2,35.26,40.15,47,0.0,58,150,208
2012-07-17 12:00:00,3,0,1,2,36.9,40.91,35,0.0,81,170,251
2012-07-17 13:00:00,3,0,1,1,37.72,40.91,31,12.998,54,162,216
2012-07-17 14:00:00,3,0,1,1,38.54,41.665,29,16.9979,51,164,215
2012-07-17 15:00:00,3,0,1,1,37.72,40.91,31,11.0014,57,189,246
2012-07-17 16:00:00,3,0,1,1,37.72,40.91,29,11.0014,65,316,381
2012-07-17 17:00:00,3,0,1,1,37.72,40.91,29,0.0,94,670,764
2012-07-17 18:00:00,3,0,1,1,36.9,40.15,33,12.998,59,709,768
2012-07-17 19:00:00,3,0,1,1,36.08,39.395,35,16.9979,68,479,547
2012-07-17 20:00:00,3,0,1,1,35.26,37.88,34,11.0014,51,374,425
2012-07-17 21:00:00,3,0,1,1,33.62,38.635,52,8.9981,50,280,330
2012-07-17 22:00:00,3,0,1,1,32.8,37.88,55,15.0013,28,215,243
2012-07-17 23:00:00,3,0,1,1,31.98,37.12,59,12.998,22,140,162
2012-07-18 00:00:00,3,0,1,1,31.16,36.365,66,11.0014,8,43,51
2012-07-18 01:00:00,3,0,1,1,31.16,36.365,66,7.0015,4,19,23
2012-07-18 02:00:00,3,0,1,1,30.34,34.85,66,8.9981,3,7,10
2012-07-18 03:00:00,3,0,1,1,30.34,34.85,66,8.9981,2,-2,0
2012-07-18 04:00:00,3,0,1,1,29.52,34.09,70,8.9981,0,8,8
2012-07-18 05:00:00,3,0,1,1,29.52,34.09,70,11.0014,4,41,45
2012-07-18 06:00:00,3,0,1,1,29.52,34.09,70,11.0014,7,148,155
2012-07-18 07:00:00,3,0,1,1,30.34,34.85,66,11.0014,25,472,497
2012-07-18 08:00:00,3,0,1,1,31.98,37.12,62,7.0015,56,626,682
2012-07-18 09:00:00,3,0,1,1,33.62,39.395,56,0.0,43,255,298
2012-07-18 10:00:00,3,0,1,1,36.9,42.425,42,12.998,38,96,134
2012-07-18 11:00:00,3,0,1,1,36.9,42.425,42,0.0,47,131,178
2012-07-18 12:00:00,3,0,1,1,37.72,43.18,37,8.9981,36,169,205
2012-07-18 13:00:00,3,0,1,1,38.54,42.425,33,0.0,48,152,200
2012-07-18 14:00:00,3,0,1,1,38.54,43.94,38,22.0028,53,110,163
2012-07-18 15:00:00,3,0,1,3,37.72,42.425,35,23.9994,43,151,194
2012-07-18 16:00:00,3,0,1,1,30.34,34.85,66,16.9979,35,191,226
2012-07-18 17:00:00,3,0,1,1,30.34,34.85,70,16.9979,33,333,366
2012-07-18 18:00:00,3,0,1,2,31.16,35.605,62,8.9981,64,576,640
2012-07-18 19:00:00,3,0,1,2,31.16,35.605,62,7.0015,77,439,516
2012-07-18 20:00:00,3,0,1,1,30.34,34.09,62,6.0032,55,311,366
2012-07-18 21:00:00,3,0,1,1,31.16,35.605,62,0.0,51,269,320
2012-07-18 22:00:00,3,0,1,1,31.16,35.605,58,6.0032,41,247,288
2012-07-18 23:00:00,3,0,1,1,31.16,35.605,58,6.0032,20,106,126
2012-07-19 00:00:00,3,0,1,1,30.34,34.85,66,6.0032,17,47,64
2012-07-19 01:00:00,3,0,1,1,30.34,34.85,66,6.0032,6,19,25
2012-07-19 02:00:00,3,0,1,1,29.52,34.09,70,12.998,1,4,5
2012-07-19 03:00:00,3,0,1,1,29.52,34.09,70,7.0015,2,-2,0
2012-07-19 04:00:00,3,0,1,1,29.52,34.09,70,7.0015,0,2,2
2012-07-19 05:00:00,3,0,1,2,29.52,34.09,70,7.0015,5,37,42
2012-07-19 06:00:00,3,0,1,1,29.52,34.09,66,8.9981,8,144,152
2012-07-19 07:00:00,3,0,1,1,30.34,34.09,58,19.0012,19,448,467
2012-07-19 08:00:00,3,0,1,1,31.16,35.605,58,16.9979,32,627,659
2012-07-19 09:00:00,3,0,1,2,31.16,35.605,58,19.0012,34,280,314
2012-07-19 10:00:00,3,0,1,1,31.16,35.605,58,12.998,42,157,199
2012-07-19 11:00:00,3,0,1,1,32.8,37.88,55,7.0015,53,163,216
2012-07-19 12:00:00,3,0,1,1,34.44,39.395,49,19.0012,58,218,276
2012-07-19 13:00:00,3,0,1,1,34.44,38.635,47,8.9981,75,177,252
2012-07-19 14:00:00,3,0,1,1,35.26,39.395,44,6.0032,46,147,193
2012-07-19 15:00:00,3,0,1,1,34.44,38.635,47,6.0032,65,224,289
2012-07-19 16:00:00,3,0,1,1,34.44,38.635,47,6.0032,69,289,358
2012-07-19 17:00:00,3,0,1,1,35.26,39.395,41,0.0,95,677,772
2012-07-19 18:00:00,3,0,1,1,35.26,39.395,41,12.998,89,682,771
2012-07-19 19:00:00,3,0,1,1,34.44,37.88,44,16.9979,52,482,534
2012-07-19 20:00:00,3,0,1,1,33.62,38.635,49,11.0014,63,442,505
2012-07-19 21:00:00,3,0,1,3,27.06,29.545,89,16.9979,38,289,327
2012-07-19 22:00:00,3,0,1,3,27.06,29.545,89,16.9979,5,60,65
2012-07-19 23:00:00,3,0,1,3,27.06,29.545,89,15.0013,2,63,65
2012-08-01 00:00:00,3,0,1,1,27.88,31.82,79,11.0014,2,48,50
2012-08-01 01:00:00,3,0,1,1,27.06,30.305,83,6.0032,4,29,33
2012-08-01 02:00:00,3,0,1,1,26.24,28.79,83,7.0015,1,13,14
2012-08-01 03:00:00,3,0,1,1,26.24,28.79,83,7.0015,1,7,8
2012-08-01 04:00:00,3,0,1,2,26.24,29.545,78,8.9981,2,3,5
2012-08-01 05:00:00,3,0,1,2,26.24,29.545,78,8.9981,4,45,49
2012-08-01 06:00:00,3,0,1,1,26.24,29.545,78,8.9981,4,178,182
2012-08-01 07:00:00,3,0,1,2,26.24,28.79,83,8.9981,17,469,486
2012-08-01 08:00:00,3,0,1,2,27.06,30.305,78,12.998,32,647,679
2012-08-01 09:00:00,3,0,1,2,27.88,31.82,74,6.0032,35,316,351
2012-08-01 10:00:00,3,0,1,1,29.52,34.09,66,6.0032,60,177,237
2012-08-01 11:00:00,3,0,1,1,31.16,35.605,58,6.0032,53,179,232
2012-08-01 12:00:00,3,0,1,1,32.8,37.12,49,7.0015,71,212,283
2012-08-01 13:00:00,3,0,1,1,32.8,37.12,52,11.0014,58,223,281
2012-08-01 14:00:00,3,0,1,1,33.62,37.88,46,11.0014,87,169,256
2012-08-01 15:00:00,3,0,1,1,33.62,37.88,46,11.0014,89,202,291
2012-08-01 16:00:00,3,0,1,1,32.8,37.88,55,19.0012,93,387,480
2012-08-01 17:00:00,3,0,1,1,32.8,37.12,49,11.0014,103,735,838
2012-08-01 18:00:00,3,0,1,3,31.16,35.605,62,15.0013,104,787,891
2012-08-01 19:00:00,3,0,1,1,30.34,34.85,66,16.9979,85,564,649
2012-08-01 20:00:00,3,0,1,1,30.34,34.85,66,11.0014,64,448,512
2012-08-01 21:00:00,3,0,1,1,29.52,34.09,70,8.9981,33,287,320
2012-08-01 22:00:00,3,0,1,1,29.52,34.09,70,7.0015,37,248,285
2012-08-01 23:00:00,3,0,1,1,28.7,33.335,74,0.0,17,141,158
2012-08-02 00:00:00,3,0,1,1,28.7,33.335,74,0.0,8,54,62
2012-08-02 01:00:00,3,0,1,1,27.88,31.82,79,7.0015,6,34,40
2012-08-02 02:00:00,3,0,1,1,27.06,30.305,83,6.0032,5,8,13
2012-08-02 03:00:00,3,0,1,1,27.06,30.305,83,0.0,0,7,7
2012-08-02 04:00:00,3,0,1,1,27.06,30.305,83,0.0,0,12,12
2012-08-02 05:00:00,3,0,1,1,27.06,29.545,89,8.9981,3,35,38
2012-08-02 06:00:00,3,0,1,1,27.06,30.305,83,0.0,5,183,188
2012-08-02 07:00:00,3,0,1,1,28.7,33.335,79,0.0,19,457,476
2012-08-02 08:00:00,3,0,1,1,29.52,34.85,74,7.0015,20,718,738
2012-08-02 09:00:00,3,0,1,1,31.16,36.365,66,7.0015,32,314,346
2012-08-02 10:00:00,3,0,1,1,32.8,37.88,55,0.0,51,130,181
2012-08-02 11:00:00,3,0,1,1,33.62,38.635,52,7.0015,58,166,224
2012-08-02 12:00:00,3,0,1,1,34.44,37.88,44,8.9981,57,228,285
2012-08-02 13:00:00,3,0,1,1,35.26,39.395,44,15.0013,97,205,302
2012-08-02 14:00:00,3,0,1,1,35.26,39.395,41,8.9981,55,168,223
2012-08-02 15:00:00,3,0,1,1,31.98,37.12,62,31.0009,67,204,271
2012-08-02 16:00:00,3,0,1,1,33.62,37.88,46,12.998,72,335,407
2012-08-02 17:00:00,3,0,1,1,33.62,38.635,52,16.9979,89,775,864
2012-08-02 18:00:00,3,0,1,1,32.8,38.635,59,15.0013,83,677,760
2012-08-02 19:00:00,3,0,1,1,32.8,39.395,63,11.0014,95,508,603
2012-08-02 20:00:00,3,0,1,1,31.98,37.88,66,0.0,50,372,422
2012-08-02 21:00:00,3,0,1,1,31.16,36.365,66,15.0013,38,303,341
2012-08-02 22:00:00,3,0,1,1,30.34,34.85,70,12.998,33,222,255
2012-08-02 23:00:00,3,0,1,1,29.52,34.09,70,16.9979,25,153,178
2012-08-03 00:00:00,3,0,1,1,29.52,34.09,70,12.998,14,59,73
2012-08-03 01:00:00,3,0,1,1,28.7,33.335,74,12.998,10,33,43
2012-08-03 02:00:00,3,0,1,1,27.88,31.82,79,15.0013,0,16,16
2012-08-03 03:00:00,3,0,1,1,27.88,31.82,79,15.0013,1,3,4
2012-08-03 04:00:00,3,0,1,1,27.06,30.305,83,16.9979,2,7,9
2012-08-03 05:00:00,3,0,1,1,27.06,30.305,83,11.0014,4,31,35
2012-08-03 06:00:00,3,0,1,1,27.06,30.305,83,15.0013,5,161,166
2012-08-03 07:00:00,3,0,1,1,28.7,33.335,74,7.0015,23,391,414
2012-08-03 08:00:00,3,0,1,1,29.52,34.09,70,8.9981,32,634,666
2012-08-03 09:00:00,3,0,1,2,30.34,34.85,66,7.0015,69,333,402
2012-08-03 10:00:00,3,0,1,2,32.8,37.12,52,12.998,82,167,249
2012-08-03 11:00:00,3,0,1,2,34.44,39.395,49,19.0012,78,185,263
2012-08-03 12:00:00,3,0,1,2,35.26,40.91,50,19.9995,97,236,333
2012-08-03 13:00:00,3,0,1,2,35.26,40.15,47,19.0012,98,245,343
2012-08-03 14:00:00,3,0,1,2,35.26,39.395,44,16.9979,102,235,337
2012-08-03 15:00:00,3,0,1,1,36.08,40.91,42,16.9979,111,271,382
2012-08-03 16:00:00,3,0,1,2,35.26,39.395,41,15.0013,110,378,488
2012-08-03 17:00:00,3,0,1,2,34.44,40.15,53,19.0012,93,647,740
2012-08-03 18:00:00,3,0,1,2,33.62,40.15,59,16.9979,97,574,671
2012-08-03 19:00:00,3,0,1,2,32.8,39.395,63,15.0013,82,385,467
2012-08-03 20:00:00,3,0,1,2,31.98,37.88,66,15.0013,88,295,383
2012-08-03 21:00:00,3,0,1,2,31.16,36.365,66,12.998,52,222,274
2012-08-03 22:00:00,3,0,1,1,31.16,36.365,70,16.9979,47,159,206
2012-08-03 23:00:00,3,0,1,1,30.34,35.605,79,8.9981,25,169,194
2012-08-04 00:00:00,3,0,0,1,30.34,35.605,79,11.0014,24,138,162
2012-08-04 01:00:00,3,0,0,1,29.52,35.605,84,12.998,21,104,125
2012-08-04 02:00:00,3,0,0,1,29.52,35.605,84,8.9981,19,57,76
2012-08-04 03:00:00,3,0,0,1,29.52,35.605,84,8.9981,10,22,32
2012-08-04 04:00:00,3,0,0,1,29.52,34.85,79,12.998,1,14,15
2012-08-04 05:00:00,3,0,0,1,28.7,33.335,84,15.0013,2,14,16
2012-08-04 06:00:00,3,0,0,1,28.7,33.335,84,15.0013,9,37,46
2012-08-04 07:00:00,3,0,0,1,29.52,34.85,77,11.0014,17,50,67
2012-08-04 08:00:00,3,0,0,1,30.34,36.365,72,12.998,48,130,178
2012-08-04 09:00:00,3,0,0,1,31.98,37.88,65,15.0013,60,212,272
2012-08-04 10:00:00,3,0,0,1,33.62,38.635,57,12.998,108,288,396
2012-08-04 11:00:00,3,0,0,1,35.26,40.15,47,16.9979,154,315,469
2012-08-04 12:00:00,3,0,0,1,35.26,39.395,40,23.9994,222,324,546
2012-08-04 13:00:00,3,0,0,1,36.08,40.91,42,19.9995,191,335,526
2012-08-04 14:00:00,3,0,0,1,36.08,40.15,40,26.0027,184,293,477
2012-08-04 15:00:00,3,0,0,1,36.08,40.91,42,27.9993,204,285,489
2012-08-04 16:00:00,3,0,0,1,36.9,40.91,39,19.9995,197,253,450
2012-08-04 17:00:00,3,0,0,1,36.08,39.395,37,19.9995,178,312,490
2012-08-04 18:00:00,3,0,0,1,35.26,39.395,41,22.0028,169,321,490
2012-08-04 19:00:00,3,0,0,1,33.62,38.635,52,23.9994,131,260,391
2012-08-04 20:00:00,3,0,0,1,33.62,38.635,52,19.9995,117,198,315
2012-08-04 21:00:00,3,0,0,1,32.8,38.635,59,16.9979,95,189,284
2012-08-04 22:00:00,3,0,0,1,31.16,36.365,66,19.0012,103,169,272
2012-08-04 23:00:00,3,0,0,1,31.16,36.365,66,19.9995,61,159,220
2012-08-05 00:00:00,3,0,0,1,30.34,34.85,70,19.0012,32,120,152
2012-08-05 01:00:00,3,0,0,1,30.34,34.85,70,16.9979,7,79,86
2012-08-05 02:00:00,3,0,0,1,30.34,34.85,70,19.9995,5,70,75
2012-08-05 03:00:00,3,0,0,1,29.52,34.85,74,16.9979,9,25,34
2012-08-05 04:00:00,3,0,0,1,29.52,34.85,74,16.9979,1,8,9
2012-08-05 05:00:00,3,0,0,1,29.52,34.85,74,16.9979,0,14,14
2012-08-05 06:00:00,3,0,0,1,29.52,34.85,79,16.9979,7,11,18
2012-08-05 07:00:00,3,0,0,1,30.34,35.605,74,19.9995,17,52,69
2012-08-05 08:00:00,3,0,0,1,31.16,36.365,66,22.0028,27,81,108
2012-08-05 09:00:00,3,0,0,1,32.8,38.635,59,23.9994,62,166,228
2012-08-05 10:00:00,3,0,0,1,32.8,38.635,59,27.9993,112,249,361
2012-08-05 11:00:00,3,0,0,1,33.62,39.395,56,27.9993,154,281,435
2012-08-05 12:00:00,3,0,0,1,35.26,40.15,47,35.0008,161,330,491
2012-08-05 13:00:00,3,0,0,1,36.08,40.91,44,31.0009,207,311,518
2012-08-05 14:00:00,3,0,0,1,36.9,42.425,42,31.0009,161,361,522
2012-08-05 15:00:00,3,0,0,1,36.9,40.91,37,35.0008,163,289,452
2012-08-05 16:00:00,3,0,0,1,33.62,37.88,46,16.9979,143,276,419
2012-08-05 17:00:00,3,0,0,1,33.62,37.88,46,16.9979,121,257,378
2012-08-05 18:00:00,3,0,0,3,28.7,33.335,74,8.9981,75,154,229
2012-08-05 19:00:00,3,0,0,1,28.7,33.335,84,15.0013,46,135,181
2012-08-05 20:00:00,3,0,0,1,28.7,33.335,84,7.0015,54,137,191
2012-08-05 21:00:00,3,0,0,1,29.52,34.85,79,7.0015,50,152,202
2012-08-05 22:00:00,3,0,0,1,29.52,34.85,79,6.0032,55,101,156
2012-08-05 23:00:00,3,0,0,2,29.52,34.85,79,11.0014,28,59,87
2012-08-06 00:00:00,3,0,1,2,29.52,34.85,79,0.0,8,30,38
2012-08-06 01:00:00,3,0,1,1,29.52,34.85,79,6.0032,2,8,10
2012-08-06 02:00:00,3,0,1,2,29.52,34.85,79,8.9981,0,9,9
2012-08-06 03:00:00,3,0,1,3,29.52,34.85,79,6.0032,1,5,6
2012-08-06 04:00:00,3,0,1,2,29.52,34.85,74,8.9981,4,5,9
2012-08-06 05:00:00,3,0,1,1,28.7,33.335,79,12.998,2,22,24
2012-08-06 06:00:00,3,0,1,2,28.7,33.335,79,15.0013,3,137,140
2012-08-06 07:00:00,3,0,1,3,29.52,34.09,70,12.998,14,394,408
2012-08-06 08:00:00,3,0,1,2,28.7,33.335,79,0.0,26,577,603
2012-08-06 09:00:00,3,0,1,3,28.7,33.335,79,11.0014,28,249,277
2012-08-06 10:00:00,3,0,1,1,30.34,34.85,70,15.0013,55,152,207
2012-08-06 11:00:00,3,0,1,1,31.16,36.365,66,8.9981,108,155,263
2012-08-06 12:00:00,3,0,1,2,31.98,36.365,55,6.0032,72,212,284
2012-08-06 13:00:00,3,0,1,1,32.8,37.12,49,15.0013,86,204,290
2012-08-06 14:00:00,3,0,1,1,33.62,37.88,46,0.0,98,189,287
2012-08-06 15:00:00,3,0,1,1,33.62,37.88,46,8.9981,90,180,270
2012-08-06 16:00:00,3,0,1,1,34.44,37.88,41,7.0015,88,364,452
2012-08-06 17:00:00,3,0,1,1,33.62,37.12,41,0.0,112,746,858
2012-08-06 18:00:00,3,0,1,1,33.62,37.12,41,8.9981,100,738,838
2012-08-06 19:00:00,3,0,1,1,31.98,37.12,59,12.998,110,529,639
2012-08-06 20:00:00,3,0,1,1,31.16,36.365,66,11.0014,89,369,458
2012-08-06 21:00:00,3,0,1,1,30.34,34.85,70,12.998,72,248,320
2012-08-06 22:00:00,3,0,1,1,30.34,34.85,70,6.0032,49,162,211
2012-08-06 23:00:00,3,0,1,1,29.52,34.85,74,12.998,17,96,113
2012-08-07 00:00:00,3,0,1,1,28.7,33.335,84,12.998,16,32,48
2012-08-07 01:00:00,3,0,1,1,28.7,33.335,84,8.9981,2,17,19
2012-08-07 02:00:00,3,0,1,1,28.7,33.335,84,8.9981,4,10,14
2012-08-07 03:00:00,3,0,1,1,28.7,33.335,84,0.0,0,10,10
2012-08-07 04:00:00,3,0,1,1,27.88,31.82,83,8.9981,3,14,17
2012-08-07 05:00:00,3,0,1,1,28.7,33.335,79,7.0015,1,38,39
2012-08-07 06:00:00,3,0,1,2,28.7,33.335,79,12.998,4,176,180
2012-08-07 07:00:00,3,0,1,2,28.7,33.335,74,8.9981,20,485,505
2012-08-07 08:00:00,3,0,1,2,28.7,32.575,70,11.0014,42,663,705
2012-08-07 09:00:00,3,0,1,2,28.7,33.335,74,8.9981,44,285,329
2012-08-07 10:00:00,3,0,1,2,30.34,34.85,70,8.9981,89,162,251
2012-08-07 11:00:00,3,0,1,2,31.16,36.365,66,6.0032,85,126,211
2012-08-07 12:00:00,3,0,1,2,32.8,37.88,55,8.9981,84,195,279
2012-08-07 13:00:00,3,0,1,2,32.8,37.12,52,12.998,66,184,250
2012-08-07 14:00:00,3,0,1,2,33.62,37.88,46,0.0,76,184,260
2012-08-07 15:00:00,3,0,1,1,32.8,37.12,52,0.0,99,210,309
2012-08-07 16:00:00,3,0,1,3,31.16,36.365,66,19.0012,99,342,441
2012-08-07 17:00:00,3,0,1,2,31.98,37.12,62,8.9981,124,743,867
2012-08-07 18:00:00,3,0,1,2,31.16,35.605,62,11.0014,102,711,813
2012-08-07 19:00:00,3,0,1,2,31.16,36.365,66,7.0015,104,505,609
2012-08-07 20:00:00,3,0,1,2,30.34,34.85,70,8.9981,73,372,445
2012-08-07 21:00:00,3,0,1,2,29.52,34.85,74,0.0,71,250,321
2012-08-07 22:00:00,3,0,1,1,29.52,34.85,74,7.0015,43,179,222
2012-08-07 23:00:00,3,0,1,1,29.52,34.85,79,0.0,17,120,137
2012-08-08 00:00:00,3,0,1,1,28.7,33.335,84,0.0,12,43,55
2012-08-08 01:00:00,3,0,1,1,29.52,34.85,79,0.0,2,18,20
2012-08-08 02:00:00,3,0,1,1,28.7,33.335,84,0.0,-1,5,4
2012-08-08 03:00:00,3,0,1,1,28.7,33.335,84,0.0,1,9,10
2012-08-08 04:00:00,3,0,1,1,28.7,33.335,84,0.0,1,8,9
2012-08-08 05:00:00,3,0,1,2,27.88,31.82,89,11.0014,3,34,37
2012-08-08 06:00:00,3,0,1,2,28.7,33.335,84,11.0014,5,162,167
2012-08-08 07:00:00,3,0,1,2,28.7,33.335,84,11.0014,23,459,482
2012-08-08 08:00:00,3,0,1,2,30.34,36.365,72,6.0032,46,692,738
2012-08-08 09:00:00,3,0,1,2,31.16,36.365,66,0.0,33,309,342
2012-08-08 10:00:00,3,0,1,2,32.8,37.12,52,8.9981,62,149,211
2012-08-08 11:00:00,3,0,1,2,32.8,37.12,52,0.0,79,164,243
2012-08-08 12:00:00,3,0,1,2,32.8,37.12,52,0.0,61,218,279
2012-08-08 13:00:00,3,0,1,2,32.8,37.12,52,0.0,99,215,314
2012-08-08 14:00:00,3,0,1,2,32.8,37.12,52,16.9979,64,167,231
2012-08-08 15:00:00,3,0,1,2,34.44,37.88,44,12.998,111,172,283
2012-08-08 16:00:00,3,0,1,2,32.8,37.12,49,19.0012,112,329,441
2012-08-08 17:00:00,3,0,1,2,32.8,37.88,55,19.0012,106,755,861
2012-08-08 18:00:00,3,0,1,2,31.98,36.365,55,11.0014,117,746,863
2012-08-08 19:00:00,3,0,1,1,31.16,36.365,66,15.0013,118,570,688
2012-08-08 20:00:00,3,0,1,1,30.34,34.85,66,12.998,76,424,500
2012-08-08 21:00:00,3,0,1,1,30.34,34.85,66,7.0015,68,309,377
2012-08-08 22:00:00,3,0,1,1,29.52,34.85,74,7.0015,35,200,235
2012-08-08 23:00:00,3,0,1,1,29.52,34.09,70,8.9981,16,116,132
2012-08-09 00:00:00,3,0,1,1,29.52,34.85,74,12.998,17,45,62
2012-08-09 01:00:00,3,0,1,1,28.7,33.335,79,8.9981,5,20,25
2012-08-09 02:00:00,3,0,1,1,28.7,33.335,84,6.0032,0,12,12
2012-08-09 03:00:00,3,0,1,1,27.88,31.82,83,6.0032,1,2,3
2012-08-09 04:00:00,3,0,1,2,27.88,31.82,89,8.9981,0,16,16
2012-08-09 05:00:00,3,0,1,2,27.06,29.545,94,0.0,2,36,38
2012-08-09 06:00:00,3,0,1,1,27.06,30.305,83,11.0014,6,162,168
2012-08-09 07:00:00,3,0,1,2,28.7,33.335,84,11.0014,23,448,471
2012-08-09 08:00:00,3,0,1,1,29.52,34.85,74,7.0015,27,668,695
2012-08-09 09:00:00,3,0,1,1,31.16,36.365,66,11.0014,53,299,352
2012-08-09 10:00:00,3,0,1,1,32.8,37.88,55,15.0013,72,132,204
2012-08-09 11:00:00,3,0,1,1,34.44,37.88,44,0.0,93,164,257
2012-08-09 12:00:00,3,0,1,1,34.44,37.88,44,7.0015,83,191,274
2012-08-09 13:00:00,3,0,1,1,35.26,39.395,41,7.0015,80,200,280
2012-08-09 14:00:00,3,0,1,1,36.08,38.635,32,15.0013,86,159,245
2012-08-09 15:00:00,3,0,1,1,36.08,38.635,32,15.0013,62,207,269
2012-08-09 16:00:00,3,0,1,1,35.26,38.635,39,16.9979,95,320,415
2012-08-09 17:00:00,3,0,1,1,35.26,37.88,36,16.9979,110,699,809
2012-08-09 18:00:00,3,0,1,2,33.62,37.88,46,16.9979,78,729,807
2012-08-09 19:00:00,3,0,1,1,32.8,37.88,55,12.998,90,532,622
2012-08-09 20:00:00,3,0,1,1,28.7,32.575,54,19.0012,91,387,478
2012-08-09 21:00:00,3,0,1,2,28.7,32.575,58,11.0014,49,284,333
2012-08-09 22:00:00,3,0,1,2,27.06,31.06,69,15.0013,38,219,257
2012-08-09 23:00:00,3,0,1,1,27.06,31.06,74,0.0,17,136,153
2012-08-10 00:00:00,3,0,1,1,28.7,32.575,65,6.0032,16,69,85
2012-08-10 01:00:00,3,0,1,1,28.7,32.575,65,7.0015,6,30,36
2012-08-10 02:00:00,3,0,1,1,28.7,33.335,74,11.0014,6,8,14
2012-08-10 03:00:00,3,0,1,2,29.52,34.85,79,12.998,3,7,10
2012-08-10 04:00:00,3,0,1,3,28.7,33.335,84,19.0012,0,2,2
2012-08-10 05:00:00,3,0,1,3,28.7,33.335,84,19.0012,5,28,33
2012-08-10 06:00:00,3,0,1,3,26.24,28.79,89,19.9995,3,42,45
2012-08-10 07:00:00,3,0,1,3,26.24,28.79,89,7.0015,4,131,135
2012-08-10 08:00:00,3,0,1,3,25.42,27.275,91,11.0014,7,112,119
2012-08-10 09:00:00,3,0,1,2,26.24,28.79,89,0.0,22,205,227
2012-08-10 10:00:00,3,0,1,1,27.06,29.545,89,7.0015,28,163,191
2012-08-10 11:00:00,3,0,1,3,27.88,31.82,79,8.9981,73,176,249
2012-08-10 12:00:00,3,0,1,2,30.34,34.85,66,23.9994,73,240,313
2012-08-10 13:00:00,3,0,1,2,31.16,35.605,58,23.9994,64,220,284
2012-08-10 14:00:00,3,0,1,1,31.16,35.605,58,23.9994,71,237,308
2012-08-10 15:00:00,3,0,1,1,32.8,37.12,52,30.0026,99,220,319
2012-08-10 16:00:00,3,0,1,1,31.98,36.365,55,19.9995,95,374,469
2012-08-10 17:00:00,3,0,1,1,32.8,37.12,52,19.0012,112,617,729
2012-08-10 18:00:00,3,0,1,1,31.16,35.605,62,19.9995,88,553,641
2012-08-10 19:00:00,3,0,1,1,31.16,35.605,62,19.0012,96,395,491
2012-08-10 20:00:00,3,0,1,1,30.34,34.85,66,19.9995,55,317,372
2012-08-10 21:00:00,3,0,1,1,30.34,34.85,66,16.9979,51,238,289
2012-08-10 22:00:00,3,0,1,1,29.52,34.85,74,19.0012,49,169,218
2012-08-10 23:00:00,3,0,1,1,29.52,34.09,70,19.0012,34,159,193
2012-08-11 00:00:00,3,0,0,1,28.7,32.575,70,19.0012,37,144,181
2012-08-11 01:00:00,3,0,0,1,27.06,31.06,74,15.0013,34,79,113
2012-08-11 02:00:00,3,0,0,3,26.24,29.545,78,12.998,18,64,82
2012-08-11 03:00:00,3,0,0,3,25.42,28.79,83,11.0014,1,20,21
2012-08-11 04:00:00,3,0,0,1,25.42,28.79,83,7.0015,4,8,12
2012-08-11 05:00:00,3,0,0,1,25.42,28.03,88,7.0015,2,8,10
2012-08-11 06:00:00,3,0,0,2,25.42,28.03,88,7.0015,5,15,20
2012-08-11 07:00:00,3,0,0,1,26.24,28.79,83,6.0032,8,55,63
2012-08-11 08:00:00,3,0,0,1,27.06,30.305,83,7.0015,31,128,159
2012-08-11 09:00:00,3,0,0,1,27.88,31.82,79,12.998,54,211,265
2012-08-11 10:00:00,3,0,0,1,29.52,34.09,62,6.0032,125,280,405
2012-08-11 11:00:00,3,0,0,1,30.34,34.85,66,11.0014,203,295,498
2012-08-11 12:00:00,3,0,0,1,31.16,35.605,58,15.0013,214,328,542
2012-08-11 13:00:00,3,0,0,1,32.8,37.12,49,23.9994,226,342,568
2012-08-11 14:00:00,3,0,0,1,32.8,37.12,49,19.9995,247,297,544
2012-08-11 15:00:00,3,0,0,1,32.8,36.365,46,19.0012,247,310,557
2012-08-11 16:00:00,3,0,0,1,32.8,36.365,46,19.9995,228,301,529
2012-08-11 17:00:00,3,0,0,3,30.34,34.85,66,23.9994,220,288,508
2012-08-11 18:00:00,3,0,0,2,28.7,33.335,74,19.9995,108,191,299
2012-08-11 19:00:00,3,0,0,2,27.06,29.545,89,7.0015,96,176,272
2012-08-11 20:00:00,3,0,0,3,27.06,29.545,89,27.9993,30,125,155
2012-08-11 21:00:00,3,0,0,2,27.06,29.545,89,11.0014,25,96,121
2012-08-11 22:00:00,3,0,0,2,27.06,29.545,89,11.0014,39,127,166
2012-08-11 23:00:00,3,0,0,3,27.06,30.305,78,11.0014,43,123,166
2012-08-12 00:00:00,3,0,0,2,26.24,30.305,73,8.9981,23,92,115
2012-08-12 01:00:00,3,0,0,1,25.42,29.545,78,8.9981,21,92,113
2012-08-12 02:00:00,3,0,0,1,26.24,30.305,69,8.9981,21,66,87
2012-08-12 03:00:00,3,0,0,1,25.42,29.545,73,6.0032,10,34,44
2012-08-12 04:00:00,3,0,0,1,26.24,30.305,69,6.0032,1,9,10
2012-08-12 05:00:00,3,0,0,1,26.24,31.06,61,12.998,-1,10,9
2012-08-12 06:00:00,3,0,0,1,26.24,30.305,65,11.0014,2,14,16
2012-08-12 07:00:00,3,0,0,1,26.24,30.305,65,8.9981,9,38,47
2012-08-12 08:00:00,3,0,0,1,27.06,31.06,54,15.0013,35,81,116
2012-08-12 09:00:00,3,0,0,1,28.7,32.575,48,15.0013,64,148,212
2012-08-12 10:00:00,3,0,0,1,28.7,32.575,51,11.0014,88,242,330
2012-08-12 11:00:00,3,0,0,1,30.34,33.335,42,11.0014,168,278,446
2012-08-12 12:00:00,3,0,0,1,30.34,33.335,42,12.998,162,345,507
2012-08-12 13:00:00,3,0,0,1,31.98,34.85,40,0.0,177,362,539
2012-08-12 14:00:00,3,0,0,1,31.16,34.09,40,12.998,210,362,572
2012-08-12 15:00:00,3,0,0,1,31.16,34.09,40,8.9981,233,337,570
2012-08-12 16:00:00,3,0,0,1,31.16,34.09,40,7.0015,212,303,515
2012-08-12 17:00:00,3,0,0,1,32.8,34.85,33,0.0,185,318,503
2012-08-12 18:00:00,3,0,0,1,31.98,34.09,35,7.0015,164,325,489
2012-08-12 19:00:00,3,0,0,1,30.34,32.575,40,8.9981,147,313,460
2012-08-12 20:00:00,3,0,0,1,29.52,32.575,45,0.0,98,201,299
2012-08-12 21:00:00,3,0,0,1,29.52,33.335,51,6.0032,77,142,219
2012-08-12 22:00:00,3,0,0,1,28.7,32.575,58,8.9981,40,142,182
2012-08-12 23:00:00,3,0,0,1,27.88,31.82,61,0.0,24,88,112
2012-08-13 00:00:00,3,0,1,1,27.06,31.06,65,7.0015,14,38,52
2012-08-13 01:00:00,3,0,1,1,27.06,31.06,65,6.0032,3,11,14
2012-08-13 02:00:00,3,0,1,1,26.24,30.305,69,7.0015,2,7,9
2012-08-13 03:00:00,3,0,1,1,26.24,30.305,69,0.0,2,2,4
2012-08-13 04:00:00,3,0,1,1,26.24,30.305,69,7.0015,0,8,8
2012-08-13 05:00:00,3,0,1,1,26.24,30.305,69,7.0015,3,33,36
2012-08-13 06:00:00,3,0,1,1,25.42,29.545,73,6.0032,3,157,160
2012-08-13 07:00:00,3,0,1,1,27.06,31.06,65,8.9981,10,422,432
2012-08-13 08:00:00,3,0,1,2,29.52,33.335,51,6.0032,24,646,670
2012-08-13 09:00:00,3,0,1,2,30.34,33.335,45,0.0,40,267,307
2012-08-13 10:00:00,3,0,1,2,31.16,34.09,40,0.0,88,111,199
2012-08-13 11:00:00,3,0,1,1,31.16,34.09,40,6.0032,92,145,237
2012-08-13 12:00:00,3,0,1,1,31.98,34.85,40,12.998,97,178,275
2012-08-13 13:00:00,3,0,1,1,31.98,34.85,40,11.0014,77,179,256
2012-08-13 14:00:00,3,0,1,1,32.8,34.85,33,7.0015,84,164,248
2012-08-13 15:00:00,3,0,1,1,33.62,36.365,34,15.0013,77,194,271
2012-08-13 16:00:00,3,0,1,1,32.8,35.605,36,6.0032,116,347,463
2012-08-13 17:00:00,3,0,1,1,32.8,35.605,36,11.0014,101,719,820
2012-08-13 18:00:00,3,0,1,1,31.16,34.85,52,19.0012,101,709,810
2012-08-13 19:00:00,3,0,1,1,30.34,34.09,58,11.0014,88,466,554
2012-08-13 20:00:00,3,0,1,1,30.34,34.09,62,15.0013,57,375,432
2012-08-13 21:00:00,3,0,1,1,29.52,34.09,66,12.998,43,244,287
2012-08-13 22:00:00,3,0,1,1,29.52,34.09,62,22.0028,45,147,192
2012-08-13 23:00:00,3,0,1,1,28.7,32.575,70,15.0013,27,106,133
2012-08-14 00:00:00,3,0,1,1,28.7,33.335,74,15.0013,11,48,59
2012-08-14 01:00:00,3,0,1,1,27.88,31.82,79,16.9979,9,17,26
2012-08-14 02:00:00,3,0,1,2,27.88,31.82,83,12.998,1,7,8
2012-08-14 03:00:00,3,0,1,2,27.88,31.82,83,12.998,0,5,5
2012-08-14 04:00:00,3,0,1,2,27.88,31.82,83,12.998,-1,2,1
2012-08-14 05:00:00,3,0,1,2,27.88,31.82,89,12.998,1,28,29
2012-08-14 06:00:00,3,0,1,3,26.24,28.79,83,12.998,1,66,67
2012-08-14 07:00:00,3,0,1,2,27.06,30.305,83,6.0032,1,182,183
2012-08-14 08:00:00,3,0,1,2,27.06,29.545,89,6.0032,25,594,619
2012-08-14 09:00:00,3,0,1,2,28.7,33.335,74,0.0,47,351,398
2012-08-14 10:00:00,3,0,1,1,28.7,33.335,79,7.0015,51,155,206
2012-08-14 11:00:00,3,0,1,1,30.34,34.09,62,0.0,71,132,203
2012-08-14 12:00:00,3,0,1,1,31.98,35.605,49,8.9981,92,204,296
2012-08-14 13:00:00,3,0,1,1,32.8,36.365,46,6.0032,82,205,287
2012-08-14 14:00:00,3,0,1,1,33.62,37.12,41,15.0013,79,173,252
2012-08-14 15:00:00,3,0,1,1,33.62,37.88,46,15.0013,84,197,281
2012-08-14 16:00:00,3,0,1,1,33.62,37.12,43,15.0013,95,365,460
2012-08-14 17:00:00,3,0,1,3,31.16,36.365,66,16.9979,78,727,805
2012-08-14 18:00:00,3,0,1,1,31.16,35.605,62,19.0012,96,760,856
2012-08-14 19:00:00,3,0,1,1,31.16,36.365,66,12.998,93,529,622
2012-08-14 20:00:00,3,0,1,1,30.34,35.605,74,15.0013,67,367,434
2012-08-14 21:00:00,3,0,1,1,30.34,34.09,62,15.0013,56,249,305
2012-08-14 22:00:00,3,0,1,1,29.52,34.09,66,6.0032,26,158,184
2012-08-14 23:00:00,3,0,1,1,29.52,34.09,66,11.0014,51,114,165
